timestamp,open,high,low,close,volume,vpin,vpin_regime,garch_mu,garch_vol,garch_signal,svm_pred,xgb_pred,xgb_conf,week_pos,trend_15m,decision
2026-09-15 09:23:06.880112+05:30,23800.0,23800.0,23699.79,23800.0,12701.0,0.1759,LOW_TOXICITY,-0.007597,9.1823,SELL,-1,-1,0.5,0.02,1,VETO
2026-09-15 09:23:18.665225+05:30,23485.35,23487.0,23480.05,23485.35,980337.0,0.2379,LOW_TOXICITY,0.000143,0.1622,BUY,1,1,0.9958,0.386,-1,APPROVED
2026-09-15 09:24:02.974330+05:30,23800.0,23800.0,23699.79,23800.0,12701.0,0.1759,LOW_TOXICITY,-0.007589,8.6987,SELL,-1,-1,0.5,0.02,1,VETO
2026-09-15 09:24:05.364452+05:30,23486.6,23491.15,23486.45,23486.6,389869.0,0.2379,LOW_TOXICITY,0.000146,0.1427,BUY,1,1,0.9958,0.387,-1,APPROVED
2026-09-15 09:25:05.050466+05:30,23469.9,23474.05,23466.6,23469.9,323962.0,0.2379,LOW_TOXICITY,9.9e-05,0.1605,BUY,-1,-1,0.9962,0.362,-1,VETO
2026-09-15 09:25:07.055278+05:30,23800.0,23800.0,23699.79,23800.0,12701.0,0.1759,LOW_TOXICITY,-0.007549,8.2406,SELL,-1,-1,0.5,0.02,1,VETO
2026-09-15 09:26:03.109802+05:30,23800.0,23800.0,23699.79,23800.0,12701.0,0.1759,LOW_TOXICITY,-0.007536,7.8066,SELL,-1,-1,0.5,0.02,1,VETO
2026-09-15 09:26:04.373657+05:30,23465.05,23468.65,23464.3,23465.05,215679.0,0.2379,LOW_TOXICITY,8.5e-05,0.1441,BUY,-1,-1,0.9962,0.355,-1,VETO
2026-09-15 09:27:03.705072+05:30,23459.8,23462.3,23457.9,23459.8,148931.0,0.2379,LOW_TOXICITY,7e-05,0.1319,HOLD,0,0,0.5,0.347,-1,APPROVED
2026-09-15 09:27:07.171225+05:30,23800.0,23800.0,23699.79,23800.0,12701.0,0.1759,LOW_TOXICITY,-0.007508,7.3956,SELL,-1,-1,0.5,0.02,1,VETO
2026-09-15 09:28:01.218120+05:30,23460.55,23460.8,23458.55,23460.55,204106.0,0.2379,LOW_TOXICITY,0.000178,0.1187,BUY,1,1,0.9958,0.348,-1,APPROVED
2026-09-15 09:28:03.224148+05:30,23800.0,23800.0,23699.79,23800.0,12701.0,0.1759,LOW_TOXICITY,-0.007382,1.2395,SELL,-1,-1,0.5,0.02,1,VETO
2026-09-15 09:29:01.188891+05:30,23455.7,23457.5,23454.55,23455.7,61100.0,0.2379,LOW_TOXICITY,-0.000103,0.1084,SELL,-1,-1,0.9962,0.341,-1,APPROVED
2026-09-15 09:29:07.320799+05:30,23800.0,23800.0,23699.79,23800.0,12701.0,0.1759,LOW_TOXICITY,-0.007326,1.2399,SELL,-1,-1,0.5,0.02,1,VETO
2026-09-15 09:30:03.387735+05:30,23800.0,23800.0,23699.79,23800.0,12701.0,0.1759,LOW_TOXICITY,-0.007377,1.2402,SELL,-1,-1,0.5,0.02,1,VETO
2026-09-15 09:30:03.450974+05:30,23460.0,23464.45,23460.0,23460.0,156591.0,0.2379,LOW_TOXICITY,-0.000148,0.1024,SELL,1,1,0.9962,0.347,-1,VETO
2026-09-15 09:31:03.732070+05:30,23462.6,23464.6,23460.4,23462.6,154085.0,0.2379,LOW_TOXICITY,-0.000121,0.096,SELL,1,1,0.9962,0.351,-1,VETO
2026-09-15 09:31:07.450820+05:30,23800.0,23800.0,23699.79,23800.0,12701.0,0.1759,LOW_TOXICITY,-0.007412,1.2406,SELL,-1,-1,0.5,0.02,1,VETO
2026-09-15 09:32:02.408309+05:30,23450.75,23453.1,23449.45,23450.75,61160.0,0.2379,LOW_TOXICITY,-0.000124,0.1138,SELL,-1,-1,0.9962,0.333,-1,APPROVED
2026-09-15 09:32:03.507160+05:30,23800.0,23800.0,23699.79,23800.0,12701.0,0.1773,LOW_TOXICITY,-0.00743,1.241,SELL,-1,-1,0.5,0.02,1,VETO
2026-09-15 09:33:01.547850+05:30,23456.85,23457.7,23455.3,23456.85,41280.0,0.2379,LOW_TOXICITY,-0.000126,0.1094,SELL,1,1,0.9962,0.342,-1,VETO
2026-09-15 09:33:07.595473+05:30,23800.0,23800.0,23699.79,23800.0,12701.0,0.1773,LOW_TOXICITY,-0.007349,1.2414,SELL,-1,-1,0.5,0.02,1,VETO
2026-09-15 09:34:00.412994+05:30,23458.3,23458.6,23455.9,23458.3,118437.0,0.2379,LOW_TOXICITY,-0.000111,0.1005,SELL,1,1,0.9958,0.345,-1,VETO
2026-09-15 09:34:03.653482+05:30,23800.0,23800.0,23699.79,23800.0,12701.0,0.1773,LOW_TOXICITY,-0.007338,1.2418,SELL,-1,-1,0.5,0.02,1,VETO
2026-09-15 09:35:06.043017+05:30,23458.45,23458.8,23454.85,23458.45,188436.0,0.2379,LOW_TOXICITY,-0.000123,0.0934,SELL,1,1,0.9958,0.345,-1,VETO
2026-09-15 09:35:07.724163+05:30,23800.0,23800.0,23699.79,23800.0,12701.0,0.1773,LOW_TOXICITY,-0.007179,1.2421,SELL,-1,-1,0.5,0.02,1,VETO
2026-09-15 09:36:03.777846+05:30,23800.0,23800.0,23699.79,23800.0,12701.0,0.1773,LOW_TOXICITY,-0.007195,1.2425,SELL,-1,-1,0.5,0.02,1,VETO
2026-09-15 09:36:05.062483+05:30,23450.75,23453.9,23448.9,23450.75,130496.0,0.2379,LOW_TOXICITY,-9.7e-05,0.0991,SELL,-1,-1,0.9962,0.333,-1,APPROVED
2026-09-15 09:37:05.498327+05:30,23443.1,23445.8,23442.25,23443.1,292504.0,0.2379,LOW_TOXICITY,-0.000116,0.1028,SELL,-1,-1,0.9962,0.321,-1,APPROVED
2026-09-15 09:37:07.831809+05:30,23800.0,23800.0,23699.79,23800.0,12701.0,0.1773,LOW_TOXICITY,-0.007312,1.2429,SELL,-1,-1,0.5,0.02,1,VETO
2026-09-15 09:38:03.991194+05:30,23800.0,23800.0,23699.79,23800.0,12701.0,0.1773,LOW_TOXICITY,0.0,1.2582,HOLD,0,0,0.5,0.02,1,APPROVED
2026-09-15 09:38:06.435697+05:30,23442.7,23443.15,23439.5,23442.7,283268.0,0.2379,LOW_TOXICITY,-0.000121,0.0951,SELL,-1,-1,0.9195,0.321,-1,APPROVED
2026-09-15 09:39:00.099763+05:30,23800.0,23800.0,23699.79,23800.0,12701.0,0.1773,LOW_TOXICITY,0.0,1.2584,HOLD,0,0,0.5,0.02,1,APPROVED
2026-09-15 09:39:01.009497+05:30,23443.95,23444.25,23442.1,23443.95,33450.0,0.2379,LOW_TOXICITY,-0.000121,0.0883,SELL,1,1,0.6668,0.323,-1,VETO
2026-09-15 09:40:01.607640+05:30,23456.35,23457.8,23455.2,23456.35,64576.0,0.2379,LOW_TOXICITY,-3.9e-05,0.109,HOLD,0,0,0.5,0.342,-1,APPROVED
2026-09-15 09:40:04.171669+05:30,23800.0,23800.0,23699.79,23800.0,12701.0,0.1773,LOW_TOXICITY,0.0,1.2587,HOLD,0,0,0.5,0.02,1,APPROVED
2026-09-15 09:41:00.228796+05:30,23800.0,23800.0,23699.79,23800.0,12701.0,0.1719,LOW_TOXICITY,0.0,1.2589,HOLD,0,0,0.5,0.02,1,APPROVED
2026-09-15 09:41:02.305254+05:30,23451.65,23453.2,23449.95,23451.65,87571.0,0.2379,LOW_TOXICITY,-3.8e-05,0.1021,HOLD,0,0,0.5,0.334,-1,APPROVED
2026-09-15 09:42:02.324333+05:30,23453.8,23454.4,23452.35,23453.8,47108.0,0.2379,LOW_TOXICITY,-1.7e-05,0.0948,HOLD,0,0,0.5,0.338,-1,APPROVED
2026-09-15 09:42:04.296671+05:30,23800.0,23800.0,23699.79,23800.0,12701.0,0.1719,LOW_TOXICITY,0.0,1.2591,HOLD,0,0,0.5,0.02,1,APPROVED
2026-09-15 09:43:00.350690+05:30,23800.0,23800.0,23699.79,23800.0,12701.0,0.1719,LOW_TOXICITY,0.0,1.2593,HOLD,0,0,0.5,0.02,1,APPROVED
2026-09-15 09:43:02.315465+05:30,23454.8,23456.8,23454.45,23454.8,55266.0,0.2379,LOW_TOXICITY,-1.6e-05,0.0894,HOLD,0,0,0.5,0.339,-1,APPROVED
2026-09-15 09:44:02.348768+05:30,23462.15,23462.85,23460.25,23462.15,84865.0,0.2379,LOW_TOXICITY,1.8e-05,0.0947,HOLD,0,0,0.5,0.35,-1,APPROVED
2026-09-15 09:44:04.418503+05:30,23800.0,23800.0,23699.79,23800.0,12701.0,0.1719,LOW_TOXICITY,0.0,1.2596,HOLD,0,0,0.5,0.02,1,APPROVED
2026-09-15 09:45:00.479864+05:30,23800.0,23800.0,23699.79,23800.0,12701.0,0.1719,LOW_TOXICITY,0.0,1.2598,HOLD,0,0,0.5,0.02,1,APPROVED
2026-09-15 09:45:02.960518+05:30,23444.7,23448.05,23443.85,23444.7,92910.0,0.2379,LOW_TOXICITY,-4.3e-05,0.1314,HOLD,0,0,0.5,0.324,-1,APPROVED
2026-09-15 09:46:04.540201+05:30,23800.0,23800.0,23699.79,23800.0,12701.0,0.1719,LOW_TOXICITY,0.0,1.26,HOLD,0,0,0.5,0.02,1,APPROVED
2026-09-15 09:46:03.880516+05:30,23442.3,23442.35,23439.0,23442.3,55995.0,0.2379,LOW_TOXICITY,-5.8e-05,0.1152,HOLD,0,0,0.5,0.32,-1,APPROVED
2026-09-15 09:47:00.596303+05:30,23800.0,23800.0,23699.79,23800.0,12701.0,0.1719,LOW_TOXICITY,0.0,1.2602,HOLD,0,0,0.5,0.02,1,APPROVED
2026-09-15 09:47:05.186840+05:30,23437.4,23438.6,23436.3,23437.4,73853.0,0.2379,LOW_TOXICITY,-3.8e-05,0.1066,HOLD,0,0,0.5,0.313,-1,APPROVED
2026-09-15 09:48:02.704241+05:30,23436.75,23437.2,23432.45,23436.75,38921.0,0.2379,LOW_TOXICITY,-5.7e-05,0.0972,HOLD,0,0,0.5,0.312,-1,APPROVED
2026-09-15 09:48:04.655570+05:30,23800.0,23800.0,23699.79,23800.0,12701.0,0.1719,LOW_TOXICITY,0.0,2.1376,HOLD,0,0,0.5,0.02,1,APPROVED
2026-09-15 09:49:00.744549+05:30,23800.0,23800.0,23699.79,23800.0,12701.0,0.1719,LOW_TOXICITY,0.0,2.1386,HOLD,0,0,0.5,0.02,1,APPROVED
2026-09-15 09:49:07.007866+05:30,23426.0,23430.15,23424.25,23426.0,169156.0,0.2406,LOW_TOXICITY,-9.2e-05,0.1138,SELL,-1,-1,0.9926,0.295,-1,APPROVED
2026-09-15 09:50:00.861349+05:30,23417.25,23418.45,23416.1,23417.25,42855.0,0.2406,LOW_TOXICITY,-0.000117,0.1153,SELL,-1,-1,0.9777,0.282,-1,APPROVED
2026-09-15 09:50:04.791648+05:30,23800.0,23800.0,23699.79,23800.0,12701.0,0.1719,LOW_TOXICITY,0.0,2.1396,HOLD,0,0,0.5,0.02,1,APPROVED
2026-09-15 09:51:00.852606+05:30,23800.0,23800.0,23699.79,23800.0,12701.0,0.1672,LOW_TOXICITY,0.0,2.1406,HOLD,0,0,0.5,0.02,1,APPROVED
2026-09-15 09:51:03.401274+05:30,23423.25,23423.65,23421.8,23423.25,73906.0,0.2406,LOW_TOXICITY,-7.8e-05,0.11,HOLD,0,0,0.5,0.291,-1,APPROVED
2026-09-15 09:52:04.892452+05:30,23800.0,23800.0,23699.79,23800.0,12701.0,0.1672,LOW_TOXICITY,0.0,2.1417,HOLD,0,0,0.5,0.02,1,APPROVED
2026-09-15 09:52:04.322984+05:30,23420.7,23422.5,23419.75,23420.7,100400.0,0.2406,LOW_TOXICITY,-6.4e-05,0.1014,HOLD,0,0,0.5,0.287,-1,APPROVED
2026-09-15 09:53:01.024234+05:30,23800.0,23800.0,23699.79,23800.0,12701.0,0.1672,LOW_TOXICITY,0.0,2.1427,HOLD,0,0,0.5,0.02,1,APPROVED
2026-09-15 09:53:04.919545+05:30,23411.15,23412.85,23408.45,23411.15,92359.0,0.2406,LOW_TOXICITY,-9e-05,0.1094,SELL,-1,-1,0.9639,0.273,-1,APPROVED
2026-09-15 09:54:05.077612+05:30,23800.0,23800.0,23699.79,23800.0,12701.0,0.1672,LOW_TOXICITY,0.0,2.1437,HOLD,0,0,0.5,0.02,1,APPROVED
2026-09-15 09:54:05.383518+05:30,23408.6,23412.45,23408.35,23408.6,151486.0,0.2406,LOW_TOXICITY,-0.000101,0.101,SELL,-1,-1,0.9282,0.269,-1,APPROVED
2026-09-15 09:55:01.132044+05:30,23800.0,23800.0,23699.79,23800.0,12701.0,0.1672,LOW_TOXICITY,0.0,2.1447,HOLD,0,0,0.5,0.02,1,APPROVED
2026-09-15 09:55:06.211615+05:30,23400.8,23404.35,23399.45,23400.8,293319.0,0.2406,LOW_TOXICITY,-0.000158,0.1042,SELL,-1,-1,0.579,0.257,-1,APPROVED
2026-09-15 09:56:00.254072+05:30,23395.05,23395.05,23392.25,23395.05,80217.0,0.2406,LOW_TOXICITY,-0.000161,0.1018,SELL,-1,-1,0.5849,0.248,-1,APPROVED
2026-09-15 09:56:05.191383+05:30,23800.0,23800.0,23699.79,23800.0,12701.0,0.1672,LOW_TOXICITY,0.0,2.1457,HOLD,0,0,0.5,0.02,1,APPROVED
2026-09-15 09:57:01.245951+05:30,23800.0,23800.0,23699.79,23800.0,12701.0,0.1672,LOW_TOXICITY,0.0,2.1468,HOLD,0,0,0.5,0.02,1,APPROVED
2026-09-15 09:57:00.547790+05:30,23378.35,23382.2,23376.85,23378.35,123771.0,0.2406,LOW_TOXICITY,-0.000215,0.1359,SELL,-1,-1,0.5256,0.223,-1,APPROVED
2026-09-15 09:58:01.370654+05:30,23378.85,23379.4,23376.95,23378.85,39567.0,0.2406,LOW_TOXICITY,-0.000216,0.1204,SELL,1,1,0.659,0.224,-1,VETO
2026-09-15 09:58:05.301038+05:30,23800.0,23800.0,23699.79,23800.0,12701.0,0.1672,LOW_TOXICITY,0.0,1.4429,HOLD,0,0,0.5,0.02,1,APPROVED
2026-09-15 09:59:01.385015+05:30,23800.0,23800.0,23699.79,23800.0,12701.0,0.1672,LOW_TOXICITY,0.0,1.4435,HOLD,0,0,0.5,0.02,1,APPROVED
2026-09-15 09:59:02.056247+05:30,23385.75,23387.05,23383.55,23385.75,126978.0,0.2406,LOW_TOXICITY,-0.000217,0.1101,SELL,1,1,0.7015,0.234,-1,VETO
2026-09-15 10:00:02.633466+05:30,23392.35,23395.7,23389.85,23392.35,129161.0,0.2406,LOW_TOXICITY,-0.000149,0.1055,SELL,1,1,0.6952,0.244,-1,VETO
2026-09-15 10:00:05.431714+05:30,23800.0,23800.0,23699.79,23800.0,12701.0,0.1644,LOW_TOXICITY,0.0,1.4442,HOLD,0,0,0.5,0.02,1,APPROVED
2026-09-15 10:01:01.496408+05:30,23800.0,23800.0,23699.79,23800.0,12701.0,0.1644,LOW_TOXICITY,0.0,1.4448,HOLD,0,0,0.5,0.02,1,APPROVED
2026-09-15 10:01:03.472510+05:30,23381.5,23383.1,23380.25,23381.5,75825.0,0.2406,LOW_TOXICITY,-0.000173,0.1142,SELL,-1,-1,0.5256,0.228,-1,APPROVED
2026-09-15 10:02:05.546515+05:30,23800.0,23800.0,23699.79,23800.0,12701.0,0.1644,LOW_TOXICITY,0.0,1.4454,HOLD,0,0,0.5,0.02,1,APPROVED
2026-09-15 10:02:04.458773+05:30,23384.3,23384.55,23381.3,23384.3,89697.0,0.2406,LOW_TOXICITY,-0.000151,0.1029,SELL,1,1,0.729,0.232,-1,VETO
2026-09-15 10:03:01.633537+05:30,23800.0,23800.0,23699.79,23800.0,12701.0,0.1644,LOW_TOXICITY,0.0,1.4461,HOLD,0,0,0.5,0.02,1,APPROVED
2026-09-15 10:03:04.251236+05:30,23392.55,23394.5,23391.2,23392.55,91927.0,0.2406,LOW_TOXICITY,-0.000126,0.1043,SELL,1,1,0.6893,0.245,-1,VETO
2026-09-15 10:04:03.932103+05:30,23377.15,23378.4,23376.1,23377.15,78327.0,0.2406,LOW_TOXICITY,-0.000139,0.1298,SELL,-1,-1,0.5256,0.221,-1,APPROVED
2026-09-15 10:04:05.698434+05:30,23800.0,23800.0,23699.79,23800.0,12701.0,0.1644,LOW_TOXICITY,0.0,1.4467,HOLD,0,0,0.5,0.02,1,APPROVED
2026-09-15 10:05:01.748026+05:30,23800.0,23800.0,23699.79,23800.0,12701.0,0.1644,LOW_TOXICITY,0.0,1.4473,HOLD,0,0,0.5,0.02,1,APPROVED
2026-09-15 10:05:04.925779+05:30,23384.9,23387.1,23384.8,23384.9,131728.0,0.2406,LOW_TOXICITY,-9.2e-05,0.1216,SELL,1,1,0.709,0.233,-1,VETO
2026-09-15 10:06:05.799825+05:30,23800.0,23800.0,23699.79,23800.0,12701.0,0.1644,LOW_TOXICITY,0.0,1.448,HOLD,0,0,0.5,0.02,1,APPROVED
2026-09-15 10:06:05.233405+05:30,23390.75,23391.4,23388.9,23390.75,138696.0,0.2406,LOW_TOXICITY,-9.3e-05,0.1121,SELL,1,1,0.7297,0.242,-1,VETO
2026-09-15 10:07:01.852895+05:30,23800.0,23800.0,23699.79,23800.0,12701.0,0.1644,LOW_TOXICITY,0.0,1.4486,HOLD,0,0,0.5,0.02,1,APPROVED
2026-09-15 10:07:05.116390+05:30,23381.5,23385.1,23381.3,23381.5,80883.0,0.2406,LOW_TOXICITY,-0.000112,0.1138,SELL,-1,-1,0.6737,0.228,-1,APPROVED
2026-09-15 10:08:06.010944+05:30,23800.0,23800.0,23699.79,23800.0,12701.0,0.1644,LOW_TOXICITY,0.0,1.8698,HOLD,0,0,0.5,0.02,1,APPROVED
2026-09-15 10:08:05.677901+05:30,23384.5,23386.8,23384.25,23384.5,54951.0,0.2406,LOW_TOXICITY,-7.6e-05,0.1028,HOLD,0,0,0.5,0.232,-1,APPROVED
2026-09-15 10:09:02.113479+05:30,23800.0,23800.0,23699.79,23800.0,12701.0,0.1644,LOW_TOXICITY,0.0,1.8707,HOLD,0,0,0.5,0.02,1,APPROVED
2026-09-15 10:09:06.223747+05:30,23379.8,23382.45,23378.75,23379.8,94370.0,0.2406,LOW_TOXICITY,-8.2e-05,0.1061,SELL,-1,-1,0.9161,0.225,-1,APPROVED
2026-09-15 10:10:00.292171+05:30,23375.0,23376.05,23373.25,23375.0,61613.0,0.2406,LOW_TOXICITY,-7.4e-05,0.1023,HOLD,0,0,0.5,0.218,-1,APPROVED
2026-09-15 10:10:06.181268+05:30,23800.0,23800.0,23699.79,23800.0,12701.0,0.1604,LOW_TOXICITY,0.0,1.8715,HOLD,0,0,0.5,0.02,1,APPROVED
2026-09-15 10:11:02.234938+05:30,23800.0,23800.0,23699.79,23800.0,12701.0,0.1604,LOW_TOXICITY,0.0,1.8724,HOLD,0,0,0.5,0.02,1,APPROVED
2026-09-15 10:11:00.832472+05:30,23370.4,23371.1,23369.65,23370.4,22739.0,0.2406,LOW_TOXICITY,-7e-05,0.0993,HOLD,0,0,0.5,0.211,-1,APPROVED
2026-09-15 10:12:02.178177+05:30,23394.6,23394.6,23392.05,23394.6,66181.0,0.2406,LOW_TOXICITY,4.6e-05,0.1697,HOLD,0,0,0.5,0.248,-1,APPROVED
2026-09-15 10:12:06.274917+05:30,23800.0,23800.0,23699.79,23800.0,12701.0,0.1604,LOW_TOXICITY,0.0,1.8732,HOLD,0,0,0.5,0.02,1,APPROVED
2026-09-15 10:13:02.343276+05:30,23800.0,23800.0,23699.79,23800.0,12701.0,0.1604,LOW_TOXICITY,0.0,1.8741,HOLD,0,0,0.5,0.02,1,APPROVED
2026-09-15 10:13:04.148568+05:30,23393.55,23395.05,23392.25,23393.55,60030.0,0.2406,LOW_TOXICITY,4.2e-05,0.1481,HOLD,0,0,0.5,0.246,-1,APPROVED
2026-09-15 10:14:02.082010+05:30,23396.1,23396.5,23393.1,23396.1,41609.0,0.2406,LOW_TOXICITY,2.9e-05,0.1317,HOLD,0,0,0.5,0.25,-1,APPROVED
2026-09-15 10:14:06.396290+05:30,23800.0,23800.0,23699.79,23800.0,12701.0,0.1604,LOW_TOXICITY,0.0,1.8749,HOLD,0,0,0.5,0.02,1,APPROVED
2026-09-15 10:15:02.467743+05:30,23800.0,23800.0,23699.79,23800.0,12701.0,0.1604,LOW_TOXICITY,0.0,1.8758,HOLD,0,0,0.5,0.02,1,APPROVED
2026-09-15 10:15:06.439972+05:30,23385.65,23386.8,23384.7,23385.65,93489.0,0.2406,LOW_TOXICITY,-1.9e-05,0.133,HOLD,0,0,0.5,0.234,-1,APPROVED
2026-09-15 10:16:02.744676+05:30,23381.35,23382.4,23379.7,23381.35,46553.0,0.2406,LOW_TOXICITY,-0.0,0.1217,HOLD,0,0,0.5,0.228,-1,APPROVED
2026-09-15 10:16:06.514585+05:30,23800.0,23800.0,23699.79,23800.0,12701.0,0.1604,LOW_TOXICITY,0.0,1.8766,HOLD,0,0,0.5,0.02,1,APPROVED
2026-09-15 10:17:02.575671+05:30,23800.0,23800.0,23699.79,23800.0,12701.0,0.1604,LOW_TOXICITY,0.0,1.8775,HOLD,0,0,0.5,0.02,1,APPROVED
2026-09-15 10:17:07.054863+05:30,23379.7,23382.1,23378.35,23379.7,92527.0,0.2406,LOW_TOXICITY,-1.3e-05,0.1106,HOLD,0,0,0.5,0.225,-1,APPROVED
2026-09-15 10:18:03.382066+05:30,23384.1,23384.75,23383.7,23384.1,39155.0,0.2406,LOW_TOXICITY,-2.4e-05,0.1049,HOLD,0,0,0.5,0.232,-1,APPROVED
2026-09-15 10:18:06.645858+05:30,23800.0,23800.0,23699.79,23800.0,12701.0,0.1604,LOW_TOXICITY,0.0,1.5046,HOLD,0,0,0.5,0.02,1,APPROVED
2026-09-15 10:19:02.740291+05:30,23800.0,23800.0,23699.79,23800.0,12701.0,0.1583,LOW_TOXICITY,0.0,1.5053,HOLD,0,0,0.5,0.02,1,APPROVED
2026-09-15 10:19:07.736864+05:30,23387.5,23393.2,23387.35,23387.5,121959.0,0.2406,LOW_TOXICITY,3e-05,0.1025,HOLD,0,0,0.5,0.237,-1,APPROVED
2026-09-15 10:20:04.051114+05:30,23387.45,23390.55,23387.45,23387.45,55220.0,0.2406,LOW_TOXICITY,7e-06,0.0966,HOLD,0,0,0.5,0.237,-1,APPROVED
2026-09-15 10:20:06.815261+05:30,23800.0,23800.0,23699.79,23800.0,12701.0,0.1583,LOW_TOXICITY,0.0,1.5059,HOLD,0,0,0.5,0.02,1,APPROVED
2026-09-15 10:21:00.383016+05:30,23377.1,23377.35,23375.95,23377.1,27875.0,0.2406,LOW_TOXICITY,-3.9e-05,0.1106,HOLD,0,0,0.5,0.221,-1,APPROVED
2026-09-15 10:21:02.914476+05:30,23800.0,23800.0,23699.79,23800.0,12701.0,0.1583,LOW_TOXICITY,0.0,1.5066,HOLD,0,0,0.5,0.02,1,APPROVED
2026-09-15 10:22:04.701338+05:30,23379.8,23380.05,23376.35,23379.8,81667.0,0.2406,LOW_TOXICITY,-5e-06,0.1038,HOLD,0,0,0.5,0.225,-1,APPROVED
2026-09-15 10:22:07.021439+05:30,23800.0,23800.0,23699.79,23800.0,12701.0,0.1583,LOW_TOXICITY,0.0,1.5073,HOLD,0,0,0.5,0.02,-1,APPROVED
2026-09-15 10:23:01.209022+05:30,23382.65,23383.6,23382.35,23382.65,19782.0,0.2406,LOW_TOXICITY,-5e-06,0.099,HOLD,0,0,0.5,0.23,-1,APPROVED
2026-09-15 10:23:03.177602+05:30,23800.0,23800.0,23699.79,23800.0,12701.0,0.1583,LOW_TOXICITY,0.0,1.5079,HOLD,0,0,0.5,0.02,-1,APPROVED
2026-09-15 10:24:05.578997+05:30,23383.2,23384.65,23381.95,23383.2,76292.0,0.2406,LOW_TOXICITY,1e-05,0.094,HOLD,0,0,0.5,0.23,-1,APPROVED
2026-09-15 10:24:07.238737+05:30,23800.0,23800.0,23699.79,23800.0,12701.0,0.1583,LOW_TOXICITY,0.0,1.5086,HOLD,0,0,0.5,0.02,-1,APPROVED
2026-09-15 10:25:01.961872+05:30,23383.0,23384.3,23381.25,23383.0,28195.0,0.2406,LOW_TOXICITY,2.3e-05,0.0904,HOLD,0,0,0.5,0.23,-1,APPROVED
2026-09-15 10:25:03.301912+05:30,23800.0,23800.0,23699.79,23800.0,12701.0,0.1583,LOW_TOXICITY,0.0,1.5092,HOLD,0,0,0.5,0.02,-1,APPROVED
2026-09-15 10:26:06.291416+05:30,23377.8,23378.75,23374.6,23377.8,69784.0,0.2406,LOW_TOXICITY,2.1e-05,0.093,HOLD,0,0,0.5,0.222,-1,APPROVED
2026-09-15 10:26:07.384194+05:30,23800.0,23800.0,23699.79,23800.0,12701.0,0.1583,LOW_TOXICITY,0.0,1.5099,HOLD,0,0,0.5,0.02,-1,APPROVED
2026-09-15 10:27:02.588755+05:30,23383.5,23384.05,23381.3,23383.5,26094.0,0.2406,LOW_TOXICITY,-3.2e-05,0.0956,HOLD,0,0,0.5,0.231,-1,APPROVED
2026-09-15 10:27:03.456543+05:30,23800.0,23800.0,23699.79,23800.0,12701.0,0.1583,LOW_TOXICITY,0.0,1.5106,HOLD,0,0,0.5,0.02,-1,APPROVED
2026-09-15 10:28:06.915430+05:30,23376.2,23376.95,23374.2,23376.2,89507.0,0.2406,LOW_TOXICITY,-4.9e-05,0.1012,HOLD,0,0,0.5,0.22,-1,APPROVED
2026-09-15 10:28:07.523043+05:30,23800.0,23800.0,23699.79,23800.0,12701.0,0.1583,LOW_TOXICITY,0.0,1.2013,HOLD,0,0,0.5,0.02,-1,APPROVED
2026-09-15 10:29:03.217558+05:30,23366.65,23367.75,23365.15,23366.65,56995.0,0.2406,LOW_TOXICITY,-8.4e-05,0.1077,SELL,-1,-1,0.5951,0.205,-1,APPROVED
2026-09-15 10:29:03.636082+05:30,23800.0,23800.0,23699.79,23800.0,12701.0,0.1555,LOW_TOXICITY,0.0,1.201,HOLD,0,0,0.5,0.02,-1,APPROVED
2026-09-15 10:30:03.045028+05:30,23361.25,23363.4,23360.85,23361.25,73210.0,0.2406,LOW_TOXICITY,-7e-05,0.1045,HOLD,0,0,0.5,0.197,-1,APPROVED
2026-09-15 10:30:07.710881+05:30,23800.0,23800.0,23699.79,23800.0,12701.0,0.1555,LOW_TOXICITY,0.0,1.2008,HOLD,0,0,0.5,0.02,-1,APPROVED
2026-09-15 10:31:02.424435+05:30,23367.55,23367.75,23365.15,23367.55,39435.0,0.2406,LOW_TOXICITY,-3.9e-05,0.1041,HOLD,0,0,0.5,0.207,-1,APPROVED
2026-09-15 10:31:03.788466+05:30,23800.0,23800.0,23699.79,23800.0,12701.0,0.1555,LOW_TOXICITY,0.0,1.2006,HOLD,0,0,0.5,0.02,-1,APPROVED
2026-09-15 10:32:01.706264+05:30,23362.8,23362.95,23361.65,23362.8,32278.0,0.2406,LOW_TOXICITY,-4.8e-05,0.1009,HOLD,0,0,0.5,0.2,-1,APPROVED
2026-09-15 10:32:07.848093+05:30,23800.0,23800.0,23699.79,23800.0,12701.0,0.1555,LOW_TOXICITY,0.0,1.2003,HOLD,0,0,0.5,0.02,-1,APPROVED
2026-09-15 10:33:01.103458+05:30,23363.65,23364.6,23363.1,23363.65,16986.0,0.2406,LOW_TOXICITY,-5.8e-05,0.0948,HOLD,0,0,0.5,0.201,-1,APPROVED
2026-09-15 10:33:03.894419+05:30,23800.0,23800.0,23699.79,23800.0,12701.0,0.1555,LOW_TOXICITY,0.0,1.2001,HOLD,0,0,0.5,0.02,-1,APPROVED
2026-09-15 10:34:01.571173+05:30,23365.7,23366.15,23365.05,23365.7,16920.0,0.2406,LOW_TOXICITY,-6.2e-05,0.0911,HOLD,0,0,0.5,0.204,-1,APPROVED
2026-09-15 10:34:07.976289+05:30,23800.0,23800.0,23699.79,23800.0,12701.0,0.1555,LOW_TOXICITY,0.0,1.1999,HOLD,0,0,0.5,0.02,-1,APPROVED
2026-09-15 10:35:01.329403+05:30,23365.0,23365.7,23364.55,23365.0,25662.0,0.2406,LOW_TOXICITY,-6.4e-05,0.0877,HOLD,0,0,0.5,0.203,-1,APPROVED
2026-09-15 10:35:04.036118+05:30,23800.0,23800.0,23699.79,23800.0,12701.0,0.1555,LOW_TOXICITY,0.0,1.1996,HOLD,0,0,0.5,0.02,-1,APPROVED
2026-09-15 10:36:00.119537+05:30,23800.0,23800.0,23699.79,23800.0,12701.0,0.1555,LOW_TOXICITY,0.0,1.1994,HOLD,0,0,0.5,0.02,-1,APPROVED
2026-09-15 10:36:00.765636+05:30,23369.1,23369.25,23368.15,23369.1,29428.0,0.2406,LOW_TOXICITY,-2.3e-05,0.0885,HOLD,0,0,0.5,0.209,-1,APPROVED
2026-09-15 10:37:00.955938+05:30,23374.35,23374.4,23372.7,23374.35,14055.0,0.2406,LOW_TOXICITY,-1.6e-05,0.0911,HOLD,0,0,0.5,0.217,-1,APPROVED
2026-09-15 10:37:04.213345+05:30,23800.0,23800.0,23699.79,23800.0,12701.0,0.1555,LOW_TOXICITY,0.0,1.1992,HOLD,0,0,0.5,0.02,-1,APPROVED
2026-09-15 10:38:00.350646+05:30,23800.0,23800.0,23699.79,23800.0,12701.0,0.1476,LOW_TOXICITY,0.0,0.702,HOLD,0,0,0.5,0.02,-1,APPROVED
2026-09-15 10:38:00.581469+05:30,23372.05,23372.25,23370.85,23372.05,20892.0,0.2406,LOW_TOXICITY,-3e-05,0.0886,HOLD,0,0,0.5,0.214,-1,APPROVED
2026-09-15 10:39:00.148083+05:30,23368.75,23369.8,23368.35,23368.75,27972.0,0.2406,LOW_TOXICITY,-4.1e-05,0.0813,HOLD,0,0,0.5,0.209,-1,APPROVED
2026-09-15 10:39:04.460105+05:30,23800.0,23800.0,23699.79,23800.0,12701.0,0.1476,LOW_TOXICITY,0.0,0.702,HOLD,0,0,0.5,0.02,-1,APPROVED
2026-09-15 10:40:00.514589+05:30,23800.0,23800.0,23699.79,23800.0,12701.0,0.1476,LOW_TOXICITY,0.0,0.702,HOLD,0,0,0.5,0.02,-1,APPROVED
2026-09-15 10:40:06.098534+05:30,23370.05,23371.6,23369.5,23370.05,399488.0,0.2406,LOW_TOXICITY,-3.7e-05,0.0791,HOLD,0,0,0.5,0.211,-1,APPROVED
2026-09-15 10:41:04.596272+05:30,23800.0,23800.0,23699.79,23800.0,12701.0,0.1476,LOW_TOXICITY,0.0,0.702,HOLD,0,0,0.5,0.02,-1,APPROVED
2026-09-15 10:41:05.686559+05:30,23362.3,23365.55,23361.1,23362.3,150901.0,0.2406,LOW_TOXICITY,-4.4e-05,0.0934,HOLD,0,0,0.5,0.199,-1,APPROVED
2026-09-15 10:42:00.643775+05:30,23800.0,23800.0,23699.79,23800.0,12701.0,0.1476,LOW_TOXICITY,0.0,0.702,HOLD,0,0,0.5,0.02,-1,APPROVED
2026-09-15 10:42:05.400698+05:30,23367.7,23368.7,23364.3,23367.7,207680.0,0.2406,LOW_TOXICITY,-4.5e-05,0.0883,HOLD,0,0,0.5,0.207,-1,APPROVED
2026-09-15 10:43:04.736314+05:30,23800.0,23800.0,23699.79,23800.0,12701.0,0.1476,LOW_TOXICITY,0.0,0.702,HOLD,0,0,0.5,0.02,-1,APPROVED
2026-09-15 10:43:05.064754+05:30,23361.9,23363.85,23360.6,23361.9,74249.0,0.2406,LOW_TOXICITY,-4.1e-05,0.0883,HOLD,0,0,0.5,0.198,-1,APPROVED
2026-09-15 10:44:00.809624+05:30,23800.0,23800.0,23699.79,23800.0,12701.0,0.1476,LOW_TOXICITY,0.0,0.702,HOLD,0,0,0.5,0.02,-1,APPROVED
2026-09-15 10:44:04.746405+05:30,23354.2,23354.7,23353.1,23354.2,52683.0,0.2406,LOW_TOXICITY,-3.6e-05,0.0944,HOLD,0,0,0.5,0.186,-1,APPROVED
2026-09-15 10:45:04.883539+05:30,23800.0,23800.0,23699.79,23800.0,12701.0,0.1476,LOW_TOXICITY,0.0,0.702,HOLD,0,0,0.5,0.02,-1,APPROVED
2026-09-15 10:45:04.250198+05:30,23350.55,23351.6,23349.5,23350.55,75163.0,0.2406,LOW_TOXICITY,-3.1e-05,0.0841,HOLD,0,0,0.5,0.181,-1,APPROVED
2026-09-15 10:46:00.964139+05:30,23800.0,23800.0,23699.79,23800.0,12701.0,0.1476,LOW_TOXICITY,0.0,0.702,HOLD,0,0,0.5,0.02,-1,APPROVED
2026-09-15 10:46:03.729958+05:30,23350.95,23352.4,23350.35,23350.95,91827.0,0.2406,LOW_TOXICITY,-4.7e-05,0.0791,HOLD,0,0,0.5,0.182,-1,APPROVED
2026-09-15 10:47:03.510198+05:30,23340.3,23340.45,23338.7,23340.3,108838.0,0.2406,LOW_TOXICITY,-6.4e-05,0.1053,HOLD,0,0,0.5,0.165,-1,APPROVED
2026-09-15 10:47:05.065994+05:30,23800.0,23800.0,23699.79,23800.0,12701.0,0.1476,LOW_TOXICITY,0.0,0.702,HOLD,0,0,0.5,0.02,-1,APPROVED
2026-09-15 10:48:01.107865+05:30,23800.0,23800.0,23699.79,23800.0,12701.0,0.141,LOW_TOXICITY,0.0,0.6958,HOLD,0,0,0.5,0.02,-1,APPROVED
2026-09-15 10:48:03.148657+05:30,23345.95,23346.75,23344.9,23345.95,47815.0,0.2406,LOW_TOXICITY,-5.1e-05,0.0909,HOLD,0,0,0.5,0.174,-1,APPROVED
2026-09-15 10:49:03.113698+05:30,23347.4,23348.35,23346.75,23347.4,31338.0,0.2406,LOW_TOXICITY,-5.2e-05,0.0955,HOLD,0,0,0.5,0.176,-1,APPROVED
2026-09-15 10:49:05.251341+05:30,23800.0,23800.0,23699.79,23800.0,12701.0,0.141,LOW_TOXICITY,0.0,0.6958,HOLD,0,0,0.5,0.02,-1,APPROVED
2026-09-15 10:50:01.313417+05:30,23800.0,23800.0,23699.79,23800.0,12701.0,0.141,LOW_TOXICITY,0.0,0.6958,HOLD,0,0,0.5,0.02,-1,APPROVED
2026-09-15 10:50:02.959909+05:30,23339.9,23340.7,23339.45,23339.9,71516.0,0.2406,LOW_TOXICITY,-7.2e-05,0.0999,HOLD,0,0,0.5,0.165,-1,APPROVED
2026-09-15 10:51:02.710989+05:30,23346.05,23347.65,23344.6,23346.05,136153.0,0.2406,LOW_TOXICITY,-6.6e-05,0.0999,HOLD,0,0,0.5,0.174,-1,APPROVED
2026-09-15 10:51:05.379774+05:30,23800.0,23800.0,23699.79,23800.0,12701.0,0.141,LOW_TOXICITY,0.0,0.6958,HOLD,0,0,0.5,0.02,-1,APPROVED
2026-09-15 10:52:01.432476+05:30,23800.0,23800.0,23699.79,23800.0,12701.0,0.141,LOW_TOXICITY,0.0,0.6958,HOLD,0,0,0.5,0.02,-1,APPROVED
2026-09-15 10:52:02.311141+05:30,23332.65,23333.75,23331.5,23332.65,62532.0,0.2406,LOW_TOXICITY,-0.000119,0.1216,SELL,-1,1,0.8389,0.154,-1,VETO
2026-09-15 10:53:01.953820+05:30,23334.95,23335.65,23334.35,23334.95,26722.0,0.2406,LOW_TOXICITY,-0.000106,0.1105,SELL,1,-1,0.6248,0.157,-1,VETO
2026-09-15 10:53:05.574867+05:30,23800.0,23800.0,23699.79,23800.0,12701.0,0.141,LOW_TOXICITY,0.0,0.6958,HOLD,0,0,0.5,0.02,-1,APPROVED
2026-09-15 10:54:01.669371+05:30,23800.0,23800.0,23699.79,23800.0,12701.0,0.141,LOW_TOXICITY,0.0,0.6958,HOLD,0,0,0.5,0.02,-1,APPROVED
2026-09-15 10:54:01.653505+05:30,23334.9,23336.15,23334.7,23334.9,23566.0,0.2406,LOW_TOXICITY,-9.7e-05,0.1011,SELL,1,1,0.6173,0.157,-1,VETO
2026-09-15 10:55:01.225045+05:30,23335.9,23336.25,23335.15,23335.9,23035.0,0.2406,LOW_TOXICITY,-9.7e-05,0.0942,SELL,1,-1,0.6292,0.159,-1,VETO
2026-09-15 10:55:05.765877+05:30,23800.0,23800.0,23699.79,23800.0,12701.0,0.141,LOW_TOXICITY,0.0,0.6958,HOLD,0,0,0.5,0.02,-1,APPROVED
2026-09-15 10:56:01.826534+05:30,23800.0,23800.0,23699.79,23800.0,12701.0,0.141,LOW_TOXICITY,0.0,0.6958,HOLD,0,0,0.5,0.02,-1,APPROVED
2026-09-15 10:56:00.899826+05:30,23329.3,23330.2,23328.6,23329.3,17572.0,0.2406,LOW_TOXICITY,-9.4e-05,0.0968,SELL,-1,-1,0.5735,0.149,-1,APPROVED
2026-09-15 10:57:01.304218+05:30,23328.8,23329.75,23328.5,23328.8,17094.0,0.2406,LOW_TOXICITY,-0.000111,0.0908,SELL,-1,1,0.7008,0.148,-1,VETO
2026-09-15 10:57:05.923603+05:30,23800.0,23800.0,23699.79,23800.0,12701.0,0.1393,LOW_TOXICITY,0.0,0.6958,HOLD,0,0,0.5,0.02,-1,APPROVED
2026-09-15 10:58:00.865606+05:30,23330.0,23331.15,23330.0,23330.0,26779.0,0.2406,LOW_TOXICITY,-9.1e-05,0.0867,SELL,1,1,0.5934,0.15,-1,VETO
2026-09-15 10:58:01.996042+05:30,23800.0,23800.0,23699.79,23800.0,12701.0,0.1393,LOW_TOXICITY,0.0,2.1599,HOLD,0,0,0.5,0.02,-1,APPROVED
2026-09-15 10:59:00.609092+05:30,23331.85,23333.05,23331.8,23331.85,11056.0,0.2406,LOW_TOXICITY,-6.4e-05,0.0818,HOLD,0,0,0.5,0.153,-1,APPROVED
2026-09-15 10:59:06.105163+05:30,23800.0,23800.0,23699.79,23800.0,12701.0,0.1393,LOW_TOXICITY,0.0,2.1609,HOLD,0,0,0.5,0.02,-1,APPROVED
2026-09-15 11:00:00.690806+05:30,23337.75,23337.9,23336.75,23337.75,8927.0,0.2406,LOW_TOXICITY,-3.7e-05,0.0866,HOLD,0,0,0.5,0.161,-1,APPROVED
2026-09-15 11:00:02.208047+05:30,23800.0,23800.0,23699.79,23800.0,12701.0,0.1393,LOW_TOXICITY,0.0,2.162,HOLD,0,0,0.5,0.02,-1,APPROVED
2026-09-15 11:01:00.609705+05:30,23338.15,23338.85,23337.05,23338.15,41636.0,0.2406,LOW_TOXICITY,-3.7e-05,0.0829,HOLD,0,0,0.5,0.162,-1,APPROVED
2026-09-15 11:01:06.296161+05:30,23800.0,23800.0,23699.79,23800.0,12701.0,0.1393,LOW_TOXICITY,0.0,2.1631,HOLD,0,0,0.5,0.02,-1,APPROVED
2026-09-15 11:02:00.438527+05:30,23352.4,23353.2,23351.9,23352.4,39868.0,0.2406,LOW_TOXICITY,3.5e-05,0.1151,HOLD,0,0,0.5,0.184,-1,APPROVED
2026-09-15 11:02:02.362927+05:30,23800.0,23800.0,23699.79,23800.0,12701.0,0.1393,LOW_TOXICITY,0.0,2.1641,HOLD,0,0,0.5,0.02,-1,APPROVED
2026-09-15 11:03:05.986934+05:30,23358.65,23359.8,23357.6,23358.65,151092.0,0.2406,LOW_TOXICITY,3.6e-05,0.1098,HOLD,0,0,0.5,0.193,-1,APPROVED
2026-09-15 11:03:06.460020+05:30,23800.0,23800.0,23699.79,23800.0,12701.0,0.1393,LOW_TOXICITY,0.0,2.1652,HOLD,0,0,0.5,0.02,-1,APPROVED
2026-09-15 11:04:02.556618+05:30,23800.0,23800.0,23699.79,23800.0,12701.0,0.1393,LOW_TOXICITY,0.0,2.1662,HOLD,0,0,0.5,0.02,-1,APPROVED
2026-09-15 11:04:02.367102+05:30,23354.25,23354.55,23351.65,23354.25,20297.0,0.2406,LOW_TOXICITY,2e-05,0.1028,HOLD,0,0,0.5,0.187,-1,APPROVED
2026-09-15 11:05:06.650143+05:30,23800.0,23800.0,23699.79,23800.0,12701.0,0.1393,LOW_TOXICITY,0.0,2.1673,HOLD,0,0,0.5,0.02,-1,APPROVED
2026-09-15 11:05:06.697964+05:30,23357.35,23360.2,23357.35,23357.35,158615.0,0.2414,LOW_TOXICITY,5e-05,0.0962,HOLD,0,0,0.5,0.191,-1,APPROVED
2026-09-15 11:06:02.714011+05:30,23800.0,23800.0,23699.79,23800.0,12701.0,0.1393,LOW_TOXICITY,0.0,2.1683,HOLD,0,0,0.5,0.02,-1,APPROVED
2026-09-15 11:06:03.251247+05:30,23350.5,23351.7,23350.25,23350.5,33175.0,0.2414,LOW_TOXICITY,1.3e-05,0.098,HOLD,0,0,0.5,0.181,-1,APPROVED
2026-09-15 11:07:06.798132+05:30,23800.0,23800.0,23699.79,23800.0,12701.0,0.1315,LOW_TOXICITY,0.0,2.1694,HOLD,0,0,0.5,0.02,-1,APPROVED
2026-09-15 11:07:07.628470+05:30,23347.45,23350.7,23346.7,23347.45,56139.0,0.2414,LOW_TOXICITY,4.2e-05,0.0926,HOLD,0,0,0.5,0.176,-1,APPROVED
2026-09-15 11:08:02.970616+05:30,23800.0,23800.0,23699.79,23800.0,12701.0,0.1315,LOW_TOXICITY,0.0,1.2587,HOLD,0,0,0.5,0.02,-1,APPROVED
2026-09-15 11:08:04.138498+05:30,23338.5,23339.0,23336.15,23338.5,58748.0,0.2414,LOW_TOXICITY,1e-05,0.1013,HOLD,0,0,0.5,0.163,-1,APPROVED
2026-09-15 11:09:00.491818+05:30,23339.2,23339.55,23337.9,23339.2,13801.0,0.2414,LOW_TOXICITY,1.2e-05,0.0897,HOLD,0,0,0.5,0.164,-1,APPROVED
2026-09-15 11:09:07.134457+05:30,23800.0,23800.0,23699.79,23800.0,12701.0,0.1315,LOW_TOXICITY,0.0,1.2588,HOLD,0,0,0.5,0.02,-1,APPROVED
2026-09-15 11:10:03.201974+05:30,23800.0,23800.0,23699.79,23800.0,12701.0,0.1315,LOW_TOXICITY,0.0,1.259,HOLD,0,0,0.5,0.02,-1,APPROVED
2026-09-15 11:10:04.983255+05:30,23333.1,23335.1,23333.0,23333.1,60440.0,0.2414,LOW_TOXICITY,-8e-06,0.0906,HOLD,0,0,0.5,0.154,-1,APPROVED
2026-09-15 11:11:01.310059+05:30,23335.15,23335.45,23334.45,23335.15,13116.0,0.2414,LOW_TOXICITY,1.7e-05,0.0851,HOLD,0,0,0.5,0.158,-1,APPROVED
2026-09-15 11:11:07.308792+05:30,23800.0,23800.0,23699.79,23800.0,12701.0,0.1315,LOW_TOXICITY,0.0,1.2591,HOLD,0,0,0.5,0.02,-1,APPROVED
2026-09-15 11:12:03.382288+05:30,23800.0,23800.0,23699.79,23800.0,12701.0,0.1315,LOW_TOXICITY,0.0,1.2592,HOLD,0,0,0.5,0.02,-1,APPROVED
2026-09-15 11:12:05.676659+05:30,23348.15,23348.65,23345.4,23348.15,73963.0,0.2414,LOW_TOXICITY,5.5e-05,0.1099,HOLD,0,0,0.5,0.177,-1,APPROVED
2026-09-15 11:13:01.981015+05:30,23344.95,23345.3,23344.3,23344.95,26172.0,0.2414,LOW_TOXICITY,4.3e-05,0.1,HOLD,0,0,0.5,0.172,-1,APPROVED
2026-09-15 11:13:07.480189+05:30,23800.0,23800.0,23699.79,23800.0,12701.0,0.1315,LOW_TOXICITY,0.0,1.2593,HOLD,0,0,0.5,0.02,-1,APPROVED
2026-09-15 11:13:50.074778+05:30,23338.15,23346.0,23337.75,23338.15,471165.0,0.2444,LOW_TOXICITY,-1e-06,0.0945,HOLD,0,0,0.5,0.162,-1,APPROVED
2026-09-15 11:14:06.326602+05:30,23342.8,23344.8,23338.4,23342.8,249457.0,0.2414,LOW_TOXICITY,3.1e-05,0.0919,HOLD,0,0,0.5,0.169,-1,APPROVED
2026-09-15 11:14:06.389658+05:30,23338.15,23344.8,23338.15,23338.15,249457.0,0.2444,LOW_TOXICITY,-0.0,0.0894,HOLD,0,0,0.5,0.162,-1,APPROVED
2026-09-15 11:15:02.643351+05:30,23349.65,23352.15,23344.1,23349.65,233163.0,0.2414,LOW_TOXICITY,3.4e-05,0.0939,HOLD,0,0,0.5,0.18,-1,APPROVED
2026-09-15 11:15:02.685988+05:30,23338.15,23352.15,23338.15,23338.15,233163.0,0.2445,LOW_TOXICITY,-4.2e-05,0.0856,HOLD,0,0,0.5,0.162,-1,APPROVED
2026-09-15 11:16:06.984760+05:30,23354.4,23355.9,23353.85,23354.4,50368.0,0.2445,LOW_TOXICITY,-1.5e-05,0.1266,HOLD,0,0,0.5,0.187,-1,APPROVED
2026-09-15 11:16:06.949640+05:30,23349.65,23355.9,23349.65,23349.65,50368.0,0.2414,LOW_TOXICITY,3.3e-05,0.0867,HOLD,0,0,0.5,0.18,-1,APPROVED
2026-09-15 11:17:03.238945+05:30,23337.7,23338.45,23336.45,23337.7,109554.0,0.2445,LOW_TOXICITY,-4.3e-05,0.1499,HOLD,0,0,0.5,0.161,-1,APPROVED
2026-09-15 11:17:03.238945+05:30,23349.65,23349.65,23336.45,23349.65,109554.0,0.2414,LOW_TOXICITY,-8e-06,0.0815,HOLD,0,0,0.5,0.18,-1,APPROVED
2026-09-15 11:18:07.576225+05:30,23335.7,23336.25,23334.6,23335.7,52348.0,0.2445,LOW_TOXICITY,-7.1e-05,0.1324,HOLD,0,0,0.5,0.158,-1,APPROVED
2026-09-15 11:18:07.651425+05:30,23349.65,23349.65,23334.6,23349.65,52348.0,0.2414,LOW_TOXICITY,-2.6e-05,0.0778,HOLD,0,0,0.5,0.18,-1,APPROVED
2026-09-15 11:19:03.936959+05:30,23324.55,23329.1,23324.45,23324.55,77898.0,0.2414,LOW_TOXICITY,-8.5e-05,0.1693,SELL,-1,-1,0.9908,0.141,-1,APPROVED
2026-09-15 11:19:03.902136+05:30,23335.7,23335.7,23324.45,23335.7,77898.0,0.2445,LOW_TOXICITY,-4.4e-05,0.0814,HOLD,0,0,0.5,0.158,-1,APPROVED
2026-09-15 11:20:00.251038+05:30,23322.3,23322.45,23321.55,23322.3,18176.0,0.2445,LOW_TOXICITY,-8e-05,0.1185,HOLD,0,0,0.5,0.138,-1,APPROVED
2026-09-15 11:20:03.531289+05:30,23320.55,23322.95,23320.3,23320.55,50880.0,0.2414,LOW_TOXICITY,-0.000105,0.1494,SELL,-1,-1,0.9904,0.135,-1,APPROVED
2026-09-15 11:21:02.820599+05:30,23319.4,23320.0,23317.8,23319.4,39008.0,0.2414,LOW_TOXICITY,-8.9e-05,0.1319,SELL,-1,-1,0.9926,0.134,-1,APPROVED
2026-09-15 11:21:04.670102+05:30,23318.4,23320.0,23317.8,23318.4,45633.0,0.2445,LOW_TOXICITY,-5.4e-05,0.0901,HOLD,0,0,0.5,0.132,-1,APPROVED
2026-09-15 11:22:00.951574+05:30,23322.7,23322.8,23321.15,23322.7,45088.0,0.2445,LOW_TOXICITY,-4.4e-05,0.086,HOLD,0,0,0.5,0.139,-1,APPROVED
2026-09-15 11:22:02.139794+05:30,23323.6,23324.8,23321.15,23323.6,59402.0,0.2414,LOW_TOXICITY,-6.8e-05,0.1207,HOLD,0,0,0.5,0.14,-1,APPROVED
2026-09-15 11:23:01.127984+05:30,23329.3,23329.35,23328.45,23329.3,22581.0,0.2414,LOW_TOXICITY,-2.6e-05,0.1145,HOLD,0,0,0.5,0.149,-1,APPROVED
2026-09-15 11:23:05.283349+05:30,23331.55,23331.55,23328.45,23331.55,49491.0,0.2445,LOW_TOXICITY,-7e-06,0.0996,HOLD,0,0,0.5,0.152,-1,APPROVED
2026-09-15 11:24:00.110264+05:30,23331.3,23332.55,23330.1,23331.3,16403.0,0.2414,LOW_TOXICITY,-2.3e-05,0.1053,HOLD,0,0,0.5,0.152,-1,APPROVED
2026-09-15 11:24:01.566507+05:30,23331.0,23332.55,23330.1,23331.0,19004.0,0.2445,LOW_TOXICITY,-1.1e-05,0.0827,HOLD,0,0,0.5,0.151,-1,APPROVED
2026-09-15 11:25:05.962756+05:30,23331.0,23331.35,23329.65,23331.0,44647.0,0.2445,LOW_TOXICITY,-4.5e-05,0.0797,HOLD,0,0,0.5,0.151,-1,APPROVED
2026-09-15 11:25:05.648320+05:30,23330.6,23331.35,23329.65,23330.6,44647.0,0.2414,LOW_TOXICITY,-7e-06,0.0977,HOLD,0,0,0.5,0.151,-1,APPROVED
2026-09-15 11:26:02.272283+05:30,23322.2,23322.55,23321.4,23322.2,174047.0,0.2445,LOW_TOXICITY,-6.4e-05,0.0979,HOLD,0,0,0.5,0.138,-1,APPROVED
2026-09-15 11:26:04.688753+05:30,23321.25,23322.55,23321.1,23321.25,216270.0,0.2414,LOW_TOXICITY,-4e-05,0.1068,HOLD,0,0,0.5,0.136,-1,APPROVED
2026-09-15 11:27:03.798383+05:30,23316.85,23319.65,23316.65,23316.85,133447.0,0.2414,LOW_TOXICITY,-8.9e-05,0.102,SELL,-1,-1,0.5267,0.13,-1,APPROVED
2026-09-15 11:27:06.587475+05:30,23317.65,23319.7,23316.65,23317.65,151446.0,0.2445,LOW_TOXICITY,-6.6e-05,0.0875,HOLD,0,0,0.5,0.131,-1,APPROVED
2026-09-15 11:28:03.111847+05:30,23319.05,23319.7,23318.6,23319.05,31127.0,0.2445,LOW_TOXICITY,-5.5e-05,0.0811,HOLD,0,0,0.5,0.133,-1,APPROVED
2026-09-15 11:28:03.459374+05:30,23319.5,23319.7,23318.6,23319.5,34539.0,0.2414,LOW_TOXICITY,-7.3e-05,0.0964,HOLD,0,0,0.5,0.134,-1,APPROVED
2026-09-15 11:29:02.698204+05:30,23314.3,23314.35,23313.15,23314.3,27125.0,0.2414,LOW_TOXICITY,-8.1e-05,0.087,SELL,-1,-1,0.5267,0.126,-1,APPROVED
2026-09-15 11:29:07.448462+05:30,23314.05,23314.45,23313.15,23314.05,70379.0,0.2445,LOW_TOXICITY,-6.9e-05,0.0942,HOLD,0,0,0.5,0.125,-1,APPROVED
2026-09-15 11:30:02.645671+05:30,23319.55,23319.6,23317.3,23319.55,29541.0,0.2414,LOW_TOXICITY,-8.6e-05,0.0883,SELL,1,1,0.6756,0.134,-1,VETO
2026-09-15 11:30:03.809762+05:30,23319.3,23319.6,23317.3,23319.3,34751.0,0.2445,LOW_TOXICITY,-5.4e-05,0.0945,HOLD,0,0,0.5,0.133,-1,APPROVED
2026-09-15 11:31:00.139051+05:30,23313.85,23314.15,23312.85,23313.85,17969.0,0.2445,LOW_TOXICITY,-0.000116,0.0948,SELL,-1,-1,0.8436,0.125,-1,APPROVED
2026-09-15 11:31:01.976483+05:30,23314.3,23315.1,23312.85,23314.3,31775.0,0.2414,LOW_TOXICITY,-0.000101,0.0878,SELL,-1,-1,0.5267,0.126,-1,APPROVED
2026-09-15 11:32:01.672858+05:30,23317.25,23317.6,23316.25,23317.25,11977.0,0.2414,LOW_TOXICITY,-9.3e-05,0.0835,SELL,1,1,0.7725,0.13,-1,VETO
2026-09-15 11:32:06.347021+05:30,23317.8,23318.8,23316.25,23317.8,142137.0,0.2445,LOW_TOXICITY,-5.7e-05,0.0926,HOLD,0,0,0.5,0.131,-1,APPROVED
2026-09-15 11:33:00.951514+05:30,23324.4,23325.45,23324.1,23324.4,29350.0,0.2414,LOW_TOXICITY,-7.2e-05,0.0936,HOLD,0,0,0.5,0.141,-1,APPROVED
2026-09-15 11:33:05.463095+05:30,23323.55,23325.45,23322.9,23323.55,58866.0,0.2445,LOW_TOXICITY,-3.5e-05,0.0944,HOLD,0,0,0.5,0.14,-1,APPROVED
2026-09-15 11:34:00.003291+05:30,23325.25,23325.45,23324.1,23325.25,42214.0,0.2414,LOW_TOXICITY,2e-06,0.0822,HOLD,0,0,0.5,0.142,-1,APPROVED
2026-09-15 11:34:04.664976+05:30,23324.35,23325.6,23324.1,23324.35,69613.0,0.2445,LOW_TOXICITY,-3.2e-05,0.0894,HOLD,0,0,0.5,0.141,-1,APPROVED
2026-09-15 11:35:03.994468+05:30,23324.45,23325.75,23323.65,23324.45,363740.0,0.2445,LOW_TOXICITY,6e-06,0.0856,HOLD,0,0,0.5,0.141,-1,APPROVED
2026-09-15 11:35:05.628604+05:30,23325.35,23325.75,23323.65,23325.35,408727.0,0.2414,LOW_TOXICITY,1.4e-05,0.0803,HOLD,0,0,0.5,0.143,-1,APPROVED
2026-09-15 11:36:03.424401+05:30,23328.85,23328.85,23327.15,23328.85,20730.0,0.2445,LOW_TOXICITY,3e-05,0.0869,HOLD,0,0,0.5,0.148,-1,APPROVED
2026-09-15 11:36:05.170885+05:30,23328.05,23328.85,23327.15,23328.05,29051.0,0.2414,LOW_TOXICITY,2.5e-05,0.0822,HOLD,0,0,0.5,0.147,-1,APPROVED
2026-09-15 11:37:02.971210+05:30,23337.65,23338.35,23335.9,23337.65,40036.0,0.2445,LOW_TOXICITY,4.3e-05,0.0987,HOLD,0,0,0.5,0.161,-1,APPROVED
2026-09-15 11:37:04.245362+05:30,23337.45,23338.35,23335.9,23337.45,40036.0,0.2414,LOW_TOXICITY,4e-05,0.1018,HOLD,0,0,0.5,0.161,-1,APPROVED
2026-09-15 11:38:01.779960+05:30,23337.4,23338.95,23337.0,23337.4,15337.0,0.2414,LOW_TOXICITY,2.3e-05,0.0832,HOLD,0,0,0.5,0.161,-1,APPROVED
2026-09-15 11:38:03.025648+05:30,23336.25,23338.95,23335.9,23336.25,29003.0,0.2445,LOW_TOXICITY,1.3e-05,0.0928,HOLD,0,0,0.5,0.159,-1,APPROVED
2026-09-15 11:39:02.470184+05:30,23343.8,23344.0,23341.8,23343.8,21266.0,0.2445,LOW_TOXICITY,3.7e-05,0.0946,HOLD,0,0,0.5,0.171,-1,APPROVED
2026-09-15 11:39:06.152694+05:30,23344.05,23344.15,23341.8,23344.05,35745.0,0.2414,LOW_TOXICITY,3.6e-05,0.0969,HOLD,0,0,0.5,0.171,-1,APPROVED
2026-09-15 11:40:02.468123+05:30,23344.05,23347.05,23344.05,23344.05,12789.0,0.2414,LOW_TOXICITY,3.8e-05,0.0912,HOLD,0,0,0.5,0.171,-1,APPROVED
2026-09-15 11:40:01.771539+05:30,23347.05,23347.05,23344.95,23347.05,12789.0,0.2445,LOW_TOXICITY,4.6e-05,0.0851,HOLD,0,0,0.5,0.176,-1,APPROVED
2026-09-15 11:41:06.765398+05:30,23339.15,23339.15,23335.75,23339.15,61621.0,0.2414,LOW_TOXICITY,5.1e-05,0.0915,HOLD,0,0,0.5,0.164,-1,APPROVED
2026-09-15 11:41:07.185737+05:30,23347.05,23347.05,23335.75,23347.05,61621.0,0.2445,LOW_TOXICITY,7.1e-05,0.0806,HOLD,0,0,0.5,0.176,-1,APPROVED
2026-09-15 11:42:03.157667+05:30,23338.05,23338.25,23336.65,23338.05,43973.0,0.2414,LOW_TOXICITY,6.1e-05,0.0876,HOLD,0,0,0.5,0.162,-1,APPROVED
2026-09-15 11:42:03.519382+05:30,23347.05,23347.05,23336.65,23347.05,43973.0,0.2445,LOW_TOXICITY,8.4e-05,0.0799,BUY,1,1,0.8698,0.176,-1,APPROVED
2026-09-15 11:43:03.084735+05:30,23333.85,23334.4,23332.75,23333.85,40219.0,0.2445,LOW_TOXICITY,4.2e-05,0.1173,HOLD,0,0,0.5,0.156,-1,APPROVED
2026-09-15 11:43:07.575547+05:30,23332.65,23334.4,23332.55,23332.65,63321.0,0.2414,LOW_TOXICITY,3.8e-05,0.09,HOLD,0,0,0.5,0.154,-1,APPROVED
2026-09-15 11:44:02.150758+05:30,23338.5,23339.05,23336.5,23338.5,28988.0,0.2445,LOW_TOXICITY,7e-05,0.0922,HOLD,0,0,0.5,0.163,-1,APPROVED
2026-09-15 11:44:03.905211+05:30,23338.35,23339.05,23336.5,23338.35,111322.0,0.2414,LOW_TOXICITY,6.9e-05,0.0925,HOLD,0,0,0.5,0.162,-1,APPROVED
2026-09-15 11:45:00.188750+05:30,23341.65,23342.45,23341.3,23341.65,13323.0,0.2414,LOW_TOXICITY,6.3e-05,0.0902,HOLD,0,0,0.5,0.167,-1,APPROVED
2026-09-15 11:45:01.294324+05:30,23341.8,23342.45,23341.2,23341.8,24251.0,0.2445,LOW_TOXICITY,6.4e-05,0.0848,HOLD,0,0,0.5,0.168,-1,APPROVED
2026-09-15 11:46:00.840254+05:30,23340.4,23340.4,23338.75,23340.4,60300.0,0.2445,LOW_TOXICITY,7.6e-05,0.0811,HOLD,0,0,0.5,0.166,-1,APPROVED
2026-09-15 11:46:04.570054+05:30,23339.3,23340.45,23338.75,23339.3,72904.0,0.2414,LOW_TOXICITY,7.1e-05,0.0875,HOLD,0,0,0.5,0.164,-1,APPROVED
2026-09-15 11:47:00.918776+05:30,23339.3,23339.3,23337.0,23339.3,11977.0,0.2414,LOW_TOXICITY,6.3e-05,0.0846,HOLD,0,0,0.5,0.164,-1,APPROVED
2026-09-15 11:47:00.133421+05:30,23337.4,23338.3,23337.0,23337.4,8307.0,0.2445,LOW_TOXICITY,5.6e-05,0.0822,HOLD,0,0,0.5,0.161,-1,APPROVED
2026-09-15 11:48:05.238589+05:30,23338.3,23339.2,23337.8,23338.3,121557.0,0.2414,LOW_TOXICITY,4e-05,0.0828,HOLD,0,0,0.5,0.162,-1,APPROVED
2026-09-15 11:48:06.237782+05:30,23338.35,23339.2,23337.8,23338.35,126316.0,0.2445,LOW_TOXICITY,4.2e-05,0.0804,HOLD,0,0,0.5,0.162,-1,APPROVED
2026-09-15 11:49:01.542896+05:30,23340.85,23341.1,23340.45,23340.85,24141.0,0.2414,LOW_TOXICITY,4.5e-05,0.0822,HOLD,0,0,0.5,0.166,-1,APPROVED
2026-09-15 11:49:05.334347+05:30,23340.65,23341.55,23340.4,23340.65,41402.0,0.2445,LOW_TOXICITY,4.7e-05,0.0816,HOLD,0,0,0.5,0.166,-1,APPROVED
2026-09-15 11:50:04.598859+05:30,23328.7,23330.75,23328.35,23328.7,89428.0,0.2445,LOW_TOXICITY,1.2e-05,0.1116,HOLD,0,0,0.5,0.148,-1,APPROVED
2026-09-15 11:50:05.939883+05:30,23328.6,23330.75,23328.35,23328.6,96589.0,0.2414,LOW_TOXICITY,9e-06,0.113,HOLD,0,0,0.5,0.148,-1,APPROVED
2026-09-15 11:51:02.257752+05:30,23327.75,23329.7,23326.9,23327.75,51167.0,0.2414,LOW_TOXICITY,-1e-06,0.0854,HOLD,0,0,0.5,0.146,-1,APPROVED
2026-09-15 11:51:03.905671+05:30,23327.25,23329.7,23326.75,23327.25,88261.0,0.2445,LOW_TOXICITY,-5e-06,0.0861,HOLD,0,0,0.5,0.146,-1,APPROVED
2026-09-15 11:52:02.987967+05:30,23333.6,23334.05,23332.6,23333.6,13034.0,0.2445,LOW_TOXICITY,-1.2e-05,0.0912,HOLD,0,0,0.5,0.155,-1,APPROVED
2026-09-15 11:52:06.584491+05:30,23333.45,23334.05,23332.6,23333.45,161421.0,0.2414,LOW_TOXICITY,-1.1e-05,0.0894,HOLD,0,0,0.5,0.155,-1,APPROVED
2026-09-15 11:53:02.318158+05:30,23324.1,23324.9,23322.15,23324.1,28179.0,0.2445,LOW_TOXICITY,-3.5e-05,0.1024,HOLD,0,0,0.5,0.141,-1,APPROVED
2026-09-15 11:53:03.004377+05:30,23333.45,23333.45,23322.15,23333.45,34641.0,0.2414,LOW_TOXICITY,-1.1e-05,0.0815,HOLD,0,0,0.5,0.155,-1,APPROVED
2026-09-15 11:54:01.820867+05:30,23321.35,23323.0,23319.55,23321.35,44922.0,0.2445,LOW_TOXICITY,-6.4e-05,0.0857,HOLD,0,0,0.5,0.137,-1,APPROVED
2026-09-15 11:54:07.382499+05:30,23320.7,23323.0,23319.55,23320.7,84124.0,0.2414,LOW_TOXICITY,-6.7e-05,0.1152,HOLD,0,0,0.5,0.136,-1,APPROVED
2026-09-15 11:55:01.300452+05:30,23323.5,23325.0,23322.45,23323.5,19153.0,0.2445,LOW_TOXICITY,-6.7e-05,0.0822,HOLD,0,0,0.5,0.14,-1,APPROVED
2026-09-15 11:55:03.730641+05:30,23323.9,23325.0,23322.45,23323.9,24865.0,0.2414,LOW_TOXICITY,-5.8e-05,0.0883,HOLD,0,0,0.5,0.14,-1,APPROVED
2026-09-15 11:56:00.013730+05:30,23323.55,23323.65,23322.45,23323.55,11225.0,0.2414,LOW_TOXICITY,-4.5e-05,0.0814,HOLD,0,0,0.5,0.14,-1,APPROVED
2026-09-15 11:56:00.345174+05:30,23324.4,23324.4,23322.45,23324.4,24646.0,0.2445,LOW_TOXICITY,-6.5e-05,0.0806,HOLD,0,0,0.5,0.141,-1,APPROVED
2026-09-15 11:57:04.337323+05:30,23326.75,23327.85,23325.95,23326.75,53016.0,0.2414,LOW_TOXICITY,-3.2e-05,0.0833,HOLD,0,0,0.5,0.145,-1,APPROVED
2026-09-15 11:57:06.142164+05:30,23327.9,23327.95,23325.95,23327.9,82516.0,0.2445,LOW_TOXICITY,-5.5e-05,0.0834,HOLD,0,0,0.5,0.147,-1,APPROVED
2026-09-15 11:58:00.645755+05:30,23330.05,23330.25,23328.95,23330.05,33001.0,0.2414,LOW_TOXICITY,-7e-06,0.0837,HOLD,0,0,0.5,0.15,-1,APPROVED
2026-09-15 11:58:06.120246+05:30,23329.55,23331.6,23328.55,23329.55,115541.0,0.2445,LOW_TOXICITY,-1.2e-05,0.0813,HOLD,0,0,0.5,0.149,-1,APPROVED
2026-09-15 11:59:05.060181+05:30,23335.05,23335.6,23334.25,23335.05,73447.0,0.2414,LOW_TOXICITY,-9e-06,0.0877,HOLD,0,0,0.5,0.157,-1,APPROVED
2026-09-15 11:59:05.131293+05:30,23334.5,23335.6,23334.25,23334.5,73447.0,0.2445,LOW_TOXICITY,-1.1e-05,0.0869,HOLD,0,0,0.5,0.157,-1,APPROVED
2026-09-15 12:00:01.432065+05:30,23337.25,23337.6,23335.55,23337.25,19659.0,0.2414,LOW_TOXICITY,-1.3e-05,0.083,HOLD,0,0,0.5,0.161,-1,APPROVED
2026-09-15 12:00:04.357050+05:30,23337.25,23338.2,23335.55,23337.25,136901.0,0.2445,LOW_TOXICITY,-1.3e-05,0.0834,HOLD,0,0,0.5,0.161,-1,APPROVED
2026-09-15 12:01:03.662328+05:30,23336.7,23337.5,23335.65,23336.7,35381.0,0.2445,LOW_TOXICITY,-1.1e-05,0.0807,HOLD,0,0,0.5,0.16,-1,APPROVED
2026-09-15 12:01:05.729110+05:30,23337.15,23337.5,23335.65,23337.15,45647.0,0.2414,LOW_TOXICITY,-6e-06,0.0809,HOLD,0,0,0.5,0.161,-1,APPROVED
2026-09-15 12:02:02.262429+05:30,23337.4,23338.25,23335.8,23337.4,55921.0,0.2414,LOW_TOXICITY,-5e-06,0.0807,HOLD,0,0,0.5,0.161,-1,APPROVED
2026-09-15 12:02:02.790304+05:30,23336.95,23338.25,23335.8,23336.95,63441.0,0.2445,LOW_TOXICITY,-1e-06,0.0803,HOLD,0,0,0.5,0.16,-1,APPROVED
2026-09-15 12:03:01.961933+05:30,23342.95,23343.65,23341.45,23342.95,15158.0,0.2445,LOW_TOXICITY,1.3e-05,0.0895,HOLD,0,0,0.5,0.169,-1,APPROVED
2026-09-15 12:03:06.570930+05:30,23344.25,23344.35,23341.45,23344.25,51409.0,0.2414,LOW_TOXICITY,1.7e-05,0.0925,HOLD,0,0,0.5,0.171,-1,APPROVED
2026-09-15 12:04:01.375199+05:30,23350.3,23350.4,23348.95,23350.3,19168.0,0.2445,LOW_TOXICITY,2.8e-05,0.095,HOLD,0,0,0.5,0.181,-1,APPROVED
2026-09-15 12:04:02.884353+05:30,23349.95,23350.4,23348.95,23349.95,21423.0,0.2414,LOW_TOXICITY,2.6e-05,0.0905,HOLD,0,0,0.5,0.18,-1,APPROVED
2026-09-15 12:05:00.697388+05:30,23346.85,23347.65,23345.45,23346.85,17051.0,0.2445,LOW_TOXICITY,5.2e-05,0.0854,HOLD,0,0,0.5,0.175,-1,APPROVED
2026-09-15 12:05:07.213350+05:30,23348.45,23348.85,23345.45,23348.45,46612.0,0.2414,LOW_TOXICITY,5.7e-05,0.0824,HOLD,0,0,0.5,0.178,-1,APPROVED
2026-09-15 12:06:00.020087+05:30,23348.0,23351.6,23347.75,23348.0,36828.0,0.2445,LOW_TOXICITY,5.9e-05,0.0814,HOLD,0,0,0.5,0.177,-1,APPROVED
2026-09-15 12:06:03.498461+05:30,23344.9,23351.6,23344.3,23344.9,77736.0,0.2414,LOW_TOXICITY,4.9e-05,0.0838,HOLD,0,0,0.5,0.172,-1,APPROVED
2026-09-15 12:07:05.560051+05:30,23337.35,23339.45,23336.8,23337.35,113809.0,0.2445,LOW_TOXICITY,1.1e-05,0.1056,HOLD,0,0,0.5,0.161,-1,APPROVED
2026-09-15 12:07:07.800718+05:30,23336.45,23339.45,23336.15,23336.45,124007.0,0.2414,LOW_TOXICITY,9e-06,0.0973,HOLD,0,0,0.5,0.16,-1,APPROVED
2026-09-15 12:08:04.238776+05:30,23340.45,23341.15,23339.95,23340.45,77556.0,0.2414,LOW_TOXICITY,2e-05,0.0872,HOLD,0,0,0.5,0.166,-1,APPROVED
2026-09-15 12:08:04.683275+05:30,23340.7,23341.35,23339.95,23340.7,81132.0,0.2445,LOW_TOXICITY,4.7e-05,0.0876,HOLD,0,0,0.5,0.166,-1,APPROVED
2026-09-15 12:09:00.612667+05:30,23346.3,23347.7,23346.0,23346.3,12610.0,0.2414,LOW_TOXICITY,7.3e-05,0.0995,HOLD,0,0,0.5,0.174,-1,APPROVED
2026-09-15 12:09:03.840226+05:30,23345.2,23347.7,23344.7,23345.2,109406.0,0.2445,LOW_TOXICITY,6.8e-05,0.0865,HOLD,0,0,0.5,0.173,-1,APPROVED
2026-09-15 12:10:03.350475+05:30,23338.75,23339.5,23338.15,23338.75,50692.0,0.2445,LOW_TOXICITY,4.4e-05,0.0912,HOLD,0,0,0.5,0.163,-1,APPROVED
2026-09-15 12:10:04.948847+05:30,23338.65,23339.5,23338.15,23338.65,64314.0,0.2414,LOW_TOXICITY,4.2e-05,0.1041,HOLD,0,0,0.5,0.163,-1,APPROVED
2026-09-15 12:11:01.256223+05:30,23339.55,23339.9,23338.95,23339.55,126665.0,0.2414,LOW_TOXICITY,4.6e-05,0.0977,HOLD,0,0,0.5,0.164,-1,APPROVED
2026-09-15 12:11:02.575550+05:30,23340.55,23341.8,23338.95,23340.55,184280.0,0.2445,LOW_TOXICITY,4.6e-05,0.0829,HOLD,0,0,0.5,0.166,-1,APPROVED
2026-09-15 12:12:01.608606+05:30,23340.15,23341.0,23339.2,23340.15,28876.0,0.2445,LOW_TOXICITY,3.5e-05,0.0806,HOLD,0,0,0.5,0.165,-1,APPROVED
2026-09-15 12:12:05.592451+05:30,23338.25,23341.0,23338.15,23338.25,82966.0,0.2414,LOW_TOXICITY,3.3e-05,0.0933,HOLD,0,0,0.5,0.162,-1,APPROVED
2026-09-15 12:13:00.924143+05:30,23335.55,23335.9,23334.7,23335.55,36867.0,0.2445,LOW_TOXICITY,1.7e-05,0.0855,HOLD,0,0,0.5,0.158,-1,APPROVED
2026-09-15 12:13:01.939731+05:30,23338.25,23338.25,23334.7,23338.25,39774.0,0.2414,LOW_TOXICITY,2.3e-05,0.09,HOLD,0,0,0.5,0.162,-1,APPROVED
2026-09-15 12:14:00.130383+05:30,23333.55,23333.8,23332.1,23333.55,111617.0,0.2445,LOW_TOXICITY,-3e-06,0.082,HOLD,0,0,0.5,0.155,-1,APPROVED
2026-09-15 12:14:06.245500+05:30,23333.8,23333.8,23332.1,23333.8,262534.0,0.2414,LOW_TOXICITY,-4e-06,0.0913,HOLD,0,0,0.5,0.155,-1,APPROVED
2026-09-15 12:15:02.562280+05:30,23335.15,23337.0,23335.15,23335.15,42849.0,0.2414,LOW_TOXICITY,-6e-06,0.0889,HOLD,0,0,0.5,0.158,-1,APPROVED
2026-09-15 12:15:05.920896+05:30,23332.7,23337.0,23332.3,23332.7,129446.0,0.2445,LOW_TOXICITY,-1.3e-05,0.0806,HOLD,0,0,0.5,0.154,-1,APPROVED
2026-09-15 12:16:05.352286+05:30,23333.7,23334.0,23331.7,23333.7,131072.0,0.2445,LOW_TOXICITY,-9e-06,0.0805,HOLD,0,0,0.5,0.155,-1,APPROVED
2026-09-15 12:16:06.889636+05:30,23332.6,23334.0,23331.7,23332.6,140273.0,0.2414,LOW_TOXICITY,-1.3e-05,0.0881,HOLD,0,0,0.5,0.154,-1,APPROVED
2026-09-15 12:17:03.272061+05:30,23333.75,23335.85,23333.75,23333.75,33085.0,0.2414,LOW_TOXICITY,-1e-05,0.0866,HOLD,0,0,0.5,0.155,-1,APPROVED
2026-09-15 12:17:04.584304+05:30,23334.85,23335.85,23333.75,23334.85,45398.0,0.2445,LOW_TOXICITY,-6e-06,0.0806,HOLD,0,0,0.5,0.157,-1,APPROVED
2026-09-15 12:18:03.440620+05:30,23331.9,23336.25,23331.85,23331.9,97847.0,0.2445,LOW_TOXICITY,-3.2e-05,0.0824,HOLD,0,0,0.5,0.153,-1,APPROVED
2026-09-15 12:18:07.555941+05:30,23331.5,23336.25,23331.1,23331.5,116150.0,0.2414,LOW_TOXICITY,-3.6e-05,0.0863,HOLD,0,0,0.5,0.152,-1,APPROVED
2026-09-15 12:19:02.327279+05:30,23326.15,23327.25,23325.05,23326.15,118970.0,0.2445,LOW_TOXICITY,-6.9e-05,0.0886,HOLD,0,0,0.5,0.144,-1,APPROVED
2026-09-15 12:19:03.832605+05:30,23327.55,23327.55,23325.05,23327.55,126668.0,0.2414,LOW_TOXICITY,-6.4e-05,0.0846,HOLD,0,0,0.5,0.146,-1,APPROVED
2026-09-15 12:20:00.221433+05:30,23326.65,23327.4,23325.95,23326.65,7570.0,0.2414,LOW_TOXICITY,-6.2e-05,0.0813,HOLD,0,0,0.5,0.145,-1,APPROVED
2026-09-15 12:20:01.528102+05:30,23327.75,23327.75,23325.95,23327.75,16433.0,0.2445,LOW_TOXICITY,-5.5e-05,0.0823,HOLD,0,0,0.5,0.146,-1,APPROVED
2026-09-15 12:21:00.713519+05:30,23326.25,23326.8,23325.8,23326.25,23534.0,0.2445,LOW_TOXICITY,-6.2e-05,0.0811,HOLD,0,0,0.5,0.144,-1,APPROVED
2026-09-15 12:21:04.524217+05:30,23326.25,23327.3,23325.8,23326.25,50028.0,0.2414,LOW_TOXICITY,-5.3e-05,0.0808,HOLD,0,0,0.5,0.144,-1,APPROVED
2026-09-15 12:22:00.815924+05:30,23330.45,23331.0,23329.05,23330.45,37872.0,0.2414,LOW_TOXICITY,-1.7e-05,0.0854,HOLD,0,0,0.5,0.15,-1,APPROVED
2026-09-15 12:22:06.258256+05:30,23329.45,23331.0,23329.05,23329.45,75341.0,0.2445,LOW_TOXICITY,-2.3e-05,0.0832,HOLD,0,0,0.5,0.149,-1,APPROVED
2026-09-15 12:23:05.272848+05:30,23328.5,23328.6,23327.35,23328.5,40243.0,0.2414,LOW_TOXICITY,-3.4e-05,0.0821,HOLD,0,0,0.5,0.147,-1,APPROVED
2026-09-15 12:23:05.546552+05:30,23328.25,23328.65,23327.35,23328.25,44729.0,0.2445,LOW_TOXICITY,-3.6e-05,0.081,HOLD,0,0,0.5,0.147,-1,APPROVED
2026-09-15 12:24:01.560278+05:30,23330.4,23330.8,23330.25,23330.4,27242.0,0.2414,LOW_TOXICITY,-4.5e-05,0.0819,HOLD,0,0,0.5,0.15,-1,APPROVED
2026-09-15 12:24:05.143085+05:30,23331.45,23332.0,23330.25,23331.45,41797.0,0.2445,LOW_TOXICITY,-3.9e-05,0.0832,HOLD,0,0,0.5,0.152,-1,APPROVED
2026-09-15 12:25:04.566193+05:30,23331.45,23333.05,23331.05,23331.45,32682.0,0.2445,LOW_TOXICITY,-2.1e-05,0.0807,HOLD,0,0,0.5,0.152,-1,APPROVED
2026-09-15 12:25:05.942786+05:30,23331.35,23333.05,23331.05,23331.35,36864.0,0.2414,LOW_TOXICITY,-2.1e-05,0.0811,HOLD,0,0,0.5,0.152,-1,APPROVED
2026-09-15 12:26:02.407244+05:30,23331.7,23331.75,23330.55,23331.7,10079.0,0.2414,LOW_TOXICITY,-2.2e-05,0.0808,HOLD,0,0,0.5,0.152,-1,APPROVED
2026-09-15 12:26:03.943981+05:30,23331.3,23331.9,23330.1,23331.3,17031.0,0.2445,LOW_TOXICITY,-2.6e-05,0.0803,HOLD,0,0,0.5,0.152,-1,APPROVED
2026-09-15 12:27:03.229772+05:30,23330.05,23331.0,23329.6,23330.05,16342.0,0.2445,LOW_TOXICITY,-2.9e-05,0.0806,HOLD,0,0,0.5,0.15,-1,APPROVED
2026-09-15 12:27:06.764771+05:30,23330.4,23331.45,23329.6,23330.4,32171.0,0.2414,LOW_TOXICITY,-2.2e-05,0.081,HOLD,0,0,0.5,0.15,-1,APPROVED
2026-09-15 12:28:03.207019+05:30,23330.4,23333.1,23330.4,23330.4,19846.0,0.2414,LOW_TOXICITY,-2.2e-05,0.0807,HOLD,0,0,0.5,0.15,-1,APPROVED
2026-09-15 12:28:02.669628+05:30,23333.1,23333.1,23332.15,23333.1,19846.0,0.2445,LOW_TOXICITY,-7e-06,0.0829,HOLD,0,0,0.5,0.154,-1,APPROVED
2026-09-15 12:29:02.289120+05:30,23335.45,23337.25,23334.65,23335.45,47584.0,0.2445,LOW_TOXICITY,5e-06,0.0824,HOLD,0,0,0.5,0.158,-1,APPROVED
2026-09-15 12:29:07.561631+05:30,23335.65,23337.25,23334.55,23335.65,97242.0,0.2414,LOW_TOXICITY,5e-06,0.088,HOLD,0,0,0.5,0.158,-1,APPROVED
2026-09-15 12:30:01.574019+05:30,23337.5,23338.1,23336.95,23337.5,42772.0,0.2445,LOW_TOXICITY,1.4e-05,0.0822,HOLD,0,0,0.5,0.161,-1,APPROVED
2026-09-15 12:30:03.880383+05:30,23336.3,23338.1,23335.15,23336.3,75876.0,0.2414,LOW_TOXICITY,3e-06,0.086,HOLD,0,0,0.5,0.159,-1,APPROVED
2026-09-15 12:31:00.170976+05:30,23330.9,23330.95,23330.4,23330.9,12583.0,0.2414,LOW_TOXICITY,-5e-06,0.0896,HOLD,0,0,0.5,0.151,-1,APPROVED
2026-09-15 12:31:00.837025+05:30,23330.45,23331.25,23330.4,23330.45,15196.0,0.2445,LOW_TOXICITY,-9e-06,0.0911,HOLD,0,0,0.5,0.15,-1,APPROVED
2026-09-15 12:32:01.798624+05:30,23316.2,23317.0,23315.15,23316.2,45317.0,0.2445,LOW_TOXICITY,-5.3e-05,0.121,HOLD,0,0,0.5,0.129,-1,APPROVED
2026-09-15 12:32:04.541636+05:30,23315.2,23317.1,23315.15,23315.2,61989.0,0.2425,LOW_TOXICITY,-5.3e-05,0.121,HOLD,0,0,0.5,0.127,-1,APPROVED
2026-09-15 12:33:00.881133+05:30,23317.85,23319.55,23317.45,23317.85,40556.0,0.2425,LOW_TOXICITY,-3.9e-05,0.1078,HOLD,0,0,0.5,0.131,-1,APPROVED
2026-09-15 12:33:06.144753+05:30,23319.25,23319.9,23317.45,23319.25,98600.0,0.2445,LOW_TOXICITY,-3.6e-05,0.1113,HOLD,0,0,0.5,0.133,-1,APPROVED
2026-09-15 12:34:02.471681+05:30,23319.45,23320.1,23318.6,23319.45,13794.0,0.2445,LOW_TOXICITY,-1.9e-05,0.1025,HOLD,0,0,0.5,0.134,-1,APPROVED
2026-09-15 12:34:05.193337+05:30,23320.05,23321.0,23318.6,23320.05,36810.0,0.2425,LOW_TOXICITY,-2.1e-05,0.099,HOLD,0,0,0.5,0.135,-1,APPROVED
2026-09-15 12:35:01.610653+05:30,23318.75,23320.45,23318.75,23318.75,37156.0,0.2425,LOW_TOXICITY,-2.3e-05,0.0929,HOLD,0,0,0.5,0.133,-1,APPROVED
2026-09-15 12:35:06.816595+05:30,23318.7,23320.45,23318.35,23318.7,60396.0,0.2445,LOW_TOXICITY,-2.6e-05,0.0959,HOLD,0,0,0.5,0.133,-1,APPROVED
2026-09-15 12:36:03.160117+05:30,23329.45,23329.75,23328.7,23329.45,30463.0,0.2445,LOW_TOXICITY,9e-06,0.1108,HOLD,0,0,0.5,0.149,-1,APPROVED
2026-09-15 12:36:05.994307+05:30,23329.35,23329.75,23328.6,23329.35,39103.0,0.2425,LOW_TOXICITY,9e-06,0.1057,HOLD,0,0,0.5,0.149,-1,APPROVED
2026-09-15 12:37:02.323419+05:30,23328.1,23330.45,23327.25,23328.1,24214.0,0.2425,LOW_TOXICITY,-7e-06,0.0971,HOLD,0,0,0.5,0.147,-1,APPROVED
2026-09-15 12:37:07.513302+05:30,23328.5,23330.45,23327.25,23328.5,60599.0,0.2445,LOW_TOXICITY,-3e-06,0.1022,HOLD,0,0,0.5,0.147,-1,APPROVED
2026-09-15 12:38:03.930390+05:30,23326.05,23326.15,23324.45,23326.05,33992.0,0.2445,LOW_TOXICITY,-6e-06,0.0967,HOLD,0,0,0.5,0.144,-1,APPROVED
2026-09-15 12:38:06.786782+05:30,23324.9,23326.15,23324.45,23324.9,54158.0,0.2425,LOW_TOXICITY,-1e-05,0.0931,HOLD,0,0,0.5,0.142,-1,APPROVED
2026-09-15 12:39:00.311122+05:30,23323.6,23323.65,23322.25,23323.6,7710.0,0.2445,LOW_TOXICITY,-2.2e-05,0.0821,HOLD,0,0,0.5,0.14,-1,APPROVED
2026-09-15 12:39:03.207157+05:30,23322.55,23325.8,23322.25,23322.55,54511.0,0.2425,LOW_TOXICITY,-2.2e-05,0.0862,HOLD,0,0,0.5,0.138,-1,APPROVED
2026-09-15 12:40:04.668804+05:30,23322.5,23323.3,23321.4,23322.5,32133.0,0.2445,LOW_TOXICITY,-2.6e-05,0.0808,HOLD,0,0,0.5,0.138,-1,APPROVED
2026-09-15 12:40:07.571478+05:30,23322.85,23323.4,23321.4,23322.85,40801.0,0.2425,LOW_TOXICITY,-2.4e-05,0.0821,HOLD,0,0,0.5,0.139,-1,APPROVED
2026-09-15 12:41:01.024010+05:30,23323.7,23325.1,23323.3,23323.7,8853.0,0.2445,LOW_TOXICITY,-2.2e-05,0.0807,HOLD,0,0,0.5,0.14,-1,APPROVED
2026-09-15 12:41:03.917674+05:30,23323.35,23325.1,23322.5,23323.35,50751.0,0.2425,LOW_TOXICITY,-2.4e-05,0.0792,HOLD,0,0,0.5,0.14,-1,APPROVED
2026-09-15 12:42:00.207119+05:30,23323.65,23323.85,23322.5,23323.65,5300.0,0.2425,LOW_TOXICITY,-1.9e-05,0.0772,HOLD,0,0,0.5,0.14,-1,APPROVED
2026-09-15 12:42:05.350381+05:30,23323.85,23324.25,23322.5,23323.85,33444.0,0.2445,LOW_TOXICITY,-1.8e-05,0.0802,HOLD,0,0,0.5,0.14,-1,APPROVED
2026-09-15 12:43:01.803041+05:30,23322.8,23323.95,23322.65,23322.8,12577.0,0.2445,LOW_TOXICITY,-2.9e-05,0.0805,HOLD,0,0,0.5,0.139,-1,APPROVED
2026-09-15 12:43:04.587213+05:30,23323.4,23323.95,23322.55,23323.4,23242.0,0.2425,LOW_TOXICITY,-2e-05,0.0758,HOLD,0,0,0.5,0.14,-1,APPROVED
2026-09-15 12:44:00.878127+05:30,23323.65,23323.75,23321.9,23323.65,19265.0,0.2425,LOW_TOXICITY,-3.4e-05,0.0749,HOLD,0,0,0.5,0.14,-1,APPROVED
2026-09-15 12:44:06.185082+05:30,23322.1,23323.75,23321.35,23322.1,87107.0,0.2445,LOW_TOXICITY,-3.8e-05,0.0803,HOLD,0,0,0.5,0.138,-1,APPROVED
2026-09-15 12:45:02.501830+05:30,23315.15,23317.8,23314.9,23315.15,48408.0,0.2445,LOW_TOXICITY,-6.4e-05,0.0921,HOLD,0,0,0.5,0.127,-1,APPROVED
2026-09-15 12:45:05.265648+05:30,23315.85,23317.8,23313.85,23315.85,83651.0,0.2425,LOW_TOXICITY,-5.8e-05,0.0869,HOLD,0,0,0.5,0.128,-1,APPROVED
2026-09-15 12:46:01.605744+05:30,23314.7,23314.95,23313.8,23314.7,15238.0,0.2425,LOW_TOXICITY,-4.6e-05,0.0828,HOLD,0,0,0.5,0.126,-1,APPROVED
2026-09-15 12:46:06.865814+05:30,23314.7,23315.5,23313.8,23314.7,45470.0,0.2445,LOW_TOXICITY,-4.5e-05,0.0821,HOLD,0,0,0.5,0.126,-1,APPROVED
2026-09-15 12:47:03.181474+05:30,23317.2,23318.15,23316.35,23317.2,40973.0,0.2445,LOW_TOXICITY,3e-06,0.0821,HOLD,0,0,0.5,0.13,-1,APPROVED
2026-09-15 12:47:05.937857+05:30,23317.9,23318.15,23316.35,23317.9,59617.0,0.2425,LOW_TOXICITY,8e-06,0.0817,HOLD,0,0,0.5,0.131,-1,APPROVED
2026-09-15 12:48:02.212352+05:30,23321.0,23321.1,23318.65,23321.0,19504.0,0.2425,LOW_TOXICITY,9e-06,0.0808,HOLD,0,0,0.5,0.136,-1,APPROVED
2026-09-15 12:48:07.575573+05:30,23320.6,23321.1,23318.65,23320.6,41219.0,0.2445,LOW_TOXICITY,4e-06,0.0835,HOLD,0,0,0.5,0.135,-1,APPROVED
2026-09-15 12:49:03.880236+05:30,23323.8,23324.7,23323.25,23323.8,20513.0,0.2445,LOW_TOXICITY,1.2e-05,0.0834,HOLD,0,0,0.5,0.14,-1,APPROVED
2026-09-15 12:49:06.559632+05:30,23324.35,23324.7,23323.25,23324.35,23767.0,0.2425,LOW_TOXICITY,1.2e-05,0.0746,HOLD,0,0,0.5,0.141,-1,APPROVED
2026-09-15 12:50:00.302456+05:30,23328.0,23328.15,23325.65,23328.0,125362.0,0.2425,LOW_TOXICITY,2.7e-05,0.0853,HOLD,0,0,0.5,0.147,-1,APPROVED
2026-09-15 12:50:02.883102+05:30,23331.7,23332.0,23325.65,23331.7,424402.0,0.2425,LOW_TOXICITY,3.7e-05,0.0828,HOLD,0,0,0.5,0.152,-1,APPROVED
2026-09-15 12:51:04.714643+05:30,23334.8,23336.55,23334.4,23334.8,33131.0,0.2425,LOW_TOXICITY,1.5e-05,0.0924,HOLD,0,0,0.5,0.157,-1,APPROVED
2026-09-15 12:51:07.245057+05:30,23335.05,23336.55,23334.3,23335.05,38873.0,0.2425,LOW_TOXICITY,1.6e-05,0.0797,HOLD,0,0,0.5,0.157,-1,APPROVED
2026-09-15 12:52:01.139456+05:30,23333.3,23333.6,23332.2,23333.3,14017.0,0.2425,LOW_TOXICITY,1.4e-05,0.0827,HOLD,0,0,0.5,0.155,-1,APPROVED
2026-09-15 12:52:03.675940+05:30,23332.95,23333.8,23332.2,23332.95,21976.0,0.2425,LOW_TOXICITY,1.4e-05,0.0763,HOLD,0,0,0.5,0.154,-1,APPROVED
2026-09-15 12:53:00.108205+05:30,23326.8,23327.85,23326.3,23326.8,7216.0,0.2425,LOW_TOXICITY,5e-06,0.0809,HOLD,0,0,0.5,0.145,-1,APPROVED
2026-09-15 12:53:05.443365+05:30,23325.35,23327.85,23324.7,23325.35,26949.0,0.2425,LOW_TOXICITY,-2e-06,0.0958,HOLD,0,0,0.5,0.143,-1,APPROVED
2026-09-15 12:54:01.804541+05:30,23328.35,23328.85,23327.25,23328.35,20870.0,0.2425,LOW_TOXICITY,1.4e-05,0.085,HOLD,0,0,0.5,0.147,-1,APPROVED
2026-09-15 12:54:04.705966+05:30,23327.35,23328.9,23327.1,23327.35,31008.0,0.2425,LOW_TOXICITY,1.4e-05,0.0762,HOLD,0,0,0.5,0.146,-1,APPROVED
2026-09-15 12:55:01.126625+05:30,23327.75,23328.7,23327.15,23327.75,27899.0,0.2425,LOW_TOXICITY,1.4e-05,0.0731,HOLD,0,0,0.5,0.146,-1,APPROVED
2026-09-15 12:55:06.187567+05:30,23327.6,23329.0,23326.4,23327.6,79822.0,0.2425,LOW_TOXICITY,1.5e-05,0.081,HOLD,0,0,0.5,0.146,-1,APPROVED
2026-09-15 12:56:02.590022+05:30,23325.45,23326.1,23324.9,23325.45,9542.0,0.2425,LOW_TOXICITY,5e-06,0.0815,HOLD,0,0,0.5,0.143,-1,APPROVED
2026-09-15 12:56:05.450322+05:30,23324.9,23326.1,23324.45,23324.9,33421.0,0.2425,LOW_TOXICITY,4e-06,0.0729,HOLD,0,0,0.5,0.142,-1,APPROVED
2026-09-15 12:57:01.838454+05:30,23324.35,23325.0,23322.5,23324.35,14331.0,0.2425,LOW_TOXICITY,2e-06,0.071,HOLD,0,0,0.5,0.141,-1,APPROVED
2026-09-15 12:57:06.913383+05:30,23322.6,23325.0,23322.45,23322.6,77046.0,0.2425,LOW_TOXICITY,-4e-06,0.0825,HOLD,0,0,0.5,0.138,-1,APPROVED
2026-09-15 12:58:03.558127+05:30,23320.75,23322.0,23319.95,23320.75,21870.0,0.2425,LOW_TOXICITY,-6e-06,0.0814,HOLD,0,0,0.5,0.136,-1,APPROVED
2026-09-15 12:58:06.165065+05:30,23320.05,23322.0,23319.95,23320.05,35427.0,0.2425,LOW_TOXICITY,-1e-05,0.0738,HOLD,0,0,0.5,0.135,-1,APPROVED
2026-09-15 12:59:02.508016+05:30,23306.2,23306.35,23303.75,23306.2,27466.0,0.2425,LOW_TOXICITY,-5e-05,0.1198,HOLD,0,0,0.5,0.114,-1,APPROVED
2026-09-15 12:59:07.898894+05:30,23304.85,23307.0,23303.75,23304.85,69249.0,0.2425,LOW_TOXICITY,-4.9e-05,0.1256,HOLD,0,0,0.5,0.112,-1,APPROVED
2026-09-15 13:00:04.364999+05:30,23310.5,23311.05,23306.55,23310.5,35652.0,0.2425,LOW_TOXICITY,-1.3e-05,0.118,HOLD,0,0,0.5,0.12,-1,APPROVED
2026-09-15 13:00:06.849411+05:30,23309.85,23311.05,23306.55,23309.85,95276.0,0.2425,LOW_TOXICITY,-1.7e-05,0.1119,HOLD,0,0,0.5,0.119,-1,APPROVED
2026-09-15 13:01:00.739249+05:30,23309.85,23310.6,23307.8,23309.85,19928.0,0.2425,LOW_TOXICITY,-1.4e-05,0.1077,HOLD,0,0,0.5,0.119,-1,APPROVED
2026-09-15 13:01:03.164860+05:30,23310.1,23310.6,23307.8,23310.1,39535.0,0.2425,LOW_TOXICITY,-1.3e-05,0.1039,HOLD,0,0,0.5,0.119,-1,APPROVED
2026-09-15 13:02:05.177169+05:30,23304.35,23305.5,23303.7,23304.35,32372.0,0.2425,LOW_TOXICITY,-3.7e-05,0.105,HOLD,0,0,0.5,0.111,-1,APPROVED
2026-09-15 13:02:07.544779+05:30,23304.3,23305.5,23303.7,23304.3,37618.0,0.2425,LOW_TOXICITY,-3.9e-05,0.1038,HOLD,0,0,0.5,0.111,-1,APPROVED
2026-09-15 13:03:01.531417+05:30,23303.65,23304.15,23302.65,23303.65,29686.0,0.2425,LOW_TOXICITY,-4.8e-05,0.0979,HOLD,0,0,0.5,0.11,-1,APPROVED
2026-09-15 13:03:03.914663+05:30,23303.6,23304.25,23302.65,23303.6,62345.0,0.2425,LOW_TOXICITY,-5e-05,0.0979,HOLD,0,0,0.5,0.11,-1,APPROVED
2026-09-15 13:04:00.257986+05:30,23301.15,23301.15,23300.4,23301.15,14581.0,0.2425,LOW_TOXICITY,-6.6e-05,0.0946,HOLD,0,0,0.5,0.106,-1,APPROVED
2026-09-15 13:04:05.857201+05:30,23300.95,23302.1,23299.95,23300.95,64008.0,0.2425,LOW_TOXICITY,-6.5e-05,0.0939,HOLD,0,0,0.5,0.106,-1,APPROVED
2026-09-15 13:05:02.148708+05:30,23307.85,23308.9,23307.85,23307.85,22011.0,0.2425,LOW_TOXICITY,-5.8e-05,0.0982,HOLD,0,0,0.5,0.116,-1,APPROVED
2026-09-15 13:05:04.737860+05:30,23308.75,23309.15,23307.85,23308.75,30294.0,0.2425,LOW_TOXICITY,-6.6e-05,0.1014,HOLD,0,0,0.5,0.117,-1,APPROVED
2026-09-15 13:06:01.067233+05:30,23315.1,23315.15,23313.95,23315.1,20081.0,0.2425,LOW_TOXICITY,-5.7e-05,0.103,HOLD,0,0,0.5,0.127,-1,APPROVED
2026-09-15 13:06:06.485693+05:30,23314.35,23315.35,23313.95,23314.35,46732.0,0.2425,LOW_TOXICITY,-5.8e-05,0.1002,HOLD,0,0,0.5,0.126,-1,APPROVED
2026-09-15 13:07:02.802241+05:30,23305.15,23305.6,23304.65,23305.15,22012.0,0.2425,LOW_TOXICITY,-8e-05,0.1088,SELL,-1,-1,0.7835,0.112,-1,APPROVED
2026-09-15 13:07:05.361710+05:30,23305.55,23305.7,23304.65,23305.55,33665.0,0.2425,LOW_TOXICITY,-7.8e-05,0.1125,HOLD,0,0,0.5,0.113,-1,APPROVED
2026-09-15 13:08:02.082605+05:30,23305.2,23306.15,23304.2,23305.2,42713.0,0.2425,LOW_TOXICITY,-6.2e-05,0.1043,HOLD,0,0,0.5,0.112,-1,APPROVED
2026-09-15 13:08:02.620223+05:30,23304.15,23306.15,23304.15,23304.15,46042.0,0.2425,LOW_TOXICITY,-6.1e-05,0.1008,HOLD,0,0,0.5,0.11,-1,APPROVED
2026-09-15 13:09:02.115602+05:30,23306.25,23306.35,23305.25,23306.25,13862.0,0.2425,LOW_TOXICITY,-6.3e-05,0.0955,HOLD,0,0,0.5,0.114,-1,APPROVED
2026-09-15 13:09:06.514092+05:30,23306.4,23306.6,23305.1,23306.4,52478.0,0.2425,LOW_TOXICITY,-6e-05,0.0982,HOLD,0,0,0.5,0.114,-1,APPROVED
2026-09-15 13:10:01.147359+05:30,23306.3,23306.4,23304.15,23306.3,38340.0,0.2425,LOW_TOXICITY,-6.1e-05,0.0909,HOLD,0,0,0.5,0.114,-1,APPROVED
2026-09-15 13:10:02.816070+05:30,23305.45,23306.4,23304.15,23305.45,61967.0,0.2425,LOW_TOXICITY,-6.4e-05,0.0939,HOLD,0,0,0.5,0.112,-1,APPROVED
2026-09-15 13:11:00.599847+05:30,23302.65,23303.85,23301.95,23302.65,64149.0,0.2425,LOW_TOXICITY,-6.5e-05,0.0903,HOLD,0,0,0.5,0.108,-1,APPROVED
2026-09-15 13:11:07.131198+05:30,23298.45,23303.85,23297.5,23298.45,117046.0,0.2425,LOW_TOXICITY,-7.6e-05,0.0995,HOLD,0,0,0.5,0.102,-1,APPROVED
2026-09-15 13:12:03.476297+05:30,23293.4,23293.95,23290.75,23293.4,53905.0,0.2425,LOW_TOXICITY,-8.9e-05,0.0993,SELL,-1,1,0.5251,0.094,-1,APPROVED
2026-09-15 13:12:06.317900+05:30,23293.25,23294.1,23290.75,23293.25,66357.0,0.2425,LOW_TOXICITY,-8.4e-05,0.1032,SELL,-1,-1,0.7835,0.094,-1,APPROVED
2026-09-15 13:13:03.137339+05:30,23295.55,23296.5,23294.35,23295.55,24160.0,0.2425,LOW_TOXICITY,-7e-05,0.0953,HOLD,0,0,0.5,0.097,-1,APPROVED
2026-09-15 13:13:06.220939+05:30,23295.45,23296.5,23294.35,23295.45,39906.0,0.2425,LOW_TOXICITY,-7.2e-05,0.0974,HOLD,0,0,0.5,0.097,-1,APPROVED
2026-09-15 13:14:02.705848+05:30,23299.6,23299.95,23297.9,23299.6,20176.0,0.2425,LOW_TOXICITY,-1.9e-05,0.0947,HOLD,0,0,0.5,0.104,-1,APPROVED
2026-09-15 13:14:05.493153+05:30,23297.85,23299.95,23296.6,23297.85,40929.0,0.2425,LOW_TOXICITY,-2e-05,0.0934,HOLD,0,0,0.5,0.101,-1,APPROVED
2026-09-15 13:15:02.053835+05:30,23296.3,23297.15,23294.8,23296.3,69779.0,0.2425,LOW_TOXICITY,-3.9e-05,0.0932,HOLD,0,0,0.5,0.099,-1,APPROVED
2026-09-15 13:15:04.996102+05:30,23292.8,23297.15,23292.7,23292.8,95434.0,0.2425,LOW_TOXICITY,-5.1e-05,0.0942,HOLD,0,0,0.5,0.093,-1,APPROVED
2026-09-15 13:16:01.358454+05:30,23291.55,23292.55,23288.5,23291.55,41492.0,0.2425,LOW_TOXICITY,-5.3e-05,0.0943,HOLD,0,0,0.5,0.091,-1,APPROVED
2026-09-15 13:16:04.318054+05:30,23290.25,23292.55,23288.5,23290.25,53687.0,0.2425,LOW_TOXICITY,-5.6e-05,0.0913,HOLD,0,0,0.5,0.089,-1,APPROVED
2026-09-15 13:17:00.347720+05:30,23284.7,23286.25,23284.05,23284.7,83846.0,0.2425,LOW_TOXICITY,-5.6e-05,0.0995,HOLD,0,0,0.5,0.081,-1,APPROVED
2026-09-15 13:17:03.906717+05:30,23284.9,23286.25,23284.05,23284.9,95463.0,0.2425,LOW_TOXICITY,-5.6e-05,0.0934,HOLD,0,0,0.5,0.081,-1,APPROVED
2026-09-15 13:18:03.725429+05:30,23288.0,23291.65,23287.65,23288.0,85854.0,0.2425,LOW_TOXICITY,-4.5e-05,0.0912,HOLD,0,0,0.5,0.086,-1,APPROVED
2026-09-15 13:18:06.355027+05:30,23289.45,23291.7,23287.65,23289.45,136721.0,0.2425,LOW_TOXICITY,-4e-05,0.0987,HOLD,0,0,0.5,0.088,-1,APPROVED
2026-09-15 13:19:03.203347+05:30,23293.45,23294.85,23292.85,23293.45,27209.0,0.2425,LOW_TOXICITY,-2.1e-05,0.0876,HOLD,0,0,0.5,0.094,-1,APPROVED
2026-09-15 13:19:05.944453+05:30,23293.5,23294.85,23292.55,23293.5,43198.0,0.2425,LOW_TOXICITY,-2.2e-05,0.0951,HOLD,0,0,0.5,0.094,-1,APPROVED
2026-09-15 13:20:04.289434+05:30,23293.35,23294.15,23292.45,23293.35,17203.0,0.2425,LOW_TOXICITY,-4.1e-05,0.0814,HOLD,0,0,0.5,0.094,-1,APPROVED
2026-09-15 13:20:04.946616+05:30,23293.1,23294.15,23292.45,23293.1,24508.0,0.2425,LOW_TOXICITY,-4.5e-05,0.0908,HOLD,0,0,0.5,0.094,-1,APPROVED
2026-09-15 13:21:00.598229+05:30,23288.5,23289.3,23287.65,23288.5,7576.0,0.2425,LOW_TOXICITY,-7.4e-05,0.0856,HOLD,0,0,0.5,0.087,-1,APPROVED
2026-09-15 13:21:04.098594+05:30,23286.75,23289.3,23286.75,23286.75,28394.0,0.2425,LOW_TOXICITY,-8.1e-05,0.0954,SELL,-1,-1,0.6163,0.084,-1,APPROVED
2026-09-15 13:22:04.974550+05:30,23288.5,23288.5,23282.45,23288.5,51427.0,0.2425,LOW_TOXICITY,-4.8e-05,0.0809,HOLD,0,0,0.5,0.087,-1,APPROVED
2026-09-15 13:22:04.260291+05:30,23283.65,23284.1,23282.45,23283.65,51427.0,0.2425,LOW_TOXICITY,-6.3e-05,0.0929,HOLD,0,0,0.5,0.079,-1,APPROVED
2026-09-15 13:23:01.274047+05:30,23281.8,23283.65,23281.8,23281.8,16965.0,0.2425,LOW_TOXICITY,-6.4e-05,0.0904,HOLD,0,0,0.5,0.077,-1,APPROVED
2026-09-15 13:23:03.729917+05:30,23282.35,23285.65,23281.8,23282.35,32731.0,0.2425,LOW_TOXICITY,-6.5e-05,0.0895,HOLD,0,0,0.5,0.077,-1,APPROVED
2026-09-15 13:24:03.019999+05:30,23284.55,23284.7,23282.55,23284.55,23747.0,0.2425,LOW_TOXICITY,-6.3e-05,0.0877,HOLD,0,0,0.5,0.081,-1,APPROVED
2026-09-15 13:24:05.638150+05:30,23284.8,23284.85,23282.55,23284.8,37946.0,0.2425,LOW_TOXICITY,-6.1e-05,0.0844,HOLD,0,0,0.5,0.081,-1,APPROVED
2026-09-15 13:25:01.983935+05:30,23284.8,23285.6,23284.15,23284.8,11893.0,0.2425,LOW_TOXICITY,-6.2e-05,0.0806,HOLD,0,0,0.5,0.081,-1,APPROVED
2026-09-15 13:25:02.150378+05:30,23284.0,23285.6,23284.0,23284.0,11893.0,0.2425,LOW_TOXICITY,-6.1e-05,0.0855,HOLD,0,0,0.5,0.08,-1,APPROVED
2026-09-15 13:26:01.153804+05:30,23284.6,23285.1,23283.7,23284.6,16105.0,0.2425,LOW_TOXICITY,-4e-05,0.084,HOLD,0,0,0.5,0.081,-1,APPROVED
2026-09-15 13:26:06.336386+05:30,23284.55,23285.7,23283.7,23284.55,30306.0,0.2425,LOW_TOXICITY,-5.2e-05,0.0797,HOLD,0,0,0.5,0.081,-1,APPROVED
2026-09-15 13:27:00.515285+05:30,23291.5,23292.1,23290.55,23291.5,12687.0,0.2425,LOW_TOXICITY,-5e-06,0.0922,HOLD,0,0,0.5,0.091,-1,APPROVED
2026-09-15 13:27:02.654129+05:30,23291.8,23292.35,23290.55,23291.8,31656.0,0.2425,LOW_TOXICITY,-4e-06,0.092,HOLD,0,0,0.5,0.092,-1,APPROVED
2026-09-15 13:28:07.068238+05:30,23291.8,23291.8,23289.65,23291.8,30805.0,0.2425,LOW_TOXICITY,-1e-05,0.0826,HOLD,0,0,0.5,0.092,-1,APPROVED
2026-09-15 13:28:06.500314+05:30,23291.1,23291.4,23289.65,23291.1,30805.0,0.2425,LOW_TOXICITY,-1.3e-05,0.0888,HOLD,0,0,0.5,0.091,-1,APPROVED
2026-09-15 13:29:03.349230+05:30,23288.25,23289.85,23288.15,23288.25,22517.0,0.2425,LOW_TOXICITY,-2.7e-05,0.0835,HOLD,0,0,0.5,0.086,-1,APPROVED
2026-09-15 13:29:05.588265+05:30,23289.5,23290.25,23287.8,23289.5,44075.0,0.2425,LOW_TOXICITY,-2.9e-05,0.0808,HOLD,0,0,0.5,0.088,-1,APPROVED
2026-09-15 13:30:04.859873+05:30,23281.2,23283.3,23280.25,23281.2,51126.0,0.2425,LOW_TOXICITY,-4.3e-05,0.0967,HOLD,0,0,0.5,0.076,-1,APPROVED
2026-09-15 13:30:07.692810+05:30,23281.35,23283.3,23280.25,23281.35,57332.0,0.2425,LOW_TOXICITY,-3.3e-05,0.092,HOLD,0,0,0.5,0.076,-1,APPROVED
2026-09-15 13:31:04.074413+05:30,23274.9,23275.85,23273.9,23274.9,91119.0,0.2425,LOW_TOXICITY,-4.4e-05,0.0906,HOLD,0,0,0.5,0.066,-1,APPROVED
2026-09-15 13:31:04.444170+05:30,23275.4,23275.85,23273.9,23275.4,94718.0,0.2425,LOW_TOXICITY,-4.6e-05,0.0886,HOLD,0,0,0.5,0.067,-1,APPROVED
2026-09-15 13:32:00.371444+05:30,23265.9,23266.6,23265.05,23265.9,8170.0,0.2425,LOW_TOXICITY,-5.4e-05,0.0995,HOLD,0,0,0.5,0.052,-1,APPROVED
2026-09-15 13:32:03.801453+05:30,23266.45,23267.05,23265.05,23266.45,29869.0,0.2425,LOW_TOXICITY,-5.2e-05,0.0991,HOLD,0,0,0.5,0.053,-1,APPROVED
2026-09-15 13:33:03.193702+05:30,23267.85,23269.55,23267.3,23267.85,20520.0,0.2425,LOW_TOXICITY,-6.2e-05,0.0807,HOLD,0,0,0.5,0.055,-1,APPROVED
2026-09-15 13:33:04.714776+05:30,23267.85,23269.55,23267.2,23267.85,24249.0,0.2425,LOW_TOXICITY,-5.8e-05,0.0812,HOLD,0,0,0.5,0.055,-1,APPROVED
2026-09-15 13:34:01.049489+05:30,23269.75,23270.15,23268.65,23269.75,10307.0,0.2425,LOW_TOXICITY,-6.8e-05,0.0812,HOLD,0,0,0.5,0.058,-1,APPROVED
2026-09-15 13:34:02.305338+05:30,23270.25,23270.25,23268.65,23270.25,20488.0,0.2425,LOW_TOXICITY,-6.7e-05,0.0817,HOLD,0,0,0.5,0.059,-1,APPROVED
2026-09-15 13:35:01.746220+05:30,23271.15,23271.55,23270.1,23271.15,16380.0,0.2425,LOW_TOXICITY,-6.3e-05,0.0803,HOLD,0,0,0.5,0.06,-1,APPROVED
2026-09-15 13:35:05.588232+05:30,23271.0,23271.65,23270.1,23271.0,43384.0,0.2425,LOW_TOXICITY,-6.4e-05,0.0806,HOLD,0,0,0.5,0.06,-1,APPROVED
2026-09-15 13:36:01.099109+05:30,23273.95,23274.8,23270.55,23273.95,26296.0,0.2425,LOW_TOXICITY,-3.7e-05,0.0822,HOLD,0,0,0.5,0.065,-1,APPROVED
2026-09-15 13:36:02.003395+05:30,23271.0,23274.8,23270.55,23271.0,31611.0,0.2425,LOW_TOXICITY,-5e-05,0.0802,HOLD,0,0,0.5,0.06,-1,APPROVED
2026-09-15 13:37:00.558518+05:30,23279.3,23279.65,23278.05,23279.3,8663.0,0.2425,LOW_TOXICITY,-1.2e-05,0.0875,HOLD,0,0,0.5,0.073,-1,APPROVED
2026-09-15 13:37:06.333233+05:30,23279.15,23280.4,23278.05,23279.15,27446.0,0.2425,LOW_TOXICITY,-2.7e-05,0.0963,HOLD,0,0,0.5,0.073,-1,APPROVED
2026-09-15 13:38:00.279009+05:30,23276.65,23276.65,23274.4,23276.65,5547.0,0.2425,LOW_TOXICITY,-1.6e-05,0.082,HOLD,0,0,0.5,0.069,-1,APPROVED
2026-09-15 13:38:02.637740+05:30,23276.3,23276.75,23274.4,23276.3,8623.0,0.2425,LOW_TOXICITY,-1.6e-05,0.0823,HOLD,0,0,0.5,0.068,-1,APPROVED
2026-09-15 13:39:06.217045+05:30,23270.6,23272.0,23268.2,23270.6,170945.0,0.2425,LOW_TOXICITY,-4e-05,0.0953,HOLD,0,0,0.5,0.06,-1,APPROVED
2026-09-15 13:39:07.033195+05:30,23276.3,23276.3,23268.2,23276.3,174339.0,0.2425,LOW_TOXICITY,-2.4e-05,0.0875,HOLD,0,0,0.5,0.068,-1,APPROVED
2026-09-15 13:40:03.398144+05:30,23267.4,23269.1,23266.05,23267.4,39910.0,0.2425,LOW_TOXICITY,-5e-05,0.0995,HOLD,0,0,0.5,0.055,-1,APPROVED
2026-09-15 13:40:05.502249+05:30,23267.2,23269.1,23266.05,23267.2,58212.0,0.2425,LOW_TOXICITY,-4.8e-05,0.0936,HOLD,0,0,0.5,0.054,-1,APPROVED
2026-09-15 13:41:04.966772+05:30,23252.8,23264.05,23252.65,23252.8,137395.0,0.2425,LOW_TOXICITY,-9.1e-05,0.1242,SELL,-1,1,0.5309,0.032,-1,APPROVED
2026-09-15 13:41:07.832150+05:30,23253.2,23264.05,23252.2,23253.2,234628.0,0.2425,LOW_TOXICITY,-9e-05,0.1254,SELL,-1,1,0.5584,0.033,-1,APPROVED
2026-09-15 13:42:01.346526+05:30,23259.0,23262.95,23258.75,23259.0,26613.0,0.2425,LOW_TOXICITY,-9.4e-05,0.1178,SELL,1,1,0.6912,0.042,-1,VETO
2026-09-15 13:42:04.708667+05:30,23260.95,23262.95,23258.75,23260.95,62790.0,0.2425,LOW_TOXICITY,-8.7e-05,0.1224,SELL,1,1,0.7201,0.045,-1,VETO
2026-09-15 13:43:00.465852+05:30,23256.85,23257.15,23255.45,23256.85,11519.0,0.2425,LOW_TOXICITY,-0.0001,0.1078,SELL,-1,1,0.6783,0.039,-1,APPROVED
2026-09-15 13:43:04.025881+05:30,23258.35,23258.4,23255.45,23258.35,57656.0,0.2425,LOW_TOXICITY,-9.4e-05,0.1127,SELL,-1,-1,0.6009,0.041,-1,APPROVED
2026-09-15 13:44:00.471281+05:30,23260.95,23261.7,23259.55,23260.95,46428.0,0.2425,LOW_TOXICITY,-7.8e-05,0.1022,HOLD,0,0,0.5,0.045,-1,APPROVED
2026-09-15 13:44:03.735470+05:30,23261.7,23262.65,23259.55,23261.7,76879.0,0.2425,LOW_TOXICITY,-8e-05,0.1058,HOLD,0,0,0.5,0.046,-1,APPROVED
2026-09-15 13:45:00.045952+05:30,23262.05,23263.35,23262.0,23262.05,19100.0,0.2425,LOW_TOXICITY,-5.5e-05,0.0954,HOLD,0,0,0.5,0.047,-1,APPROVED
2026-09-15 13:45:02.703855+05:30,23263.25,23263.85,23262.0,23263.25,29520.0,0.2425,LOW_TOXICITY,-5.1e-05,0.0993,HOLD,0,0,0.5,0.048,-1,APPROVED
2026-09-15 13:46:01.832202+05:30,23269.5,23270.2,23268.5,23269.5,18554.0,0.2425,LOW_TOXICITY,-1.7e-05,0.1008,HOLD,0,0,0.5,0.058,-1,APPROVED
2026-09-15 13:46:05.535601+05:30,23268.75,23270.2,23267.9,23268.75,34096.0,0.2425,LOW_TOXICITY,-1.8e-05,0.0983,HOLD,0,0,0.5,0.057,-1,APPROVED
2026-09-15 13:47:00.834251+05:30,23265.85,23267.15,23264.85,23265.85,33414.0,0.2425,LOW_TOXICITY,-2e-06,0.0978,HOLD,0,0,0.5,0.052,-1,APPROVED
2026-09-15 13:47:04.556044+05:30,23266.25,23268.15,23264.85,23266.25,50215.0,0.2425,LOW_TOXICITY,1e-06,0.0935,HOLD,0,0,0.5,0.053,-1,APPROVED
2026-09-15 13:48:01.139141+05:30,23265.55,23266.3,23263.65,23265.55,14265.0,0.2425,LOW_TOXICITY,-7e-06,0.0931,HOLD,0,0,0.5,0.052,-1,APPROVED
2026-09-15 13:48:04.812898+05:30,23265.6,23266.6,23263.65,23265.6,34907.0,0.2425,LOW_TOXICITY,-6e-06,0.0889,HOLD,0,0,0.5,0.052,-1,APPROVED
2026-09-15 13:49:00.559150+05:30,23266.65,23267.4,23265.3,23266.65,20048.0,0.2425,LOW_TOXICITY,-1e-05,0.0879,HOLD,0,0,0.5,0.054,-1,APPROVED
2026-09-15 13:49:04.030909+05:30,23265.3,23267.4,23265.2,23265.3,34469.0,0.2425,LOW_TOXICITY,-1.3e-05,0.0791,HOLD,0,0,0.5,0.051,-1,APPROVED
2026-09-15 13:50:03.293019+05:30,23269.95,23271.2,23269.45,23269.95,19680.0,0.2425,LOW_TOXICITY,-3e-06,0.0844,HOLD,0,0,0.5,0.059,-1,APPROVED
2026-09-15 13:50:05.994454+05:30,23270.65,23271.2,23269.45,23270.65,36272.0,0.2425,LOW_TOXICITY,-1e-06,0.0886,HOLD,0,0,0.5,0.06,-1,APPROVED
2026-09-15 13:51:02.426520+05:30,23273.75,23274.35,23272.0,23273.75,53713.0,0.2425,LOW_TOXICITY,8e-06,0.0827,HOLD,0,0,0.5,0.064,-1,APPROVED
2026-09-15 13:51:06.912362+05:30,23273.3,23274.35,23272.0,23273.3,171232.0,0.2425,LOW_TOXICITY,-2e-06,0.0873,HOLD,0,0,0.5,0.064,-1,APPROVED
2026-09-15 13:52:01.742064+05:30,23274.45,23274.7,23272.75,23274.45,15922.0,0.2425,LOW_TOXICITY,-1.3e-05,0.0792,HOLD,0,0,0.5,0.065,-1,APPROVED
2026-09-15 13:52:03.257476+05:30,23273.2,23274.7,23271.4,23273.2,25867.0,0.2425,LOW_TOXICITY,-1.7e-05,0.085,HOLD,0,0,0.5,0.063,-1,APPROVED
2026-09-15 13:53:00.892977+05:30,23273.55,23274.25,23272.7,23273.55,24359.0,0.2425,LOW_TOXICITY,-8e-06,0.0793,HOLD,0,0,0.5,0.064,-1,APPROVED
2026-09-15 13:53:07.654655+05:30,23273.1,23274.25,23271.95,23273.1,88178.0,0.2425,LOW_TOXICITY,-1e-05,0.0834,HOLD,0,0,0.5,0.063,-1,APPROVED
2026-09-15 13:54:00.298472+05:30,23270.65,23271.2,23269.35,23270.65,24581.0,0.2425,LOW_TOXICITY,-1.6e-05,0.0812,HOLD,0,0,0.5,0.06,-1,APPROVED
2026-09-15 13:54:04.092658+05:30,23270.2,23271.25,23269.35,23270.2,33953.0,0.2425,LOW_TOXICITY,-1e-06,0.084,HOLD,0,0,0.5,0.059,-1,APPROVED
2026-09-15 13:55:00.380322+05:30,23270.2,23270.2,23268.6,23270.2,6153.0,0.2425,LOW_TOXICITY,9e-06,0.0826,HOLD,0,0,0.5,0.059,-1,APPROVED
2026-09-15 13:55:06.032314+05:30,23268.75,23269.65,23268.35,23268.75,30907.0,0.2425,LOW_TOXICITY,4e-06,0.08,HOLD,0,0,0.5,0.057,-1,APPROVED
2026-09-15 13:56:04.687525+05:30,23267.3,23270.35,23267.1,23267.3,107198.0,0.2425,LOW_TOXICITY,4.2e-05,0.0835,HOLD,0,0,0.5,0.055,-1,APPROVED
2026-09-15 13:56:05.430847+05:30,23267.25,23270.35,23266.7,23267.25,124617.0,0.2425,LOW_TOXICITY,4e-05,0.0796,HOLD,0,0,0.5,0.054,-1,APPROVED
2026-09-15 13:57:00.970758+05:30,23266.25,23268.15,23262.4,23266.25,55432.0,0.2425,LOW_TOXICITY,1.5e-05,0.0825,HOLD,0,0,0.5,0.053,-1,APPROVED
2026-09-15 13:57:04.749806+05:30,23268.05,23269.15,23262.4,23268.05,75639.0,0.2425,LOW_TOXICITY,2.6e-05,0.0792,HOLD,0,0,0.5,0.056,-1,APPROVED
2026-09-15 13:58:04.156737+05:30,23269.8,23270.25,23268.1,23269.8,78676.0,0.2425,LOW_TOXICITY,3.7e-05,0.0799,HOLD,0,0,0.5,0.058,-1,APPROVED
2026-09-15 13:58:05.329461+05:30,23270.75,23271.35,23268.1,23270.75,83042.0,0.2425,LOW_TOXICITY,3.6e-05,0.0858,HOLD,0,0,0.5,0.06,-1,APPROVED
2026-09-15 13:59:01.641022+05:30,23271.05,23271.9,23270.4,23271.05,9651.0,0.2425,LOW_TOXICITY,2.7e-05,0.0789,HOLD,0,0,0.5,0.06,-1,APPROVED
2026-09-15 13:59:03.520101+05:30,23269.95,23271.9,23269.1,23269.95,34737.0,0.2425,LOW_TOXICITY,2.6e-05,0.0789,HOLD,0,0,0.5,0.059,-1,APPROVED
2026-09-15 14:00:02.930789+05:30,23272.95,23273.0,23271.4,23272.95,21370.0,0.2425,LOW_TOXICITY,3.1e-05,0.0812,HOLD,0,0,0.5,0.063,-1,APPROVED
2026-09-15 14:00:05.981302+05:30,23272.7,23273.05,23271.4,23272.7,123806.0,0.2425,LOW_TOXICITY,2.7e-05,0.0796,HOLD,0,0,0.5,0.063,-1,APPROVED
2026-09-15 14:01:02.279258+05:30,23275.9,23276.5,23273.95,23275.9,11290.0,0.2425,LOW_TOXICITY,1.8e-05,0.0815,HOLD,0,0,0.5,0.068,-1,APPROVED
2026-09-15 14:01:02.417548+05:30,23274.3,23276.5,23273.95,23274.3,19255.0,0.2425,LOW_TOXICITY,1.6e-05,0.0793,HOLD,0,0,0.5,0.065,-1,APPROVED
2026-09-15 14:02:01.743462+05:30,23270.25,23271.65,23269.4,23270.25,20024.0,0.2425,LOW_TOXICITY,1.1e-05,0.0829,HOLD,0,0,0.5,0.059,-1,APPROVED
2026-09-15 14:02:06.657863+05:30,23270.65,23271.85,23269.4,23270.65,28961.0,0.2425,LOW_TOXICITY,1.4e-05,0.0855,HOLD,0,0,0.5,0.06,-1,APPROVED
2026-09-15 14:03:01.102384+05:30,23272.75,23273.2,23271.75,23272.75,6747.0,0.2425,LOW_TOXICITY,2e-05,0.0805,HOLD,0,0,0.5,0.063,-1,APPROVED
2026-09-15 14:03:02.974950+05:30,23272.8,23273.2,23271.75,23272.8,16974.0,0.2425,LOW_TOXICITY,2.1e-05,0.0801,HOLD,0,0,0.5,0.063,-1,APPROVED
2026-09-15 14:04:00.564249+05:30,23273.8,23274.55,23273.0,23273.8,12075.0,0.2425,LOW_TOXICITY,2.4e-05,0.0792,HOLD,0,0,0.5,0.064,-1,APPROVED
2026-09-15 14:04:07.321498+05:30,23273.75,23274.55,23272.95,23273.75,33127.0,0.2425,LOW_TOXICITY,2e-05,0.0791,HOLD,0,0,0.5,0.064,-1,APPROVED
2026-09-15 14:05:03.632397+05:30,23270.6,23271.45,23270.25,23270.6,24038.0,0.2425,LOW_TOXICITY,-0.0,0.0813,HOLD,0,0,0.5,0.06,-1,APPROVED
2026-09-15 14:05:06.321502+05:30,23270.85,23271.6,23270.25,23270.85,39031.0,0.2425,LOW_TOXICITY,3e-06,0.081,HOLD,0,0,0.5,0.06,-1,APPROVED
2026-09-15 14:06:00.073913+05:30,23270.6,23270.6,23265.3,23270.6,34610.0,0.2425,LOW_TOXICITY,-8e-06,0.0788,HOLD,0,0,0.5,0.06,-1,APPROVED
2026-09-15 14:06:05.993719+05:30,23269.3,23269.45,23265.3,23269.3,78067.0,0.2425,LOW_TOXICITY,-1.3e-05,0.0794,HOLD,0,0,0.5,0.058,-1,APPROVED
2026-09-15 14:07:04.464976+05:30,23272.1,23275.25,23271.1,23272.1,31898.0,0.2425,LOW_TOXICITY,-3e-06,0.0795,HOLD,0,0,0.5,0.062,-1,APPROVED
2026-09-15 14:07:05.346063+05:30,23272.05,23275.25,23271.1,23272.05,41920.0,0.2425,LOW_TOXICITY,-7e-06,0.0808,HOLD,0,0,0.5,0.062,-1,APPROVED
2026-09-15 14:08:00.957320+05:30,23269.5,23271.55,23268.8,23269.5,20241.0,0.2425,LOW_TOXICITY,-1e-05,0.0805,HOLD,0,0,0.5,0.058,-1,APPROVED
2026-09-15 14:08:04.796891+05:30,23266.55,23271.55,23266.4,23266.55,49363.0,0.2425,LOW_TOXICITY,-2e-05,0.0862,HOLD,0,0,0.5,0.053,-1,APPROVED
2026-09-15 14:09:04.071168+05:30,23263.95,23265.15,23262.7,23263.95,52276.0,0.2425,LOW_TOXICITY,-1.9e-05,0.0804,HOLD,0,0,0.5,0.049,-1,APPROVED
2026-09-15 14:09:05.272344+05:30,23264.05,23265.15,23262.7,23264.05,55404.0,0.2425,LOW_TOXICITY,-1.8e-05,0.0853,HOLD,0,0,0.5,0.05,-1,APPROVED
2026-09-15 14:10:01.638275+05:30,23256.85,23260.05,23256.6,23256.85,17273.0,0.2425,LOW_TOXICITY,-3.8e-05,0.0928,HOLD,0,0,0.5,0.039,-1,APPROVED
2026-09-15 14:10:03.537129+05:30,23256.9,23260.05,23256.55,23256.9,42248.0,0.2425,LOW_TOXICITY,-3.4e-05,0.0907,HOLD,0,0,0.5,0.039,-1,APPROVED
2026-09-15 14:11:02.867446+05:30,23247.35,23248.3,23245.1,23247.35,79474.0,0.2425,LOW_TOXICITY,-5.7e-05,0.0996,HOLD,0,0,0.5,0.024,-1,APPROVED
2026-09-15 14:11:05.998324+05:30,23248.15,23249.65,23245.1,23248.15,101473.0,0.2425,LOW_TOXICITY,-5.5e-05,0.1018,HOLD,0,0,0.5,0.025,-1,APPROVED
2026-09-15 14:12:02.384628+05:30,23248.15,23248.15,23237.4,23248.15,55691.0,0.2425,LOW_TOXICITY,-5.2e-05,0.0947,HOLD,0,0,0.5,0.025,-1,APPROVED
2026-09-15 14:12:02.082511+05:30,23238.6,23239.8,23237.4,23238.6,55691.0,0.2425,LOW_TOXICITY,-8.4e-05,0.0965,SELL,-1,-1,0.5,0.011,-1,VETO
2026-09-15 14:13:03.077131+05:30,23233.85,23235.4,23233.75,23233.85,86030.0,0.2425,LOW_TOXICITY,-0.000103,0.0843,SELL,-1,-1,0.5,0.004,-1,VETO
2026-09-15 14:13:08.456560+05:30,23234.1,23236.25,23233.75,23234.1,129939.0,0.2425,LOW_TOXICITY,-0.000105,0.1216,SELL,-1,-1,0.5,0.004,-1,VETO
2026-09-15 14:14:02.648142+05:30,23236.75,23237.2,23236.0,23236.75,24655.0,0.2425,LOW_TOXICITY,-9.5e-05,0.0809,SELL,-1,-1,0.5,0.008,-1,VETO
2026-09-15 14:14:04.760729+05:30,23237.35,23237.55,23236.0,23237.35,40980.0,0.2425,LOW_TOXICITY,-9.7e-05,0.1112,SELL,-1,-1,0.5,0.009,-1,VETO
2026-09-15 14:15:01.042681+05:30,23227.65,23229.3,23226.4,23227.65,17104.0,0.2425,LOW_TOXICITY,-0.000129,0.1165,SELL,-1,-1,0.5,0.0,-1,VETO
2026-09-15 14:15:01.820459+05:30,23227.6,23229.3,23225.9,23227.6,26792.0,0.2425,LOW_TOXICITY,-0.00013,0.0981,SELL,-1,-1,0.5,0.0,-1,VETO
2026-09-15 14:16:01.093255+05:30,23207.65,23209.4,23206.7,23207.65,27143.0,0.2425,LOW_TOXICITY,-0.000191,0.15,SELL,-1,-1,0.5,0.0,-1,VETO
2026-09-15 14:16:05.381407+05:30,23206.85,23209.4,23206.7,23206.85,70119.0,0.2425,LOW_TOXICITY,-0.000198,0.1615,SELL,-1,-1,0.5,0.0,-1,VETO
2026-09-15 14:17:00.236217+05:30,23210.4,23210.7,23209.85,23210.4,28933.0,0.2425,LOW_TOXICITY,-0.000172,0.0806,SELL,-1,-1,0.5,0.0,-1,VETO
2026-09-15 14:17:01.735081+05:30,23210.4,23210.95,23209.85,23210.4,33844.0,0.2425,LOW_TOXICITY,-0.000173,0.1421,SELL,-1,-1,0.5,0.0,-1,VETO
2026-09-15 14:18:06.118114+05:30,23210.4,23211.65,23209.6,23210.4,47392.0,0.2425,LOW_TOXICITY,-0.000179,0.1254,SELL,-1,-1,0.5,0.0,-1,VETO
2026-09-15 14:18:05.924379+05:30,23210.05,23211.65,23209.6,23210.05,47392.0,0.2425,LOW_TOXICITY,-0.00018,0.0787,SELL,-1,-1,0.5,0.0,-1,VETO
2026-09-15 14:19:02.505852+05:30,23200.25,23206.55,23198.95,23200.25,116370.0,0.2425,LOW_TOXICITY,-0.000211,0.113,SELL,-1,-1,0.5,0.0,-1,VETO
2026-09-15 14:19:05.205618+05:30,23201.85,23206.55,23198.55,23201.85,292365.0,0.2425,LOW_TOXICITY,-0.000206,0.1105,SELL,-1,-1,0.5,0.0,-1,VETO
2026-09-15 14:20:04.148470+05:30,23199.55,23200.3,23197.15,23199.55,70425.0,0.2425,LOW_TOXICITY,-0.000205,0.1007,SELL,-1,-1,0.5,0.0,-1,VETO
2026-09-15 14:20:06.826900+05:30,23199.75,23200.4,23197.15,23199.75,98697.0,0.2425,LOW_TOXICITY,-0.000203,0.1005,SELL,-1,-1,0.5,0.0,-1,VETO
2026-09-15 14:21:03.165800+05:30,23204.45,23205.25,23203.45,23204.45,30531.0,0.2425,LOW_TOXICITY,-0.00019,0.0959,SELL,-1,-1,0.5,0.0,-1,VETO
2026-09-15 14:21:03.243503+05:30,23205.15,23205.25,23203.45,23205.15,37497.0,0.2425,LOW_TOXICITY,-0.000184,0.0982,SELL,-1,-1,0.5,0.0,-1,VETO
2026-09-15 14:22:02.517981+05:30,23211.75,23212.15,23209.75,23211.75,25328.0,0.2425,LOW_TOXICITY,-0.000173,0.0986,SELL,-1,-1,0.5,0.0,-1,VETO
2026-09-15 14:22:07.456040+05:30,23210.25,23212.15,23207.9,23210.25,104690.0,0.2425,LOW_TOXICITY,-0.000177,0.0949,SELL,-1,-1,0.5,0.0,-1,VETO
2026-09-15 14:23:01.629965+05:30,23217.05,23217.25,23215.8,23217.05,17308.0,0.2425,LOW_TOXICITY,-0.000142,0.0964,SELL,-1,-1,0.5,0.0,-1,VETO
2026-09-15 14:23:03.864838+05:30,23217.4,23217.65,23215.8,23217.4,30001.0,0.2425,LOW_TOXICITY,-0.000149,0.097,SELL,-1,-1,0.5,0.0,-1,VETO
2026-09-15 14:24:00.171961+05:30,23213.2,23213.3,23213.05,23213.2,0.0,0.2425,LOW_TOXICITY,-0.000146,0.0928,SELL,-1,-1,0.5,0.0,-1,VETO
2026-09-15 14:24:07.058928+05:30,23210.1,23213.95,23209.55,23210.1,113345.0,0.2425,LOW_TOXICITY,-0.000154,0.0983,SELL,-1,-1,0.5,0.0,-1,VETO
2026-09-15 14:25:03.413451+05:30,23207.25,23208.0,23206.35,23207.25,32701.0,0.2425,LOW_TOXICITY,-0.000142,0.0929,SELL,-1,-1,0.5,0.0,-1,VETO
2026-09-15 14:25:04.585004+05:30,23207.5,23208.1,23206.35,23207.5,50369.0,0.2425,LOW_TOXICITY,-0.000142,0.0926,SELL,-1,-1,0.5,0.0,-1,VETO
2026-09-15 14:26:00.930755+05:30,23208.05,23208.05,23206.9,23208.05,1843.0,0.2425,LOW_TOXICITY,-0.000115,0.0873,SELL,-1,-1,0.5,0.0,-1,VETO
2026-09-15 14:26:07.820656+05:30,23207.3,23208.75,23206.75,23207.3,62930.0,0.2425,LOW_TOXICITY,-0.000115,0.0878,SELL,-1,-1,0.5,0.0,-1,VETO
2026-09-15 14:27:04.104736+05:30,23208.6,23209.35,23206.5,23208.6,28425.0,0.2425,LOW_TOXICITY,-8.6e-05,0.0848,SELL,-1,-1,0.5,0.0,-1,VETO
2026-09-15 14:27:05.273049+05:30,23207.7,23209.4,23206.5,23207.7,59027.0,0.2425,LOW_TOXICITY,-0.000116,0.084,SELL,-1,-1,0.5,0.0,-1,VETO
2026-09-15 14:28:00.594810+05:30,23207.4,23208.45,23206.55,23207.4,23992.0,0.2425,LOW_TOXICITY,-7.6e-05,0.0828,HOLD,0,0,0.5,0.0,-1,APPROVED
2026-09-15 14:28:01.599043+05:30,23207.7,23208.45,23205.55,23207.7,28127.0,0.2425,LOW_TOXICITY,-7.6e-05,0.0819,HOLD,0,0,0.5,0.0,-1,APPROVED
2026-09-15 14:29:04.968304+05:30,23199.0,23199.5,23198.0,23199.0,56788.0,0.2425,LOW_TOXICITY,-0.000108,0.0843,SELL,-1,-1,0.5,0.0,-1,VETO
2026-09-15 14:29:05.879957+05:30,23207.7,23207.7,23198.0,23207.7,60559.0,0.2442,LOW_TOXICITY,-8.5e-05,0.0792,SELL,-1,-1,0.5,0.0,-1,VETO
2026-09-15 14:30:01.326305+05:30,23202.1,23202.6,23201.05,23202.1,33062.0,0.2425,LOW_TOXICITY,-7.3e-05,0.08,HOLD,0,0,0.5,0.0,-1,APPROVED
2026-09-15 14:30:02.228055+05:30,23207.7,23207.7,23201.05,23207.7,33062.0,0.2442,LOW_TOXICITY,-5.7e-05,0.0792,HOLD,0,0,0.5,0.0,-1,APPROVED
2026-09-15 14:31:05.876927+05:30,23204.9,23206.35,23202.5,23204.9,39013.0,0.2425,LOW_TOXICITY,-8e-06,0.0768,HOLD,0,0,0.5,0.0,-1,APPROVED
2026-09-15 14:31:06.707903+05:30,23207.7,23207.7,23202.5,23207.7,45268.0,0.2442,LOW_TOXICITY,2e-06,0.0792,HOLD,0,0,0.5,0.0,-1,APPROVED
2026-09-15 14:32:02.281160+05:30,23205.25,23205.65,23204.15,23205.25,7274.0,0.2425,LOW_TOXICITY,-1.5e-05,0.0732,HOLD,0,0,0.5,0.0,-1,APPROVED
2026-09-15 14:32:03.010106+05:30,23207.7,23207.7,23204.15,23207.7,11880.0,0.2442,LOW_TOXICITY,-8e-06,0.0792,HOLD,0,0,0.5,0.0,-1,APPROVED
2026-09-15 14:33:06.619179+05:30,23207.85,23208.35,23206.5,23207.85,52770.0,0.2425,LOW_TOXICITY,-6e-06,0.0722,HOLD,0,0,0.5,0.0,-1,APPROVED
2026-09-15 14:33:07.496082+05:30,23207.7,23208.65,23206.5,23207.7,60151.0,0.2442,LOW_TOXICITY,-8e-06,0.0792,HOLD,0,0,0.5,0.0,-1,APPROVED
2026-09-15 14:34:02.964520+05:30,23211.45,23211.95,23210.05,23211.45,51316.0,0.2425,LOW_TOXICITY,2.8e-05,0.0729,HOLD,0,0,0.5,0.0,-1,APPROVED
2026-09-15 14:34:03.855208+05:30,23207.7,23211.95,23207.7,23207.7,55209.0,0.2442,LOW_TOXICITY,2.1e-05,0.0792,HOLD,0,0,0.5,0.0,-1,APPROVED
2026-09-15 14:35:00.232112+05:30,23210.3,23210.5,23210.2,23210.3,0.0,0.2442,LOW_TOXICITY,3e-05,0.081,HOLD,0,0,0.5,0.0,-1,APPROVED
2026-09-15 14:35:07.375842+05:30,23209.6,23211.4,23208.15,23209.6,64030.0,0.2425,LOW_TOXICITY,2.9e-05,0.0715,HOLD,0,0,0.5,0.0,-1,APPROVED
2026-09-15 14:36:03.713577+05:30,23210.95,23211.2,23208.9,23210.95,31474.0,0.2425,LOW_TOXICITY,1.7e-05,0.0701,HOLD,0,0,0.5,0.0,-1,APPROVED
2026-09-15 14:36:04.606331+05:30,23210.3,23211.4,23208.9,23210.3,51320.0,0.2442,LOW_TOXICITY,1.7e-05,0.0792,HOLD,0,0,0.5,0.0,-1,APPROVED
2026-09-15 14:37:00.083594+05:30,23211.4,23211.9,23210.85,23211.4,0.0,0.2425,LOW_TOXICITY,-1e-06,0.0689,HOLD,0,0,0.5,0.0,-1,APPROVED
2026-09-15 14:37:00.942546+05:30,23210.3,23211.9,23210.3,23210.3,7584.0,0.2442,LOW_TOXICITY,0.0,0.0792,HOLD,0,0,0.5,0.0,-1,APPROVED
2026-09-15 14:38:04.466265+05:30,23211.05,23211.55,23209.95,23211.05,30019.0,0.2425,LOW_TOXICITY,-1.7e-05,0.0681,HOLD,0,0,0.5,0.0,-1,APPROVED
2026-09-15 14:38:05.442572+05:30,23210.3,23211.55,23209.95,23210.3,30019.0,0.2442,LOW_TOXICITY,-2e-05,0.0792,HOLD,0,0,0.5,0.0,-1,APPROVED
2026-09-15 14:39:00.856196+05:30,23216.1,23216.5,23215.7,23216.1,12259.0,0.2425,LOW_TOXICITY,1.7e-05,0.0855,HOLD,0,0,0.5,0.0,-1,APPROVED
2026-09-15 14:39:01.793174+05:30,23210.3,23216.5,23210.3,23210.3,17328.0,0.2442,LOW_TOXICITY,-8e-06,0.0789,HOLD,0,0,0.5,0.0,-1,APPROVED
2026-09-15 14:40:05.213545+05:30,23214.25,23216.05,23213.9,23214.25,31664.0,0.2425,LOW_TOXICITY,2e-05,0.0797,HOLD,0,0,0.5,0.0,-1,APPROVED
2026-09-15 14:40:06.169051+05:30,23210.3,23216.05,23210.3,23210.3,43323.0,0.2442,LOW_TOXICITY,8e-06,0.0789,HOLD,0,0,0.5,0.0,-1,APPROVED
2026-09-15 14:41:01.685582+05:30,23217.95,23218.5,23216.45,23217.95,24530.0,0.2425,LOW_TOXICITY,3.1e-05,0.0825,HOLD,0,0,0.5,0.0,-1,APPROVED
2026-09-15 14:41:02.552546+05:30,23210.3,23218.75,23210.3,23210.3,26590.0,0.2442,LOW_TOXICITY,6e-06,0.0789,HOLD,0,0,0.5,0.0,-1,APPROVED
2026-09-15 14:42:06.059770+05:30,23220.3,23220.95,23218.1,23220.3,50730.0,0.2425,LOW_TOXICITY,3.4e-05,0.0803,HOLD,0,0,0.5,0.0,-1,APPROVED
2026-09-15 14:42:06.854696+05:30,23210.3,23220.95,23210.3,23210.3,61564.0,0.2442,LOW_TOXICITY,7e-06,0.0789,HOLD,0,0,0.5,0.0,-1,APPROVED
2026-09-15 14:43:02.528843+05:30,23215.8,23217.9,23215.8,23215.8,44152.0,0.2425,LOW_TOXICITY,2.4e-05,0.084,HOLD,0,0,0.5,0.0,-1,APPROVED
2026-09-15 14:43:03.173605+05:30,23210.3,23217.9,23210.3,23210.3,44152.0,0.2442,LOW_TOXICITY,7e-06,0.0789,HOLD,0,0,0.5,0.0,-1,APPROVED
2026-09-15 14:44:06.867242+05:30,23220.65,23221.4,23216.8,23220.65,109034.0,0.2425,LOW_TOXICITY,6.2e-05,0.085,HOLD,0,0,0.5,0.0,-1,APPROVED
2026-09-15 14:44:07.551558+05:30,23210.3,23221.4,23210.3,23210.3,145137.0,0.2442,LOW_TOXICITY,7e-06,0.0789,HOLD,0,0,0.5,0.0,-1,APPROVED
2026-09-15 14:45:03.242833+05:30,23216.55,23216.75,23215.4,23216.55,34152.0,0.2425,LOW_TOXICITY,4.2e-05,0.0831,HOLD,0,0,0.5,0.0,-1,APPROVED
2026-09-15 14:45:03.921081+05:30,23210.3,23216.75,23210.3,23210.3,46968.0,0.2442,LOW_TOXICITY,7e-06,0.0789,HOLD,0,0,0.5,0.0,-1,APPROVED
2026-09-15 14:46:00.240638+05:30,23207.4,23208.1,23207.35,23207.4,0.0,0.2442,LOW_TOXICITY,-1e-06,0.081,HOLD,0,0,0.5,0.0,-1,APPROVED
2026-09-15 14:46:07.675854+05:30,23205.8,23208.1,23204.9,23205.8,107258.0,0.2425,LOW_TOXICITY,3e-06,0.1053,HOLD,0,0,0.5,0.0,-1,APPROVED
2026-09-15 14:47:04.022592+05:30,23189.85,23192.9,23189.1,23189.85,125658.0,0.2425,LOW_TOXICITY,-4.4e-05,0.1304,HOLD,0,0,0.5,0.0,-1,APPROVED
2026-09-15 14:47:04.619989+05:30,23207.4,23207.4,23188.2,23207.4,170948.0,0.2442,LOW_TOXICITY,-1e-06,0.0789,HOLD,0,0,0.5,0.0,-1,APPROVED
2026-09-15 14:48:00.361543+05:30,23173.7,23173.7,23171.45,23173.7,0.0,0.2425,LOW_TOXICITY,-9.8e-05,0.1315,SELL,-1,-1,0.5,0.0,-1,VETO
2026-09-15 14:48:00.953518+05:30,23207.4,23207.4,23171.45,23207.4,13264.0,0.2442,LOW_TOXICITY,-1e-06,0.0789,HOLD,0,0,0.5,0.0,-1,APPROVED
2026-09-15 14:49:04.779037+05:30,23162.55,23165.8,23159.0,23162.55,201420.0,0.2425,LOW_TOXICITY,-0.000141,0.1517,SELL,-1,-1,0.5,0.0,-1,VETO
2026-09-15 14:49:05.246214+05:30,23207.4,23207.4,23159.0,23207.4,201420.0,0.2442,LOW_TOXICITY,-1e-06,0.0788,HOLD,0,0,0.5,0.0,-1,APPROVED
2026-09-15 14:50:01.108466+05:30,23165.5,23165.5,23164.6,23165.5,19278.0,0.2425,LOW_TOXICITY,-0.000127,0.1345,SELL,-1,-1,0.5,0.0,-1,VETO
2026-09-15 14:50:01.623895+05:30,23207.4,23207.4,23164.6,23207.4,53146.0,0.2442,LOW_TOXICITY,-8e-06,0.0788,HOLD,0,0,0.5,0.0,-1,APPROVED
2026-09-15 14:51:05.500149+05:30,23186.15,23187.65,23182.35,23186.15,117456.0,0.2476,LOW_TOXICITY,-7.1e-05,0.1714,HOLD,0,0,0.5,0.0,-1,APPROVED
2026-09-15 14:51:05.970318+05:30,23207.4,23207.4,23182.35,23207.4,117456.0,0.2442,LOW_TOXICITY,-8e-06,0.0788,HOLD,0,0,0.5,0.0,-1,APPROVED
2026-09-15 14:52:01.834710+05:30,23189.85,23190.7,23189.6,23189.85,48626.0,0.2476,LOW_TOXICITY,-6.2e-05,0.1507,HOLD,0,0,0.5,0.0,-1,APPROVED
2026-09-15 14:52:02.241177+05:30,23207.4,23207.4,23189.6,23207.4,48626.0,0.2442,LOW_TOXICITY,-8e-06,0.0788,HOLD,0,0,0.5,0.0,-1,APPROVED
2026-09-15 14:53:06.264801+05:30,23188.15,23189.65,23188.05,23188.15,60318.0,0.2476,LOW_TOXICITY,-6.6e-05,0.1329,HOLD,0,0,0.5,0.0,-1,APPROVED
2026-09-15 14:53:06.635594+05:30,23207.4,23207.4,23187.25,23207.4,78537.0,0.2442,LOW_TOXICITY,-8e-06,0.0788,HOLD,0,0,0.5,0.0,-1,APPROVED
2026-09-15 14:54:02.609068+05:30,23184.4,23184.9,23182.65,23184.4,354425.0,0.2476,LOW_TOXICITY,-9.1e-05,0.1206,SELL,-1,-1,0.5,0.0,-1,VETO
2026-09-15 14:54:05.743179+05:30,23183.15,23184.9,23182.65,23183.15,482981.0,0.2442,LOW_TOXICITY,-7.8e-05,0.1755,HOLD,0,0,0.5,0.0,-1,APPROVED
2026-09-15 14:55:02.010395+05:30,23179.25,23179.7,23177.9,23179.25,29226.0,0.2442,LOW_TOXICITY,-8.9e-05,0.0825,SELL,-1,-1,0.5,0.0,-1,VETO
2026-09-15 14:55:06.899423+05:30,23184.25,23184.9,23177.9,23184.25,207258.0,0.2476,LOW_TOXICITY,-8.6e-05,0.109,SELL,-1,-1,0.5,0.0,-1,VETO
2026-09-15 14:56:03.240660+05:30,23177.5,23179.55,23177.4,23177.5,53187.0,0.2476,LOW_TOXICITY,-0.000116,0.1077,SELL,-1,-1,0.5,0.0,-1,VETO
2026-09-15 14:56:06.399553+05:30,23178.4,23179.55,23177.4,23178.4,122023.0,0.2442,LOW_TOXICITY,-9.2e-05,0.0789,SELL,-1,-1,0.5,0.0,-1,VETO
2026-09-15 14:57:02.791590+05:30,23183.0,23184.2,23182.9,23183.0,46261.0,0.2442,LOW_TOXICITY,-7.8e-05,0.0845,HOLD,0,0,0.5,0.0,-1,APPROVED
2026-09-15 14:57:07.639538+05:30,23184.2,23184.45,23182.6,23184.2,165992.0,0.2476,LOW_TOXICITY,-0.000104,0.1069,SELL,-1,-1,0.5,0.0,-1,VETO
2026-09-15 14:58:04.033826+05:30,23184.75,23184.95,23183.35,23184.75,75206.0,0.2476,LOW_TOXICITY,-8.9e-05,0.0986,SELL,-1,-1,0.5,0.0,-1,VETO
2026-09-15 14:58:07.112083+05:30,23185.0,23185.15,23183.35,23185.0,129289.0,0.2442,LOW_TOXICITY,-7.3e-05,0.0799,HOLD,0,0,0.5,0.0,-1,APPROVED
2026-09-15 14:59:00.365348+05:30,23179.4,23180.15,23178.65,23179.4,0.0,0.2476,LOW_TOXICITY,-0.000119,0.0937,SELL,-1,-1,0.5,0.0,-1,VETO
2026-09-15 14:59:03.471611+05:30,23178.4,23181.5,23178.4,23178.4,63427.0,0.2442,LOW_TOXICITY,-9.2e-05,0.1078,SELL,-1,-1,0.5,0.0,-1,VETO
2026-09-15 15:00:04.774007+05:30,23175.15,23175.9,23174.05,23175.15,248066.0,0.2476,LOW_TOXICITY,-0.000119,0.0921,SELL,-1,-1,0.5,0.0,-1,VETO
2026-09-15 15:00:07.817261+05:30,23174.25,23175.9,23173.6,23174.25,308194.0,0.2442,LOW_TOXICITY,-0.000104,0.1027,SELL,-1,-1,0.5,0.0,-1,VETO
2026-09-15 15:01:01.300468+05:30,23172.0,23173.5,23171.95,23172.0,50774.0,0.2476,LOW_TOXICITY,-9.7e-05,0.0897,SELL,-1,-1,0.5,0.0,-1,VETO
2026-09-15 15:01:04.344010+05:30,23172.4,23173.5,23170.9,23172.4,115498.0,0.2442,LOW_TOXICITY,-0.000101,0.0966,SELL,-1,-1,0.5,0.0,-1,VETO
2026-09-15 15:02:00.763192+05:30,23178.75,23179.5,23177.8,23178.75,21098.0,0.2442,LOW_TOXICITY,-8.2e-05,0.0992,SELL,-1,-1,0.5,0.0,-1,VETO
2026-09-15 15:02:05.708537+05:30,23178.75,23179.5,23177.2,23178.75,160860.0,0.2476,LOW_TOXICITY,-3.2e-05,0.0945,HOLD,0,0,0.5,0.0,-1,APPROVED
2026-09-15 15:03:02.012773+05:30,23176.8,23177.05,23175.65,23176.8,54342.0,0.2476,LOW_TOXICITY,9e-06,0.0902,HOLD,0,0,0.5,0.0,-1,APPROVED
2026-09-15 15:03:05.208640+05:30,23174.95,23177.05,23174.25,23174.95,131226.0,0.2442,LOW_TOXICITY,-9.3e-05,0.0961,SELL,-1,-1,0.5,0.0,-1,VETO
2026-09-15 15:04:01.522472+05:30,23176.35,23176.7,23175.35,23176.35,38097.0,0.2442,LOW_TOXICITY,-8.9e-05,0.0917,SELL,-1,-1,0.5,0.0,-1,VETO
2026-09-15 15:04:06.334304+05:30,23175.0,23177.3,23174.6,23175.0,152915.0,0.2476,LOW_TOXICITY,3.6e-05,0.0873,HOLD,0,0,0.5,0.0,-1,APPROVED
2026-09-15 15:05:02.673156+05:30,23182.8,23184.45,23181.95,23182.8,89183.0,0.2476,LOW_TOXICITY,5e-05,0.0956,HOLD,0,0,0.5,0.0,-1,APPROVED
2026-09-15 15:05:05.877303+05:30,23183.9,23185.0,23181.75,23183.9,178304.0,0.2442,LOW_TOXICITY,-6.8e-05,0.0989,HOLD,0,0,0.5,0.0,-1,APPROVED
2026-09-15 15:06:02.253373+05:30,23173.5,23175.7,23172.3,23173.5,91318.0,0.2442,LOW_TOXICITY,-9.7e-05,0.1113,SELL,-1,-1,0.5,0.0,-1,VETO
2026-09-15 15:06:06.995356+05:30,23170.8,23175.7,23169.75,23170.8,233660.0,0.2476,LOW_TOXICITY,-4.4e-05,0.1124,HOLD,0,0,0.5,0.0,-1,APPROVED
2026-09-15 15:07:03.329275+05:30,23173.8,23175.3,23172.7,23173.8,213420.0,0.2476,LOW_TOXICITY,-4.6e-05,0.1031,HOLD,0,0,0.5,0.0,-1,APPROVED
2026-09-15 15:07:06.796375+05:30,23174.8,23175.5,23172.7,23174.8,336023.0,0.2442,LOW_TOXICITY,-9.4e-05,0.1028,SELL,-1,-1,0.5,0.0,-1,VETO
2026-09-15 15:08:03.436851+05:30,23176.55,23177.75,23175.8,23176.55,140493.0,0.2442,LOW_TOXICITY,-8.9e-05,0.0968,SELL,-1,-1,0.5,0.0,-1,VETO
2026-09-15 15:08:07.847983+05:30,23174.25,23177.75,23174.25,23174.25,244258.0,0.2476,LOW_TOXICITY,-4e-05,0.0954,HOLD,0,0,0.5,0.0,-1,APPROVED
2026-09-15 15:09:04.181464+05:30,23172.2,23174.1,23171.7,23172.2,101731.0,0.2476,LOW_TOXICITY,-3.5e-05,0.0806,HOLD,0,0,0.5,0.0,-1,APPROVED
2026-09-15 15:09:07.884636+05:30,23166.45,23174.1,23166.45,23166.45,561811.0,0.2442,LOW_TOXICITY,-4.8e-05,0.1107,HOLD,0,0,0.5,0.0,-1,APPROVED
2026-09-15 15:10:00.594279+05:30,23175.05,23175.05,23173.25,23175.05,71626.0,0.2476,LOW_TOXICITY,-2.6e-05,0.0819,HOLD,0,0,0.5,0.0,-1,APPROVED
2026-09-15 15:10:04.240170+05:30,23174.0,23175.85,23173.25,23174.0,336792.0,0.2442,LOW_TOXICITY,-1.5e-05,0.1123,HOLD,0,0,0.5,0.0,-1,APPROVED
2026-09-15 15:11:00.576316+05:30,23173.7,23175.05,23172.45,23173.7,24467.0,0.2442,LOW_TOXICITY,-1.4e-05,0.1039,HOLD,0,0,0.5,0.0,-1,APPROVED
2026-09-15 15:11:04.949201+05:30,23174.5,23176.3,23172.45,23174.5,332262.0,0.2476,LOW_TOXICITY,-9e-06,0.0796,HOLD,0,0,0.5,0.0,-1,APPROVED
2026-09-15 15:12:01.438543+05:30,23186.9,23188.55,23186.0,23186.9,51214.0,0.2476,LOW_TOXICITY,8e-06,0.1148,HOLD,0,0,0.5,0.0,-1,APPROVED
2026-09-15 15:12:05.061669+05:30,23183.55,23188.55,23183.2,23183.55,211240.0,0.2442,LOW_TOXICITY,2e-06,0.114,HOLD,0,0,0.5,0.0,-1,APPROVED
2026-09-15 15:13:01.423702+05:30,23180.0,23180.45,23175.0,23180.0,45572.0,0.2442,LOW_TOXICITY,-1.4e-05,0.1071,HOLD,0,0,0.5,0.0,-1,APPROVED
2026-09-15 15:13:05.879554+05:30,23178.5,23181.55,23175.0,23178.5,348965.0,0.2476,LOW_TOXICITY,-1.8e-05,0.0969,HOLD,0,0,0.5,0.0,-1,APPROVED
2026-09-15 15:14:02.269108+05:30,23178.4,23182.1,23176.55,23178.4,109316.0,0.2476,LOW_TOXICITY,-3e-06,0.0796,HOLD,0,0,0.5,0.0,-1,APPROVED
2026-09-15 15:14:05.753204+05:30,23175.35,23182.1,23174.05,23175.35,309141.0,0.2442,LOW_TOXICITY,-9e-06,0.1036,HOLD,0,0,0.5,0.0,-1,APPROVED
2026-09-15 15:15:02.066535+05:30,23172.35,23172.35,23172.35,23172.35,6577.0,0.2442,LOW_TOXICITY,-5e-06,0.0989,HOLD,0,0,0.5,0.0,-1,APPROVED
2026-09-15 15:15:06.691103+05:30,23172.35,23172.35,23172.35,23172.35,6577.0,0.2476,LOW_TOXICITY,-8e-06,0.0889,HOLD,0,0,0.5,0.0,-1,APPROVED
2026-09-15 15:16:03.045652+05:30,23172.35,23172.35,23172.35,23172.35,0.0,0.2476,LOW_TOXICITY,1e-06,0.0796,HOLD,0,0,0.5,0.0,-1,APPROVED
2026-09-15 15:16:06.395990+05:30,23172.35,23172.35,23172.35,23172.35,0.0,0.2442,LOW_TOXICITY,-0.0,0.0939,HOLD,0,0,0.5,0.0,-1,APPROVED
2026-09-15 15:17:02.845916+05:30,23172.35,23172.35,23172.35,23172.35,0.0,0.2442,LOW_TOXICITY,-1.8e-05,0.0902,HOLD,0,0,0.5,0.0,-1,APPROVED
2026-09-15 15:17:07.435791+05:30,23172.35,23172.35,23172.35,23172.35,0.0,0.2476,LOW_TOXICITY,-1.8e-05,0.0796,HOLD,0,0,0.5,0.0,-1,APPROVED
2026-09-15 15:18:03.858505+05:30,23172.35,23172.35,23172.35,23172.35,0.0,0.2476,LOW_TOXICITY,-1.3e-05,0.0796,HOLD,0,0,0.5,0.0,-1,APPROVED
2026-09-15 15:18:07.443818+05:30,23172.35,23172.35,23172.35,23172.35,0.0,0.2442,LOW_TOXICITY,-7e-06,0.0876,HOLD,0,0,0.5,0.0,-1,APPROVED
2026-09-15 15:19:00.162325+05:30,23172.35,23172.35,23172.35,23172.35,0.0,0.2476,LOW_TOXICITY,-8e-06,0.0798,HOLD,0,0,0.5,0.0,-1,APPROVED
2026-09-15 15:19:03.773538+05:30,23172.35,23172.35,23172.35,23172.35,0.0,0.2442,LOW_TOXICITY,-1.2e-05,0.0853,HOLD,0,0,0.5,0.0,-1,APPROVED
2026-09-15 15:20:00.106934+05:30,23172.35,23172.35,23172.35,23172.35,0.0,0.2442,LOW_TOXICITY,-3.3e-05,0.084,HOLD,0,0,0.5,0.0,-1,APPROVED
2026-09-15 15:20:04.531176+05:30,23172.35,23172.35,23172.35,23172.35,0.0,0.2476,LOW_TOXICITY,-3e-05,0.0798,HOLD,0,0,0.5,0.0,-1,APPROVED
2026-09-15 15:21:00.864033+05:30,23172.35,23172.35,23172.35,23172.35,0.0,0.2476,LOW_TOXICITY,4e-06,0.0798,HOLD,0,0,0.5,0.0,-1,APPROVED
2026-09-15 15:21:04.491776+05:30,23172.35,23172.35,23172.35,23172.35,0.0,0.2442,LOW_TOXICITY,-3e-06,0.0831,HOLD,0,0,0.5,0.0,-1,APPROVED
2026-09-15 15:22:00.881873+05:30,23172.35,23172.35,23172.35,23172.35,0.0,0.2442,LOW_TOXICITY,-7e-06,0.0824,HOLD,0,0,0.5,0.0,-1,APPROVED
2026-09-15 15:22:05.173760+05:30,23172.35,23172.35,23172.35,23172.35,0.0,0.2476,LOW_TOXICITY,-4e-06,0.0798,HOLD,0,0,0.5,0.0,-1,APPROVED
2026-09-15 15:23:01.566611+05:30,23172.35,23172.35,23172.35,23172.35,0.0,0.2476,LOW_TOXICITY,-5e-06,0.0798,HOLD,0,0,0.5,0.0,-1,APPROVED
2026-09-15 15:23:05.324385+05:30,23172.35,23172.35,23172.35,23172.35,0.0,0.2442,LOW_TOXICITY,-1.2e-05,0.0819,HOLD,0,0,0.5,0.0,-1,APPROVED
2026-09-15 15:24:01.738363+05:30,23172.35,23172.35,23172.35,23172.35,0.0,0.2442,LOW_TOXICITY,1.7e-05,0.0816,HOLD,0,0,0.5,0.0,-1,APPROVED
2026-09-15 15:24:05.943314+05:30,23172.35,23172.35,23172.35,23172.35,0.0,0.2476,LOW_TOXICITY,0.0,0.0798,HOLD,0,0,0.5,0.0,-1,APPROVED
2026-09-15 15:25:02.281289+05:30,23172.35,23172.35,23172.35,23172.35,0.0,0.2476,LOW_TOXICITY,-8e-06,0.0798,HOLD,0,0,0.5,0.0,-1,APPROVED
2026-09-15 15:25:06.168277+05:30,23172.35,23172.35,23172.35,23172.35,0.0,0.2442,LOW_TOXICITY,-5e-06,0.0814,HOLD,0,0,0.5,0.0,-1,APPROVED
2026-09-15 15:26:02.472641+05:30,23172.35,23172.35,23172.35,23172.35,0.0,0.2442,LOW_TOXICITY,-4e-06,0.0812,HOLD,0,0,0.5,0.0,-1,APPROVED
2026-09-15 15:26:06.699939+05:30,23172.35,23172.35,23172.35,23172.35,0.0,0.2476,LOW_TOXICITY,-6e-06,0.0798,HOLD,0,0,0.5,0.0,-1,APPROVED
2026-09-15 15:27:03.095000+05:30,23172.35,23172.35,23172.35,23172.35,0.0,0.2476,LOW_TOXICITY,-4.2e-05,0.0798,HOLD,0,0,0.5,0.0,-1,APPROVED
2026-09-15 15:27:06.976029+05:30,23172.35,23172.35,23172.35,23172.35,0.0,0.2442,LOW_TOXICITY,-3.2e-05,0.0811,HOLD,0,0,0.5,0.0,-1,APPROVED
2026-09-15 15:28:03.454101+05:30,23172.35,23172.35,23172.35,23172.35,0.0,0.2442,LOW_TOXICITY,-2.2e-05,0.081,HOLD,0,0,0.5,0.0,-1,APPROVED
2026-09-15 15:28:07.609910+05:30,23172.35,23172.35,23172.35,23172.35,0.0,0.2476,LOW_TOXICITY,-1.8e-05,0.0798,HOLD,0,0,0.5,0.0,-1,APPROVED
2026-09-15 15:29:03.917277+05:30,23118.6,23172.35,23118.6,23118.6,0.0,0.2476,LOW_TOXICITY,-0.000172,0.3614,SELL,-1,-1,0.5,0.0,-1,VETO
2026-09-15 15:29:07.793763+05:30,23118.6,23172.35,23118.6,23118.6,0.0,0.2442,LOW_TOXICITY,-0.000163,0.3318,SELL,-1,-1,0.5,0.0,-1,VETO
2026-09-15 20:45:58.652506+05:30,24514.91,24532.31,24486.87,24519.11,13878.0,0.1648,LOW_TOXICITY,-0.000366,0.2879,SELL,-1,-1,0.9013,0.779,0,APPROVED
2026-09-15 20:46:58.652506+05:30,24530.04,24543.27,24512.27,24528.36,21296.0,0.1648,LOW_TOXICITY,-0.000332,0.2879,SELL,1,1,0.8813,0.791,0,VETO
2026-09-15 20:47:58.652506+05:30,24556.31,24593.97,24528.98,24569.47,27976.0,0.1648,LOW_TOXICITY,-0.000165,0.2879,SELL,1,1,0.9643,0.844,0,VETO
2026-09-15 20:48:58.652506+05:30,24566.69,24596.85,24544.48,24592.29,33302.0,0.1648,LOW_TOXICITY,-8.4e-05,0.2879,SELL,1,1,0.9583,0.874,0,VETO
2026-09-15 20:49:58.652506+05:30,24581.34,24593.91,24574.34,24589.35,11451.0,0.1648,LOW_TOXICITY,-0.000127,0.2879,SELL,-1,-1,0.652,0.87,0,APPROVED
2026-09-15 20:50:58.652506+05:30,24585.62,24599.84,24578.02,24590.06,13217.0,0.1648,LOW_TOXICITY,-9e-05,0.2879,SELL,-1,1,0.641,0.871,0,APPROVED
2026-09-15 20:51:58.652506+05:30,24573.39,24615.46,24526.3,24566.1,14280.0,0.1648,LOW_TOXICITY,-0.000101,0.2879,SELL,-1,-1,0.9545,0.84,0,APPROVED
2026-09-15 20:52:58.652506+05:30,24555.18,24569.53,24552.63,24566.76,11762.0,0.1648,LOW_TOXICITY,-0.000122,0.2879,SELL,-1,1,0.6532,0.841,0,APPROVED
2026-09-15 20:53:58.652506+05:30,24577.06,24597.15,24549.51,24558.71,10664.0,0.1648,LOW_TOXICITY,-0.000164,0.2879,SELL,-1,-1,0.9246,0.83,0,APPROVED
2026-09-15 20:54:58.652506+05:30,24564.71,24605.4,24540.89,24569.14,15264.0,0.1648,LOW_TOXICITY,-0.000104,0.2879,SELL,1,1,0.8813,0.844,0,VETO
2026-09-15 20:55:58.652506+05:30,24535.16,24569.27,24506.35,24545.14,24029.0,0.1605,LOW_TOXICITY,-0.000138,0.2836,SELL,-1,-1,0.9545,0.813,0,APPROVED
2026-09-15 20:56:58.652506+05:30,24564.23,24561.57,24556.71,24560.68,19098.0,0.1605,LOW_TOXICITY,-0.000118,0.2836,SELL,1,1,0.9431,0.833,0,VETO
2026-09-15 20:57:58.652506+05:30,24625.4,24677.69,24542.56,24607.92,10710.0,0.1605,LOW_TOXICITY,0.000107,0.2836,BUY,1,1,0.9797,0.894,0,APPROVED
2026-09-15 20:58:58.652506+05:30,24605.88,24614.63,24594.13,24605.51,10196.0,0.1605,LOW_TOXICITY,0.000181,0.2836,BUY,-1,-1,0.7004,0.891,0,VETO
2026-09-15 20:59:58.652506+05:30,24633.32,24634.6,24618.53,24619.12,18017.0,0.1605,LOW_TOXICITY,0.00026,0.2836,BUY,1,1,0.9632,0.909,0,APPROVED
2026-09-15 21:00:58.652506+05:30,24622.54,24652.1,24625.78,24643.56,24905.0,0.1605,LOW_TOXICITY,0.000338,0.2836,BUY,1,1,0.9034,0.94,0,APPROVED
2026-09-15 21:01:58.652506+05:30,24640.31,24670.97,24622.54,24630.89,7173.0,0.1605,LOW_TOXICITY,0.000278,0.2836,BUY,-1,-1,0.9253,0.924,0,VETO
2026-09-15 21:02:58.652506+05:30,24650.36,24667.12,24629.6,24640.38,13301.0,0.1605,LOW_TOXICITY,0.000192,0.2836,BUY,1,1,0.8306,0.936,0,APPROVED
2026-09-15 21:03:58.652506+05:30,24639.36,24653.13,24640.37,24642.14,22064.0,0.1605,LOW_TOXICITY,0.000135,0.2836,BUY,1,-1,0.506,0.939,0,APPROVED
2026-09-15 21:04:58.652506+05:30,24632.64,24658.73,24611.49,24647.35,28592.0,0.1605,LOW_TOXICITY,0.000157,0.2836,BUY,1,1,0.8049,0.945,0,APPROVED
2026-09-15 21:05:58.652506+05:30,24623.55,24641.6,24610.1,24619.26,12024.0,0.1605,LOW_TOXICITY,7.9e-05,0.2798,HOLD,0,0,0.5,0.909,0,APPROVED
2026-09-15 21:06:58.652506+05:30,24643.35,24669.19,24612.54,24621.34,22457.0,0.1605,LOW_TOXICITY,0.00015,0.2798,BUY,1,1,0.7858,0.912,0,APPROVED
2026-09-15 21:07:58.652506+05:30,24637.25,24644.11,24632.64,24638.61,13342.0,0.1679,LOW_TOXICITY,0.000195,0.2798,BUY,1,1,0.8906,0.934,0,APPROVED
2026-09-15 21:08:58.652506+05:30,24671.37,24687.77,24653.82,24686.11,21126.0,0.1679,LOW_TOXICITY,0.000345,0.2798,BUY,1,1,0.5,0.996,0,VETO
2026-09-15 21:09:58.652506+05:30,24703.63,24721.31,24716.44,24718.84,22523.0,0.1679,LOW_TOXICITY,0.000405,0.2798,BUY,1,1,0.5,1.0,0,VETO
2026-09-15 21:10:58.652506+05:30,24720.53,24816.06,24724.08,24792.35,43592.0,0.1679,LOW_TOXICITY,0.000668,0.2798,BUY,1,1,0.5,1.0,0,VETO
2026-09-15 21:11:58.652506+05:30,24747.89,24769.48,24738.99,24766.07,19112.0,0.1679,LOW_TOXICITY,0.000555,0.2798,BUY,1,1,0.5,1.0,0,VETO
2026-09-15 21:12:58.652506+05:30,24819.18,24829.99,24779.64,24798.37,12936.0,0.1679,LOW_TOXICITY,0.000514,0.2798,BUY,1,1,0.5,1.0,0,VETO
2026-09-15 21:13:58.652506+05:30,24802.22,24811.89,24786.83,24806.88,14650.0,0.1679,LOW_TOXICITY,0.000543,0.2798,BUY,1,1,0.5,1.0,0,VETO
2026-09-15 21:14:58.652506+05:30,24810.44,24921.24,24701.92,24892.33,17313.0,0.1679,LOW_TOXICITY,0.000736,0.2798,BUY,1,1,0.5,1.0,1,VETO
2026-09-15 21:15:58.652506+05:30,24865.24,24891.36,24819.3,24856.24,19720.0,0.1679,LOW_TOXICITY,0.000573,0.3074,BUY,1,1,0.5,1.0,1,VETO
2026-09-15 21:16:58.652506+05:30,24798.96,24858.56,24759.76,24817.88,16742.0,0.1679,LOW_TOXICITY,0.000504,0.3074,BUY,1,1,0.5,1.0,1,VETO
2026-09-15 21:17:58.652506+05:30,24802.84,24810.42,24791.46,24792.94,16477.0,0.181,LOW_TOXICITY,0.000411,0.3074,BUY,1,1,0.5,1.0,1,VETO
2026-09-15 21:18:58.652506+05:30,24672.51,24742.48,24585.01,24709.84,13809.0,0.181,LOW_TOXICITY,0.000183,0.3074,BUY,1,1,0.5,1.0,1,VETO
2026-09-15 21:19:58.652506+05:30,24680.08,24711.96,24662.35,24689.75,18743.0,0.181,LOW_TOXICITY,0.000115,0.3074,BUY,1,1,0.5,1.0,1,VETO
2026-09-15 21:20:58.652506+05:30,24675.72,24679.87,24653.19,24661.14,13113.0,0.181,LOW_TOXICITY,0.000113,0.3074,BUY,-1,-1,0.636,0.963,1,VETO
2026-09-15 21:21:58.652506+05:30,24668.07,24671.42,24664.54,24668.53,7838.0,0.181,LOW_TOXICITY,0.000128,0.3074,BUY,1,1,0.8312,0.973,1,APPROVED
2026-09-15 21:22:58.652506+05:30,24677.38,24717.22,24647.3,24684.04,8394.0,0.181,LOW_TOXICITY,0.000123,0.3074,BUY,1,1,0.5,0.993,1,VETO
2026-09-15 21:23:58.652506+05:30,24793.34,24919.22,24715.68,24762.26,35167.0,0.181,LOW_TOXICITY,0.000205,0.3074,BUY,1,1,0.5,1.0,1,VETO
2026-09-15 21:24:58.652506+05:30,24824.82,24834.76,24775.73,24799.65,23473.0,0.181,LOW_TOXICITY,0.000218,0.3074,BUY,1,1,0.5,1.0,1,VETO
2026-09-15 21:25:58.652506+05:30,24769.92,24789.26,24724.19,24781.78,6909.0,0.181,LOW_TOXICITY,-2.8e-05,0.4534,HOLD,0,0,0.5,1.0,1,APPROVED
2026-09-15 21:26:58.652506+05:30,24777.89,24796.18,24728.79,24754.62,28156.0,0.181,LOW_TOXICITY,-3.1e-05,0.4416,HOLD,0,0,0.5,1.0,1,APPROVED
2026-09-15 21:27:58.652506+05:30,24777.17,24785.6,24758.9,24772.61,20234.0,0.181,LOW_TOXICITY,-6.9e-05,0.42,HOLD,0,0,0.5,1.0,1,APPROVED
2026-09-15 21:28:58.652506+05:30,24731.36,24739.94,24724.07,24728.36,9983.0,0.181,LOW_TOXICITY,-0.000211,0.4327,SELL,-1,1,0.5077,1.0,1,APPROVED
2026-09-15 21:29:58.652506+05:30,24746.64,24800.42,24695.47,24785.5,9090.0,0.1712,LOW_TOXICITY,-0.000287,0.4502,SELL,1,1,0.8434,1.0,1,VETO
2026-09-15 21:30:58.652506+05:30,24851.85,24862.19,24817.04,24823.37,22759.0,0.1712,LOW_TOXICITY,-8.8e-05,0.4414,SELL,1,-1,0.6627,1.0,1,VETO
2026-09-15 21:31:58.652506+05:30,24821.63,24845.71,24786.72,24809.52,8402.0,0.1712,LOW_TOXICITY,-2.2e-05,0.4216,HOLD,0,0,0.5,1.0,1,APPROVED
2026-09-15 21:32:58.652506+05:30,24741.99,24770.7,24735.36,24760.45,15476.0,0.1712,LOW_TOXICITY,-8.7e-05,0.4409,SELL,-1,-1,0.6322,1.0,1,APPROVED
2026-09-15 21:33:58.652506+05:30,24819.36,24853.73,24778.81,24802.09,6530.0,0.1712,LOW_TOXICITY,0.000248,0.4372,BUY,1,1,0.5,1.0,1,VETO
2026-09-15 21:34:58.652506+05:30,24807.92,24810.04,24799.44,24799.89,15009.0,0.1712,LOW_TOXICITY,0.000297,0.4137,BUY,1,1,0.5,1.0,1,VETO
2026-09-15 20:46:33.346261+05:30,24514.91,24532.31,24486.87,24519.11,13878.0,0.1648,LOW_TOXICITY,-0.000366,0.2879,SELL,-1,-1,0.6299,0.779,0,APPROVED
2026-09-15 20:47:33.346261+05:30,24530.04,24543.27,24512.27,24528.36,21296.0,0.1648,LOW_TOXICITY,-0.000332,0.2879,SELL,1,1,0.9613,0.791,0,VETO
2026-09-15 20:48:33.346261+05:30,24556.31,24593.97,24528.98,24569.47,27976.0,0.1648,LOW_TOXICITY,-0.000165,0.2879,SELL,1,1,0.807,0.844,0,VETO
2026-09-15 20:49:33.346261+05:30,24566.69,24596.85,24544.48,24592.29,33302.0,0.1648,LOW_TOXICITY,-8.4e-05,0.2879,SELL,1,-1,0.5211,0.874,0,VETO
2026-09-15 20:50:33.346261+05:30,24581.34,24593.91,24574.34,24589.35,11451.0,0.1648,LOW_TOXICITY,-0.000127,0.2879,SELL,-1,1,0.516,0.87,0,APPROVED
2026-09-15 20:51:33.346261+05:30,24585.62,24599.84,24578.02,24590.06,13217.0,0.1648,LOW_TOXICITY,-9e-05,0.2879,SELL,1,-1,0.6773,0.871,0,VETO
2026-09-15 20:52:33.346261+05:30,24573.39,24615.46,24526.3,24566.1,14280.0,0.1648,LOW_TOXICITY,-0.000101,0.2879,SELL,-1,-1,0.575,0.84,0,APPROVED
2026-09-15 20:53:33.346261+05:30,24555.18,24569.53,24552.63,24566.76,11762.0,0.1648,LOW_TOXICITY,-0.000122,0.2879,SELL,1,-1,0.5932,0.841,0,VETO
2026-09-15 20:54:33.346261+05:30,24577.06,24597.15,24549.51,24558.71,10664.0,0.1648,LOW_TOXICITY,-0.000164,0.2879,SELL,-1,-1,0.6199,0.83,0,APPROVED
2026-09-15 20:55:33.346261+05:30,24564.71,24605.4,24540.89,24569.14,15264.0,0.1648,LOW_TOXICITY,-0.000104,0.2879,SELL,1,1,0.6749,0.844,0,VETO
2026-09-15 20:56:33.346261+05:30,24535.16,24569.27,24506.35,24545.14,24029.0,0.1605,LOW_TOXICITY,-0.000138,0.2836,SELL,-1,-1,0.5607,0.813,0,APPROVED
2026-09-15 20:57:33.346261+05:30,24564.23,24561.57,24556.71,24560.68,19098.0,0.1605,LOW_TOXICITY,-0.000118,0.2836,SELL,1,1,0.9667,0.833,0,VETO
2026-09-15 20:58:33.346261+05:30,24625.4,24677.69,24542.56,24607.92,10710.0,0.1605,LOW_TOXICITY,0.000107,0.2836,BUY,1,1,0.7456,0.894,0,APPROVED
2026-09-15 20:59:33.346261+05:30,24605.88,24614.63,24594.13,24605.51,10196.0,0.1605,LOW_TOXICITY,0.000181,0.2836,BUY,-1,-1,0.6586,0.891,0,VETO
2026-09-15 21:00:33.346261+05:30,24633.32,24634.6,24618.53,24619.12,18017.0,0.1605,LOW_TOXICITY,0.00026,0.2836,BUY,1,1,0.77,0.909,0,APPROVED
2026-09-15 21:01:33.346261+05:30,24622.54,24652.1,24625.78,24643.56,24905.0,0.1605,LOW_TOXICITY,0.000338,0.2836,BUY,1,1,0.5847,0.94,0,APPROVED
2026-09-15 21:02:33.346261+05:30,24640.31,24670.97,24622.54,24630.89,7173.0,0.1605,LOW_TOXICITY,0.000278,0.2836,BUY,-1,1,0.5344,0.924,0,VETO
2026-09-15 21:03:33.346261+05:30,24650.36,24667.12,24629.6,24640.38,13301.0,0.1605,LOW_TOXICITY,0.000192,0.2836,BUY,1,1,0.6469,0.936,0,APPROVED
2026-09-15 21:04:33.346261+05:30,24639.36,24653.13,24640.37,24642.14,22064.0,0.1605,LOW_TOXICITY,0.000135,0.2836,BUY,1,1,0.6218,0.939,0,APPROVED
2026-09-15 21:05:33.346261+05:30,24632.64,24658.73,24611.49,24647.35,28592.0,0.1605,LOW_TOXICITY,0.000157,0.2836,BUY,1,1,0.6164,0.945,0,APPROVED
2026-09-15 21:06:33.346261+05:30,24623.55,24641.6,24610.1,24619.26,12024.0,0.1605,LOW_TOXICITY,7.9e-05,0.2798,HOLD,0,0,0.5,0.909,0,APPROVED
2026-09-15 21:07:33.346261+05:30,24643.35,24669.19,24612.54,24621.34,22457.0,0.1605,LOW_TOXICITY,0.00015,0.2798,BUY,1,1,0.6616,0.912,0,APPROVED
2026-09-15 21:08:33.346261+05:30,24637.25,24644.11,24632.64,24638.61,13342.0,0.1679,LOW_TOXICITY,0.000195,0.2798,BUY,1,1,0.9203,0.934,0,APPROVED
2026-09-15 21:09:33.346261+05:30,24671.37,24687.77,24653.82,24686.11,21126.0,0.1679,LOW_TOXICITY,0.000345,0.2798,BUY,1,1,0.5,0.996,0,VETO
2026-09-15 21:10:33.346261+05:30,24703.63,24721.31,24716.44,24718.84,22523.0,0.1679,LOW_TOXICITY,0.000405,0.2798,BUY,1,1,0.5,1.0,0,VETO
2026-09-15 21:11:33.346261+05:30,24720.53,24816.06,24724.08,24792.35,43592.0,0.1679,LOW_TOXICITY,0.000668,0.2798,BUY,1,1,0.5,1.0,0,VETO
2026-09-15 21:12:33.346261+05:30,24747.89,24769.48,24738.99,24766.07,19112.0,0.1679,LOW_TOXICITY,0.000555,0.2798,BUY,1,1,0.5,1.0,0,VETO
2026-09-15 21:13:33.346261+05:30,24819.18,24829.99,24779.64,24798.37,12936.0,0.1679,LOW_TOXICITY,0.000514,0.2798,BUY,1,1,0.5,1.0,0,VETO
2026-09-15 21:14:33.346261+05:30,24802.22,24811.89,24786.83,24806.88,14650.0,0.1679,LOW_TOXICITY,0.000543,0.2798,BUY,1,1,0.5,1.0,0,VETO
2026-09-15 21:15:33.346261+05:30,24810.44,24921.24,24701.92,24892.33,17313.0,0.1679,LOW_TOXICITY,0.000736,0.2798,BUY,1,1,0.5,1.0,1,VETO
2026-09-15 21:16:33.346261+05:30,24865.24,24891.36,24819.3,24856.24,19720.0,0.1679,LOW_TOXICITY,0.000573,0.3074,BUY,1,1,0.5,1.0,1,VETO
2026-09-15 21:17:33.346261+05:30,24798.96,24858.56,24759.76,24817.88,16742.0,0.1679,LOW_TOXICITY,0.000504,0.3074,BUY,1,1,0.5,1.0,1,VETO
2026-09-15 21:18:33.346261+05:30,24802.84,24810.42,24791.46,24792.94,16477.0,0.181,LOW_TOXICITY,0.000411,0.3074,BUY,1,1,0.5,1.0,1,VETO
2026-09-15 21:19:33.346261+05:30,24672.51,24742.48,24585.01,24709.84,13809.0,0.181,LOW_TOXICITY,0.000183,0.3074,BUY,1,1,0.5,1.0,1,VETO
2026-09-15 21:20:33.346261+05:30,24680.08,24711.96,24662.35,24689.75,18743.0,0.181,LOW_TOXICITY,0.000115,0.3074,BUY,1,1,0.5,1.0,1,VETO
2026-09-15 21:21:33.346261+05:30,24675.72,24679.87,24653.19,24661.14,13113.0,0.181,LOW_TOXICITY,0.000113,0.3074,BUY,-1,-1,0.5658,0.963,1,VETO
2026-09-15 21:22:33.346261+05:30,24668.07,24671.42,24664.54,24668.53,7838.0,0.181,LOW_TOXICITY,0.000128,0.3074,BUY,1,1,0.8267,0.973,1,APPROVED
2026-09-15 21:23:33.346261+05:30,24677.38,24717.22,24647.3,24684.04,8394.0,0.181,LOW_TOXICITY,0.000123,0.3074,BUY,1,1,0.5,0.993,1,VETO
2026-09-15 21:24:33.346261+05:30,24793.34,24919.22,24715.68,24762.26,35167.0,0.181,LOW_TOXICITY,0.000205,0.3074,BUY,1,1,0.5,1.0,1,VETO
2026-09-15 21:25:33.346261+05:30,24824.82,24834.76,24775.73,24799.65,23473.0,0.181,LOW_TOXICITY,0.000218,0.3074,BUY,1,1,0.5,1.0,1,VETO
2026-09-15 21:26:33.346261+05:30,24769.92,24789.26,24724.19,24781.78,6909.0,0.181,LOW_TOXICITY,-2.8e-05,0.4534,HOLD,0,0,0.5,1.0,1,APPROVED
2026-09-15 21:27:33.346261+05:30,24777.89,24796.18,24728.79,24754.62,28156.0,0.181,LOW_TOXICITY,-3.1e-05,0.4416,HOLD,0,0,0.5,1.0,1,APPROVED
2026-09-15 21:28:33.346261+05:30,24777.17,24785.6,24758.9,24772.61,20234.0,0.181,LOW_TOXICITY,-6.9e-05,0.42,HOLD,0,0,0.5,1.0,1,APPROVED
2026-09-15 21:29:33.346261+05:30,24731.36,24739.94,24724.07,24728.36,9983.0,0.181,LOW_TOXICITY,-0.000211,0.4327,SELL,-1,1,0.5763,1.0,1,APPROVED
2026-09-15 21:30:33.346261+05:30,24746.64,24800.42,24695.47,24785.5,9090.0,0.1712,LOW_TOXICITY,-0.000287,0.4502,SELL,1,-1,0.5615,1.0,1,VETO
2026-09-15 21:31:33.346261+05:30,24851.85,24862.19,24817.04,24823.37,22759.0,0.1712,LOW_TOXICITY,-8.8e-05,0.4414,SELL,1,-1,0.8319,1.0,1,VETO
2026-09-15 21:32:33.346261+05:30,24821.63,24845.71,24786.72,24809.52,8402.0,0.1712,LOW_TOXICITY,-2.2e-05,0.4216,HOLD,0,0,0.5,1.0,1,APPROVED
2026-09-15 21:33:33.346261+05:30,24741.99,24770.7,24735.36,24760.45,15476.0,0.1712,LOW_TOXICITY,-8.7e-05,0.4409,SELL,-1,1,0.5669,1.0,1,APPROVED
2026-09-15 21:34:33.346261+05:30,24819.36,24853.73,24778.81,24802.09,6530.0,0.1712,LOW_TOXICITY,0.000248,0.4372,BUY,1,1,0.5,1.0,1,VETO
2026-09-15 21:35:33.346261+05:30,24807.92,24810.04,24799.44,24799.89,15009.0,0.1712,LOW_TOXICITY,0.000297,0.4137,BUY,1,1,0.5,1.0,1,VETO
2026-09-15 11:45:00+05:30,24014.54303734484,24017.54303734484,24013.54303734484,24015.54303734484,141634.92210730157,0.3347,NORMAL_TOXICITY,-2.6e-05,0.0332,HOLD,0,0,0.5,0.69,0,APPROVED
2026-09-15 11:46:00+05:30,24008.211145352256,24011.211145352256,24007.211145352256,24009.211145352256,93932.61541284897,0.3347,NORMAL_TOXICITY,-4.4e-05,0.0446,HOLD,0,0,0.5,0.576,0,APPROVED
2026-09-15 11:47:00+05:30,24007.971854643307,24010.971854643307,24006.971854643307,24008.971854643307,71854.639874748,0.3438,NORMAL_TOXICITY,-4.1e-05,0.0376,HOLD,0,0,0.5,0.572,0,APPROVED
2026-09-15 11:48:00+05:30,24004.442867439673,24007.442867439673,24003.442867439673,24005.442867439673,63832.198204546134,0.3438,NORMAL_TOXICITY,-4.5e-05,0.0384,HOLD,0,0,0.5,0.508,0,APPROVED
2026-09-15 11:49:00+05:30,23999.462982591143,24002.462982591143,23998.462982591143,24000.462982591143,86489.23114474016,0.3438,NORMAL_TOXICITY,-6.9e-05,0.0422,HOLD,0,0,0.5,0.418,0,APPROVED
2026-09-15 11:50:00+05:30,24001.45307376427,24004.45307376427,24000.45307376427,24002.45307376427,86730.14073029862,0.3516,NORMAL_TOXICITY,-7.1e-05,0.0376,HOLD,0,0,0.5,0.454,0,APPROVED
2026-09-15 11:51:00+05:30,23999.218580999306,24002.218580999306,23998.218580999306,24000.218580999306,56375.85405534342,0.3516,NORMAL_TOXICITY,-8.5e-05,0.0361,SELL,1,-1,0.9746,0.414,0,VETO
2026-09-15 11:52:00+05:30,24003.67219395863,24006.67219395863,24002.67219395863,24004.67219395863,113933.67654766262,0.356,NORMAL_TOXICITY,-5.6e-05,0.0396,HOLD,0,0,0.5,0.494,0,APPROVED
2026-09-15 11:53:00+05:30,24003.94487869821,24006.94487869821,24002.94487869821,24004.94487869821,145287.67129890423,0.356,NORMAL_TOXICITY,-5.8e-05,0.0353,HOLD,0,0,0.5,0.499,0,APPROVED
2026-09-15 11:54:00+05:30,24006.48209043665,24009.48209043665,24005.48209043665,24007.48209043665,128806.11266708876,0.3567,NORMAL_TOXICITY,-4.1e-05,0.0354,HOLD,0,0,0.5,0.545,0,APPROVED
2026-09-15 11:55:00+05:30,24004.97342194728,24007.97342194728,24003.97342194728,24005.97342194728,63964.98585464564,0.3567,NORMAL_TOXICITY,-3.7e-05,0.0391,HOLD,0,0,0.5,0.518,0,APPROVED
2026-09-15 11:56:00+05:30,24005.679526169097,24008.679526169097,24004.679526169097,24006.679526169097,103024.7491192407,0.3531,NORMAL_TOXICITY,-3.9e-05,0.039,HOLD,0,0,0.5,0.53,0,APPROVED
2026-09-15 11:57:00+05:30,24005.863066964543,24008.863066964543,24004.863066964543,24006.863066964543,83159.45583278098,0.3531,NORMAL_TOXICITY,-3.7e-05,0.0388,HOLD,0,0,0.5,0.534,0,APPROVED
2026-09-15 11:58:00+05:30,24000.31738868817,24003.31738868817,23999.31738868817,24001.31738868817,139202.33854715645,0.3399,NORMAL_TOXICITY,-4.6e-05,0.0392,HOLD,0,0,0.5,0.434,0,APPROVED
2026-09-15 11:59:00+05:30,24007.57180216508,24010.57180216508,24006.57180216508,24008.57180216508,102745.98476076403,0.3415,NORMAL_TOXICITY,-2.2e-05,0.0398,HOLD,0,0,0.5,0.565,0,APPROVED
2026-09-15 12:00:00+05:30,24014.45850747785,24017.45850747785,24013.45850747785,24015.45850747785,143201.00043882133,0.3415,NORMAL_TOXICITY,-0.0,0.0403,HOLD,0,0,0.5,0.689,0,APPROVED
2026-09-15 12:01:00+05:30,24019.063681696203,24022.063681696203,24018.063681696203,24020.063681696203,136744.05747736627,0.3569,NORMAL_TOXICITY,3e-05,0.0404,HOLD,0,0,0.5,0.772,0,APPROVED
2026-09-15 12:02:00+05:30,24021.41910707782,24024.41910707782,24020.41910707782,24022.41910707782,112582.44872930026,0.3572,NORMAL_TOXICITY,3.7e-05,0.0404,HOLD,0,0,0.5,0.814,0,APPROVED
2026-09-15 12:03:00+05:30,24017.657755656233,24020.657755656233,24016.657755656233,24018.657755656233,88418.55070598077,0.3572,NORMAL_TOXICITY,3.7e-05,0.0404,HOLD,0,0,0.5,0.746,0,APPROVED
2026-09-15 12:04:00+05:30,24022.830656735114,24025.830656735114,24021.830656735114,24023.830656735114,100439.07474891472,0.3572,NORMAL_TOXICITY,6.5e-05,0.0406,HOLD,0,0,0.5,0.84,0,APPROVED
2026-09-15 21:36:27.557177+05:30,24514.91,24532.31,24486.87,24519.11,13878.0,0.1648,LOW_TOXICITY,-0.000366,0.2879,SELL,-1,1,0.657,0.779,0,APPROVED
2026-09-15 21:37:27.557177+05:30,24530.04,24543.27,24512.27,24528.36,21296.0,0.1648,LOW_TOXICITY,-0.000332,0.2879,SELL,1,1,0.9859,0.791,0,VETO
2026-09-15 21:38:27.557177+05:30,24556.31,24593.97,24528.98,24569.47,27976.0,0.1648,LOW_TOXICITY,-0.000165,0.2879,SELL,1,1,0.7664,0.844,0,VETO
2026-09-15 21:39:27.557177+05:30,24566.69,24596.85,24544.48,24592.29,33302.0,0.1648,LOW_TOXICITY,-8.4e-05,0.2879,SELL,1,-1,0.8162,0.874,0,VETO
2026-09-15 21:40:27.557177+05:30,24581.34,24593.91,24574.34,24589.35,11451.0,0.1648,LOW_TOXICITY,-0.000127,0.2879,SELL,-1,1,0.8335,0.87,0,VETO
2026-09-15 21:41:27.557177+05:30,24585.62,24599.84,24578.02,24590.06,13217.0,0.1648,LOW_TOXICITY,-9e-05,0.2879,SELL,1,-1,0.8212,0.871,0,VETO
2026-09-15 21:42:27.557177+05:30,24573.39,24615.46,24526.3,24566.1,14280.0,0.1648,LOW_TOXICITY,-0.000101,0.2879,SELL,-1,1,0.7962,0.84,0,VETO
2026-09-15 21:43:27.557177+05:30,24555.18,24569.53,24552.63,24566.76,11762.0,0.1648,LOW_TOXICITY,-0.000122,0.2879,SELL,1,-1,0.7881,0.841,0,VETO
2026-09-15 21:44:27.557177+05:30,24577.06,24597.15,24549.51,24558.71,10664.0,0.1648,LOW_TOXICITY,-0.000164,0.2879,SELL,-1,1,0.8959,0.83,0,VETO
2026-09-15 21:45:27.557177+05:30,24564.71,24605.4,24540.89,24569.14,15264.0,0.1648,LOW_TOXICITY,-0.000104,0.2879,SELL,1,-1,0.7976,0.844,0,VETO
2026-09-15 21:46:27.557177+05:30,24535.16,24569.27,24506.35,24545.14,24029.0,0.1605,LOW_TOXICITY,-0.000138,0.2836,SELL,-1,1,0.7581,0.813,0,VETO
2026-09-15 21:47:27.557177+05:30,24564.23,24561.57,24556.71,24560.68,19098.0,0.1605,LOW_TOXICITY,-0.000118,0.2836,SELL,1,1,0.8828,0.833,0,VETO
2026-09-15 21:48:27.557177+05:30,24625.4,24677.69,24542.56,24607.92,10710.0,0.1605,LOW_TOXICITY,0.000107,0.2836,BUY,1,-1,0.632,0.894,0,APPROVED
2026-09-15 21:49:27.557177+05:30,24605.88,24614.63,24594.13,24605.51,10196.0,0.1605,LOW_TOXICITY,0.000181,0.2836,BUY,-1,1,0.6606,0.891,0,VETO
2026-09-15 21:50:27.557177+05:30,24633.32,24634.6,24618.53,24619.12,18017.0,0.1605,LOW_TOXICITY,0.00026,0.2836,BUY,1,1,0.8315,0.909,0,APPROVED
2026-09-15 21:51:27.557177+05:30,24622.54,24652.1,24625.78,24643.56,24905.0,0.1605,LOW_TOXICITY,0.000338,0.2836,BUY,1,-1,0.5604,0.94,0,APPROVED
2026-09-15 21:52:27.557177+05:30,24640.31,24670.97,24622.54,24630.89,7173.0,0.1605,LOW_TOXICITY,0.000278,0.2836,BUY,-1,1,0.8096,0.924,0,VETO
2026-09-15 21:53:27.557177+05:30,24650.36,24667.12,24629.6,24640.38,13301.0,0.1605,LOW_TOXICITY,0.000192,0.2836,BUY,1,1,0.8575,0.936,0,APPROVED
2026-09-15 21:54:27.557177+05:30,24639.36,24653.13,24640.37,24642.14,22064.0,0.1605,LOW_TOXICITY,0.000135,0.2836,BUY,1,1,0.8159,0.939,0,APPROVED
2026-09-15 21:55:27.557177+05:30,24632.64,24658.73,24611.49,24647.35,28592.0,0.1605,LOW_TOXICITY,0.000157,0.2836,BUY,1,-1,0.5321,0.945,0,APPROVED
2026-09-15 21:56:27.557177+05:30,24623.55,24641.6,24610.1,24619.26,12024.0,0.1605,LOW_TOXICITY,7.9e-05,0.2798,HOLD,0,0,0.5,0.909,0,APPROVED
2026-09-15 21:57:27.557177+05:30,24643.35,24669.19,24612.54,24621.34,22457.0,0.1605,LOW_TOXICITY,0.00015,0.2798,BUY,1,1,0.9013,0.912,0,APPROVED
2026-09-15 21:58:27.557177+05:30,24637.25,24644.11,24632.64,24638.61,13342.0,0.1679,LOW_TOXICITY,0.000195,0.2798,BUY,1,1,0.9766,0.934,0,APPROVED
2026-09-15 21:59:27.557177+05:30,24671.37,24687.77,24653.82,24686.11,21126.0,0.1679,LOW_TOXICITY,0.000345,0.2798,BUY,1,1,0.5,0.996,0,VETO
2026-09-15 22:00:27.557177+05:30,24703.63,24721.31,24716.44,24718.84,22523.0,0.1679,LOW_TOXICITY,0.000405,0.2798,BUY,1,1,0.5,1.0,0,VETO
2026-09-15 22:01:27.557177+05:30,24720.53,24816.06,24724.08,24792.35,43592.0,0.1679,LOW_TOXICITY,0.000668,0.2798,BUY,1,1,0.5,1.0,0,VETO
2026-09-15 22:02:27.557177+05:30,24747.89,24769.48,24738.99,24766.07,19112.0,0.1679,LOW_TOXICITY,0.000555,0.2798,BUY,1,1,0.5,1.0,0,VETO
2026-09-15 22:03:27.557177+05:30,24819.18,24829.99,24779.64,24798.37,12936.0,0.1679,LOW_TOXICITY,0.000514,0.2798,BUY,1,1,0.5,1.0,0,VETO
2026-09-15 22:04:27.557177+05:30,24802.22,24811.89,24786.83,24806.88,14650.0,0.1679,LOW_TOXICITY,0.000543,0.2798,BUY,1,1,0.5,1.0,0,VETO
2026-09-15 22:05:27.557177+05:30,24810.44,24921.24,24701.92,24892.33,17313.0,0.1679,LOW_TOXICITY,0.000736,0.2798,BUY,1,1,0.5,1.0,1,VETO
2026-09-15 22:06:27.557177+05:30,24865.24,24891.36,24819.3,24856.24,19720.0,0.1679,LOW_TOXICITY,0.000573,0.3074,BUY,1,1,0.5,1.0,1,VETO
2026-09-15 22:07:27.557177+05:30,24798.96,24858.56,24759.76,24817.88,16742.0,0.1679,LOW_TOXICITY,0.000504,0.3074,BUY,1,1,0.5,1.0,1,VETO
2026-09-15 22:08:27.557177+05:30,24802.84,24810.42,24791.46,24792.94,16477.0,0.181,LOW_TOXICITY,0.000411,0.3074,BUY,1,1,0.5,1.0,1,VETO
2026-09-15 22:09:27.557177+05:30,24672.51,24742.48,24585.01,24709.84,13809.0,0.181,LOW_TOXICITY,0.000183,0.3074,BUY,1,1,0.5,1.0,1,VETO
2026-09-15 22:10:27.557177+05:30,24680.08,24711.96,24662.35,24689.75,18743.0,0.181,LOW_TOXICITY,0.000115,0.3074,BUY,1,1,0.5,1.0,1,VETO
2026-09-15 22:11:27.557177+05:30,24675.72,24679.87,24653.19,24661.14,13113.0,0.181,LOW_TOXICITY,0.000113,0.3074,BUY,-1,1,0.6063,0.963,1,VETO
2026-09-15 22:12:27.557177+05:30,24668.07,24671.42,24664.54,24668.53,7838.0,0.181,LOW_TOXICITY,0.000128,0.3074,BUY,1,1,0.853,0.973,1,APPROVED
2026-09-15 22:13:27.557177+05:30,24677.38,24717.22,24647.3,24684.04,8394.0,0.181,LOW_TOXICITY,0.000123,0.3074,BUY,1,1,0.5,0.993,1,VETO
2026-09-15 22:14:27.557177+05:30,24793.34,24919.22,24715.68,24762.26,35167.0,0.181,LOW_TOXICITY,0.000205,0.3074,BUY,1,1,0.5,1.0,1,VETO
2026-09-15 22:15:27.557177+05:30,24824.82,24834.76,24775.73,24799.65,23473.0,0.181,LOW_TOXICITY,0.000218,0.3074,BUY,1,1,0.5,1.0,1,VETO
2026-09-15 22:16:27.557177+05:30,24769.92,24789.26,24724.19,24781.78,6909.0,0.181,LOW_TOXICITY,-2.8e-05,0.4534,HOLD,0,0,0.5,1.0,1,APPROVED
2026-09-15 22:17:27.557177+05:30,24777.89,24796.18,24728.79,24754.62,28156.0,0.181,LOW_TOXICITY,-3.1e-05,0.4416,HOLD,0,0,0.5,1.0,1,APPROVED
2026-09-15 22:18:27.557177+05:30,24777.17,24785.6,24758.9,24772.61,20234.0,0.181,LOW_TOXICITY,-6.9e-05,0.42,HOLD,0,0,0.5,1.0,1,APPROVED
2026-09-15 22:19:27.557177+05:30,24731.36,24739.94,24724.07,24728.36,9983.0,0.181,LOW_TOXICITY,-0.000211,0.4327,SELL,-1,1,0.659,1.0,1,APPROVED
2026-09-15 22:20:27.557177+05:30,24746.64,24800.42,24695.47,24785.5,9090.0,0.1712,LOW_TOXICITY,-0.000287,0.4502,SELL,1,-1,0.6342,1.0,1,VETO
2026-09-15 22:21:27.557177+05:30,24851.85,24862.19,24817.04,24823.37,22759.0,0.1712,LOW_TOXICITY,-8.8e-05,0.4414,SELL,1,-1,0.8655,1.0,1,VETO
2026-09-15 22:22:27.557177+05:30,24821.63,24845.71,24786.72,24809.52,8402.0,0.1712,LOW_TOXICITY,-2.2e-05,0.4216,HOLD,0,0,0.5,1.0,1,APPROVED
2026-09-15 22:23:27.557177+05:30,24741.99,24770.7,24735.36,24760.45,15476.0,0.1712,LOW_TOXICITY,-8.7e-05,0.4409,SELL,-1,1,0.5359,1.0,1,APPROVED
2026-09-15 22:24:27.557177+05:30,24819.36,24853.73,24778.81,24802.09,6530.0,0.1712,LOW_TOXICITY,0.000248,0.4372,BUY,1,1,0.5,1.0,1,VETO
2026-09-15 22:25:27.557177+05:30,24807.92,24810.04,24799.44,24799.89,15009.0,0.1712,LOW_TOXICITY,0.000297,0.4137,BUY,1,1,0.5,1.0,1,VETO
