timestamp,open,high,low,close,volume,vpin,vpin_regime,garch_mu,garch_vol,garch_signal,svm_pred,xgb_pred,xgb_conf,week_pos,trend_15m,decision
2026-09-21 08:57:26.265202+05:30,23346.4,23346.4,23346.4,23346.4,25000.0,0.2147,LOW_TOXICITY,1.3e-05,0.0484,HOLD,0,0,0.5,0.483,1,APPROVED
2026-09-21 08:58:08.485285+05:30,23346.4,23346.4,23346.4,23346.4,25000.0,0.2147,LOW_TOXICITY,1.3e-05,0.0473,HOLD,0,0,0.5,0.483,1,APPROVED
2026-09-21 08:59:01.032039+05:30,23346.4,23346.4,23346.4,23346.4,25000.0,0.2147,LOW_TOXICITY,1.3e-05,0.0465,HOLD,0,0,0.5,0.483,1,APPROVED
2026-09-21 08:59:09.186856+05:30,23346.4,23346.4,23346.4,23346.4,25000.0,0.2147,LOW_TOXICITY,1.3e-05,0.0484,HOLD,0,0,0.5,0.483,1,APPROVED
2026-09-21 09:01:04.859735+05:30,23331.95,23331.95,23331.95,23331.95,25000.0,0.2147,LOW_TOXICITY,-2.8e-05,1.8802,HOLD,0,0,0.5,0.453,1,APPROVED
2026-09-21 09:01:07.214693+05:30,23339.45,23339.45,23339.45,23339.45,25000.0,0.2147,LOW_TOXICITY,-7e-06,1.0182,HOLD,0,0,0.5,0.468,1,APPROVED
2026-09-21 09:02:07.925024+05:30,23350.0,23350.0,23350.0,23350.0,25000.0,0.2147,LOW_TOXICITY,2.3e-05,1.5262,HOLD,0,0,0.5,0.491,1,APPROVED
2026-09-21 09:02:10.295297+05:30,23350.05,23350.05,23350.05,23350.05,25000.0,0.2147,LOW_TOXICITY,2.3e-05,0.8272,HOLD,0,0,0.5,0.491,1,APPROVED
2026-09-21 09:03:00.533354+05:30,23333.75,23333.75,23333.75,23333.75,25000.0,0.2147,LOW_TOXICITY,-2.3e-05,1.2398,HOLD,0,0,0.5,0.457,1,APPROVED
2026-09-21 09:03:02.903718+05:30,23337.6,23337.6,23337.6,23337.6,25000.0,0.2147,LOW_TOXICITY,-1.2e-05,0.6745,HOLD,0,0,0.5,0.465,1,APPROVED
2026-09-21 09:04:03.756939+05:30,23338.85,23338.85,23338.85,23338.85,25000.0,0.2147,LOW_TOXICITY,-9e-06,1.0044,HOLD,0,0,0.5,0.467,1,APPROVED
2026-09-21 09:04:06.134691+05:30,23335.8,23335.8,23335.8,23335.8,25000.0,0.2147,LOW_TOXICITY,-1.7e-05,0.5468,HOLD,0,0,0.5,0.461,1,APPROVED
2026-09-21 09:05:06.849763+05:30,23342.1,23342.1,23342.1,23342.1,25000.0,0.2147,LOW_TOXICITY,1e-06,0.8137,HOLD,0,0,0.5,0.474,1,APPROVED
2026-09-21 09:05:09.258958+05:30,23344.1,23344.1,23344.1,23344.1,25000.0,0.2147,LOW_TOXICITY,6e-06,0.4462,HOLD,0,0,0.5,0.478,1,APPROVED
2026-09-21 09:06:01.873660+05:30,23374.45,23374.45,23374.45,23374.45,25000.0,0.2147,LOW_TOXICITY,9.3e-05,0.4069,BUY,1,1,0.5,0.542,1,VETO
2026-09-21 09:06:09.918178+05:30,23374.75,23374.75,23374.75,23374.75,25000.0,0.2147,LOW_TOXICITY,9.4e-05,0.6888,BUY,1,1,0.5,0.543,1,VETO
2026-09-21 09:07:02.477810+05:30,23339.35,23339.35,23339.35,23339.35,25000.0,0.2147,LOW_TOXICITY,-7e-06,0.5992,HOLD,0,0,0.5,0.468,1,APPROVED
2026-09-21 09:07:04.903512+05:30,23338.7,23338.7,23338.7,23338.7,25000.0,0.2147,LOW_TOXICITY,-9e-06,0.2475,HOLD,0,0,0.5,0.467,1,APPROVED
2026-09-21 09:08:18.046347+05:30,23329.85,23329.85,23329.85,23329.85,25000.0,0.2147,LOW_TOXICITY,-3.4e-05,0.1144,HOLD,0,0,0.5,0.448,1,APPROVED
2026-09-21 09:09:00.165312+05:30,23332.5,23332.5,23332.5,23332.5,25000.0,0.2147,LOW_TOXICITY,-2.7e-05,0.0969,HOLD,0,0,0.5,0.454,1,APPROVED
2026-09-21 09:09:08.694142+05:30,23333.1,23333.1,23333.1,23333.1,25000.0,0.2147,LOW_TOXICITY,-2.5e-05,0.1608,HOLD,0,0,0.5,0.455,1,APPROVED
2026-09-21 09:10:01.266283+05:30,23330.2,23330.2,23330.2,23330.2,25000.0,0.2147,LOW_TOXICITY,-3.3e-05,0.1482,HOLD,0,0,0.5,0.449,1,APPROVED
2026-09-21 09:10:03.285886+05:30,23330.2,23330.2,23330.2,23330.2,25000.0,0.2147,LOW_TOXICITY,-3.3e-05,0.0836,HOLD,0,0,0.5,0.449,1,APPROVED
2026-09-21 09:11:04.348824+05:30,23330.2,23330.2,23330.2,23330.2,25000.0,0.2147,LOW_TOXICITY,-3.3e-05,0.1424,HOLD,0,0,0.5,0.449,1,APPROVED
2026-09-21 09:11:06.347054+05:30,23330.2,23330.2,23330.2,23330.2,25000.0,0.2147,LOW_TOXICITY,-3.3e-05,0.0724,HOLD,0,0,0.5,0.449,1,APPROVED
2026-09-21 09:11:07.408831+05:30,23330.2,23330.2,23330.2,23330.2,25000.0,0.2147,LOW_TOXICITY,-4.6e-05,0.1253,HOLD,0,0,0.5,0.449,1,APPROVED
2026-09-21 09:12:00.605816+05:30,23330.2,23330.2,23330.2,23330.2,25000.0,0.2147,LOW_TOXICITY,-4.6e-05,0.113,HOLD,0,0,0.5,0.449,1,APPROVED
2026-09-21 09:12:07.396590+05:30,23330.2,23330.2,23330.2,23330.2,25000.0,0.2147,LOW_TOXICITY,-4.6e-05,0.14,HOLD,0,0,0.5,0.449,1,APPROVED
2026-09-21 09:12:09.409773+05:30,23330.2,23330.2,23330.2,23330.2,25000.0,0.2147,LOW_TOXICITY,-3.3e-05,0.0642,HOLD,0,0,0.5,0.449,1,APPROVED
2026-09-21 09:13:01.959209+05:30,23330.2,23330.2,23330.2,23330.2,25000.0,0.2147,LOW_TOXICITY,-3.3e-05,0.0584,HOLD,0,0,0.5,0.449,1,APPROVED
2026-09-21 09:13:03.655861+05:30,23330.2,23330.2,23330.2,23330.2,25000.0,0.2147,LOW_TOXICITY,-4.6e-05,0.1051,HOLD,0,0,0.5,0.449,1,APPROVED
2026-09-21 09:13:10.448321+05:30,23330.2,23330.2,23330.2,23330.2,25000.0,0.2147,LOW_TOXICITY,-4.6e-05,0.1391,HOLD,0,0,0.5,0.449,1,APPROVED
2026-09-21 09:14:03.867784+05:30,23330.2,23330.2,23330.2,23330.2,25000.0,0.2147,LOW_TOXICITY,-4.6e-05,0.1387,HOLD,0,0,0.5,0.449,1,APPROVED
2026-09-21 09:14:05.068694+05:30,23330.2,23330.2,23330.2,23330.2,25000.0,0.2147,LOW_TOXICITY,-3.3e-05,0.0544,HOLD,0,0,0.5,0.449,1,APPROVED
2026-09-21 09:14:06.742045+05:30,23330.2,23330.2,23330.2,23330.2,25000.0,0.2147,LOW_TOXICITY,-4.6e-05,0.1,HOLD,0,0,0.5,0.449,1,APPROVED
2026-09-21 09:15:06.970500+05:30,23353.0,23353.0,23353.0,23353.0,25000.0,0.2147,LOW_TOXICITY,0.000723,0.1682,BUY,1,1,0.5,0.497,1,VETO
2026-09-21 09:15:08.102657+05:30,23357.0,23357.0,23357.0,23357.0,25000.0,0.2147,LOW_TOXICITY,4.3e-05,0.1735,HOLD,0,0,0.5,0.505,1,APPROVED
2026-09-21 09:15:09.827621+05:30,23365.0,23365.0,23365.0,23365.0,25000.0,0.2147,LOW_TOXICITY,0.000433,0.1741,BUY,1,1,0.5,0.522,1,VETO
2026-09-21 09:16:00.659539+05:30,23345.7,23345.7,23345.7,23345.7,25000.0,0.2147,LOW_TOXICITY,1.1e-05,0.1579,HOLD,0,0,0.5,0.482,1,APPROVED
2026-09-21 09:16:02.358185+05:30,23341.85,23341.85,23341.85,23341.85,25000.0,0.2147,LOW_TOXICITY,7e-06,0.1751,HOLD,0,0,0.5,0.474,1,APPROVED
2026-09-21 09:16:10.056911+05:30,23333.6,23333.6,23333.6,23333.6,25000.0,0.2147,LOW_TOXICITY,5e-06,0.1709,HOLD,0,0,0.5,0.456,1,APPROVED
2026-09-21 09:17:03.704877+05:30,23366.0,23366.0,23366.0,23366.0,25000.0,0.2147,LOW_TOXICITY,6.9e-05,0.1799,HOLD,0,0,0.5,0.524,1,APPROVED
2026-09-21 09:17:05.402997+05:30,23364.95,23364.95,23364.95,23364.95,25000.0,0.2147,LOW_TOXICITY,4.3e-05,0.1758,HOLD,0,0,0.5,0.522,1,APPROVED
2026-09-21 09:18:06.795009+05:30,23382.65,23382.65,23382.65,23382.65,25000.0,0.2147,LOW_TOXICITY,0.000116,0.1815,BUY,1,1,0.5,0.559,1,VETO
2026-09-21 09:19:09.874231+05:30,23386.0,23386.0,23386.0,23386.0,25000.0,0.2147,LOW_TOXICITY,0.000126,0.1548,BUY,1,1,0.5,0.566,1,VETO
2026-09-21 09:20:02.492808+05:30,23388.9,23388.9,23388.9,23388.9,25000.0,0.2147,LOW_TOXICITY,0.000134,0.1326,BUY,1,1,0.5,0.572,1,VETO
2026-09-21 09:21:05.632231+05:30,23384.5,23384.5,23384.5,23384.5,25000.0,0.2147,LOW_TOXICITY,0.000109,0.1165,BUY,1,1,0.5,0.563,1,VETO
2026-09-21 09:22:08.809446+05:30,23377.65,23377.65,23377.65,23377.65,25000.0,0.2147,LOW_TOXICITY,8.9e-05,0.1083,BUY,-1,-1,0.9928,0.549,1,VETO
2026-09-21 09:23:02.154776+05:30,23378.55,23378.55,23378.55,23378.55,25000.0,0.2147,LOW_TOXICITY,0.000139,0.0937,BUY,1,1,0.993,0.55,1,APPROVED
2026-09-21 09:23:09.973558+05:30,23376.6,23376.6,23376.6,23376.6,25000.0,0.199,LOW_TOXICITY,9.9e-05,0.0623,BUY,1,1,0.993,0.546,1,APPROVED
2026-09-21 09:24:02.799459+05:30,23379.6,23379.6,23379.6,23379.6,25000.0,0.199,LOW_TOXICITY,0.000108,0.0577,BUY,1,1,0.9934,0.553,1,APPROVED
2026-09-21 09:24:05.263508+05:30,23379.4,23379.4,23379.4,23379.4,25000.0,0.2147,LOW_TOXICITY,0.000134,0.0819,BUY,1,1,0.993,0.552,1,APPROVED
2026-09-21 09:25:03.301189+05:30,23376.0,23376.0,23376.0,23376.0,25000.0,0.199,LOW_TOXICITY,9.7e-05,0.0588,BUY,-1,-1,0.9718,0.545,1,VETO
2026-09-21 09:25:08.409715+05:30,23375.3,23375.3,23375.3,23375.3,25000.0,0.2147,LOW_TOXICITY,0.000129,0.0766,BUY,-1,1,0.5984,0.544,1,VETO
2026-09-21 09:26:01.073460+05:30,23386.45,23386.45,23386.45,23386.45,25000.0,0.2147,LOW_TOXICITY,0.000161,0.0942,BUY,1,1,0.5,0.567,1,VETO
2026-09-21 09:26:03.487093+05:30,23386.5,23386.5,23386.5,23386.5,25000.0,0.199,LOW_TOXICITY,0.000127,0.0851,BUY,1,1,0.9934,0.567,1,APPROVED
2026-09-21 09:27:03.859321+05:30,23390.75,23390.75,23390.75,23390.75,25000.0,0.199,LOW_TOXICITY,0.000127,0.0774,BUY,1,1,0.5,0.576,1,VETO
2026-09-21 09:27:04.150159+05:30,23390.6,23390.6,23390.6,23390.6,25000.0,0.2147,LOW_TOXICITY,0.000172,0.0855,BUY,1,1,0.5,0.576,1,VETO
2026-09-21 09:28:04.214640+05:30,23392.15,23392.15,23392.15,23392.15,25000.0,0.199,LOW_TOXICITY,0.000131,0.0678,BUY,1,1,0.5,0.579,1,VETO
2026-09-21 09:28:07.242014+05:30,23392.15,23392.15,23392.15,23392.15,25000.0,0.2147,LOW_TOXICITY,0.000177,0.0752,BUY,1,1,0.5,0.579,1,VETO
2026-09-21 09:29:00.038402+05:30,23393.9,23393.9,23393.9,23393.9,25000.0,0.2147,LOW_TOXICITY,0.000182,0.0678,BUY,1,1,0.5,0.583,1,VETO
2026-09-21 09:29:04.317105+05:30,23393.05,23393.05,23393.05,23393.05,25000.0,0.199,LOW_TOXICITY,0.000137,0.0609,BUY,1,1,0.5,0.581,1,VETO
2026-09-21 09:30:03.298130+05:30,23400.1,23400.1,23400.1,23400.1,25000.0,0.2147,LOW_TOXICITY,0.000123,0.071,BUY,1,1,0.5,0.596,1,VETO
2026-09-21 09:30:04.413311+05:30,23400.45,23400.45,23400.45,23400.45,25000.0,0.199,LOW_TOXICITY,0.000108,0.0723,BUY,1,1,0.5,0.596,1,VETO
2026-09-21 09:31:04.759362+05:30,23401.9,23401.9,23401.9,23401.9,25000.0,0.199,LOW_TOXICITY,4.9e-05,0.0643,HOLD,0,0,0.5,0.599,1,APPROVED
2026-09-21 09:31:06.435434+05:30,23402.85,23402.85,23402.85,23402.85,25000.0,0.2147,LOW_TOXICITY,0.000163,0.0656,BUY,1,1,0.5,0.601,1,VETO
2026-09-21 09:32:04.970466+05:30,23399.1,23399.1,23399.1,23399.1,25000.0,0.199,LOW_TOXICITY,3.2e-05,0.0611,HOLD,0,0,0.5,0.594,1,APPROVED
2026-09-21 09:32:09.559290+05:30,23399.85,23399.85,23399.85,23399.85,25000.0,0.2147,LOW_TOXICITY,9.7e-05,0.0624,BUY,1,1,0.5,0.595,1,VETO
2026-09-21 09:33:02.136463+05:30,23397.2,23397.2,23397.2,23397.2,25000.0,0.2147,LOW_TOXICITY,4.1e-05,0.0594,HOLD,0,0,0.5,0.59,1,APPROVED
2026-09-21 09:33:05.231341+05:30,23399.45,23399.45,23399.45,23399.45,25000.0,0.199,LOW_TOXICITY,3.9e-05,0.0562,HOLD,0,0,0.5,0.594,1,APPROVED
2026-09-21 09:34:05.196795+05:30,23395.4,23395.4,23395.4,23395.4,25000.0,0.2147,LOW_TOXICITY,2.7e-05,0.056,HOLD,0,0,0.5,0.586,1,APPROVED
2026-09-21 09:34:05.569338+05:30,23397.85,23397.85,23397.85,23397.85,25000.0,0.199,LOW_TOXICITY,4.8e-05,0.0539,HOLD,0,0,0.5,0.591,1,APPROVED
2026-09-21 09:35:05.489932+05:30,23399.15,23399.15,23399.15,23399.15,25000.0,0.199,LOW_TOXICITY,6.2e-05,0.0519,HOLD,0,0,0.5,0.594,1,APPROVED
2026-09-21 09:35:08.300834+05:30,23399.6,23399.6,23399.6,23399.6,25000.0,0.2147,LOW_TOXICITY,3e-05,0.0575,HOLD,0,0,0.5,0.595,1,APPROVED
2026-09-21 09:36:00.840204+05:30,23406.7,23406.7,23406.7,23406.7,25000.0,0.2147,LOW_TOXICITY,6.3e-05,0.0674,HOLD,0,0,0.5,0.61,1,APPROVED
2026-09-21 09:36:05.895641+05:30,23406.95,23406.95,23406.95,23406.95,25000.0,0.199,LOW_TOXICITY,8.8e-05,0.0695,BUY,1,1,0.5,0.61,1,VETO
2026-09-21 09:37:03.952226+05:30,23395.25,23395.25,23395.25,23395.25,25000.0,0.2147,LOW_TOXICITY,5e-05,0.0913,HOLD,0,0,0.5,0.586,1,APPROVED
2026-09-21 09:37:06.330480+05:30,23395.1,23395.1,23395.1,23395.1,25000.0,0.199,LOW_TOXICITY,5.7e-05,0.0977,HOLD,0,0,0.5,0.585,1,APPROVED
2026-09-21 09:38:07.245000+05:30,23390.2,23390.2,23390.2,23390.2,25000.0,0.199,LOW_TOXICITY,3.9e-05,0.088,HOLD,0,0,0.5,0.575,1,APPROVED
2026-09-21 09:38:07.674553+05:30,23390.45,23390.45,23390.45,23390.45,25000.0,0.2147,LOW_TOXICITY,3.4e-05,0.0856,HOLD,0,0,0.5,0.575,1,APPROVED
2026-09-21 09:39:00.261683+05:30,23393.5,23393.5,23393.5,23393.5,25000.0,0.2147,LOW_TOXICITY,4e-05,0.0773,HOLD,0,0,0.5,0.582,1,APPROVED
2026-09-21 09:39:07.684454+05:30,23391.6,23391.6,23391.6,23391.6,25000.0,0.199,LOW_TOXICITY,3.4e-05,0.0753,HOLD,0,0,0.5,0.578,1,APPROVED
2026-09-21 09:40:03.315928+05:30,23392.95,23392.95,23392.95,23392.95,25000.0,0.2147,LOW_TOXICITY,5e-05,0.0688,HOLD,0,0,0.5,0.581,1,APPROVED
2026-09-21 09:40:08.106627+05:30,23392.5,23392.5,23392.5,23392.5,25000.0,0.199,LOW_TOXICITY,4.7e-05,0.0661,HOLD,0,0,0.5,0.58,1,APPROVED
2026-09-21 09:41:06.380446+05:30,23385.9,23385.9,23385.9,23385.9,25000.0,0.2147,LOW_TOXICITY,-2e-06,0.075,HOLD,0,0,0.5,0.566,1,APPROVED
2026-09-21 09:41:08.551442+05:30,23387.7,23387.7,23387.7,23387.7,25000.0,0.199,LOW_TOXICITY,3e-06,0.0672,HOLD,0,0,0.5,0.57,1,APPROVED
2026-09-21 09:42:08.982005+05:30,23392.6,23392.6,23392.6,23392.6,25000.0,0.199,LOW_TOXICITY,5e-06,0.0673,HOLD,0,0,0.5,0.58,1,APPROVED
2026-09-21 09:42:09.474083+05:30,23393.3,23393.3,23393.3,23393.3,25000.0,0.2147,LOW_TOXICITY,8e-06,0.0795,HOLD,0,0,0.5,0.581,1,APPROVED
2026-09-21 09:43:02.037117+05:30,23389.95,23389.95,23389.95,23389.95,25000.0,0.2147,LOW_TOXICITY,-6e-06,0.0733,HOLD,0,0,0.5,0.574,1,APPROVED
2026-09-21 09:43:09.399721+05:30,23391.6,23391.6,23391.6,23391.6,25000.0,0.199,LOW_TOXICITY,-2e-06,0.0607,HOLD,0,0,0.5,0.578,1,APPROVED
2026-09-21 09:44:05.342324+05:30,23392.55,23392.55,23392.55,23392.55,25000.0,0.2147,LOW_TOXICITY,-4e-06,0.0672,HOLD,0,0,0.5,0.58,1,APPROVED
2026-09-21 09:44:09.798299+05:30,23392.1,23392.1,23392.1,23392.1,25000.0,0.199,LOW_TOXICITY,-3e-06,0.0559,HOLD,0,0,0.5,0.579,1,APPROVED
2026-09-21 09:45:00.178787+05:30,23395.1,23395.1,23395.1,23395.1,25000.0,0.199,LOW_TOXICITY,-1.5e-05,0.0557,HOLD,0,0,0.5,0.585,1,APPROVED
2026-09-21 09:45:08.877206+05:30,23394.8,23394.8,23394.8,23394.8,25000.0,0.2147,LOW_TOXICITY,-1.5e-05,0.0622,HOLD,0,0,0.5,0.585,1,APPROVED
2026-09-21 09:46:00.645478+05:30,23399.7,23399.7,23399.7,23399.7,25000.0,0.199,LOW_TOXICITY,-6e-06,0.0597,HOLD,0,0,0.5,0.595,1,APPROVED
2026-09-21 09:46:01.499160+05:30,23398.5,23398.5,23398.5,23398.5,25000.0,0.2147,LOW_TOXICITY,-1.2e-05,0.0608,HOLD,0,0,0.5,0.592,1,APPROVED
2026-09-21 09:47:01.041539+05:30,23401.0,23401.0,23401.0,23401.0,25000.0,0.199,LOW_TOXICITY,5e-06,0.0555,HOLD,0,0,0.5,0.598,1,APPROVED
2026-09-21 09:47:04.575824+05:30,23400.85,23400.85,23400.85,23400.85,25000.0,0.2147,LOW_TOXICITY,3e-06,0.0574,HOLD,0,0,0.5,0.597,1,APPROVED
2026-09-21 09:48:01.391588+05:30,23394.05,23394.05,23394.05,23394.05,25000.0,0.199,LOW_TOXICITY,-1.5e-05,0.0692,HOLD,0,0,0.5,0.583,1,APPROVED
2026-09-21 09:48:07.689249+05:30,23393.8,23393.8,23393.8,23393.8,25000.0,0.2147,LOW_TOXICITY,-1e-05,0.0683,HOLD,0,0,0.5,0.582,1,APPROVED
2026-09-21 09:49:00.324781+05:30,23403.7,23403.7,23403.7,23403.7,25000.0,0.2147,LOW_TOXICITY,2.4e-05,0.0843,HOLD,0,0,0.5,0.603,1,APPROVED
2026-09-21 09:49:01.779617+05:30,23403.35,23403.35,23403.35,23403.35,25000.0,0.199,LOW_TOXICITY,1.6e-05,0.085,HOLD,0,0,0.5,0.603,1,APPROVED
2026-09-21 09:50:02.174271+05:30,23401.1,23401.1,23401.1,23401.1,25000.0,0.199,LOW_TOXICITY,6e-06,0.074,HOLD,0,0,0.5,0.598,1,APPROVED
2026-09-21 09:50:03.414635+05:30,23401.65,23401.65,23401.65,23401.65,25000.0,0.2147,LOW_TOXICITY,6e-06,0.0754,HOLD,0,0,0.5,0.599,1,APPROVED
2026-09-21 09:51:02.560657+05:30,23402.3,23402.3,23402.3,23402.3,25000.0,0.199,LOW_TOXICITY,-1.3e-05,0.065,HOLD,0,0,0.5,0.6,1,APPROVED
2026-09-21 09:51:06.529510+05:30,23402.6,23402.6,23402.6,23402.6,25000.0,0.2147,LOW_TOXICITY,-1.2e-05,0.0675,HOLD,0,0,0.5,0.601,1,APPROVED
2026-09-21 09:51:10.681289+05:30,23402.45,23402.45,23402.45,23402.45,25000.0,0.1901,LOW_TOXICITY,3.6e-05,0.0547,HOLD,0,0,0.5,0.601,1,APPROVED
2026-09-21 09:52:01.135377+05:30,23404.2,23404.2,23404.2,23404.2,25000.0,0.1901,LOW_TOXICITY,3.4e-05,0.0527,HOLD,0,0,0.5,0.604,1,APPROVED
2026-09-21 09:52:03.018186+05:30,23403.6,23403.6,23403.6,23403.6,25000.0,0.199,LOW_TOXICITY,2.4e-05,0.059,HOLD,0,0,0.5,0.603,1,APPROVED
2026-09-21 09:52:09.599976+05:30,23403.4,23403.4,23403.4,23403.4,25000.0,0.2147,LOW_TOXICITY,2.3e-05,0.0613,HOLD,0,0,0.5,0.603,1,APPROVED
2026-09-21 09:52:51.419212+05:30,23401.65,23401.65,23401.65,23401.65,25000.0,0.1886,LOW_TOXICITY,2.6e-05,0.0544,HOLD,0,0,0.5,0.599,1,APPROVED
2026-09-21 09:53:01.509911+05:30,23403.4,23403.4,23403.4,23403.4,25000.0,0.1886,LOW_TOXICITY,3.2e-05,0.0525,HOLD,0,0,0.5,0.603,1,APPROVED
2026-09-21 09:53:01.647077+05:30,23403.3,23403.3,23403.3,23403.3,25000.0,0.1901,LOW_TOXICITY,3.2e-05,0.0509,HOLD,0,0,0.5,0.602,1,APPROVED
2026-09-21 09:53:02.752795+05:30,23404.05,23404.05,23404.05,23404.05,25000.0,0.2147,LOW_TOXICITY,3.9e-05,0.0565,HOLD,0,0,0.5,0.604,1,APPROVED
2026-09-21 09:53:04.011735+05:30,23403.4,23403.4,23403.4,23403.4,25000.0,0.199,LOW_TOXICITY,3.8e-05,0.0546,HOLD,0,0,0.5,0.603,1,APPROVED
2026-09-21 09:54:02.072706+05:30,23398.65,23398.65,23398.65,23398.65,25000.0,0.1886,LOW_TOXICITY,3.3e-05,0.0574,HOLD,0,0,0.5,0.593,1,APPROVED
2026-09-21 09:54:02.159786+05:30,23398.4,23398.4,23398.4,23398.4,25000.0,0.1901,LOW_TOXICITY,3.2e-05,0.059,HOLD,0,0,0.5,0.592,1,APPROVED
2026-09-21 09:54:04.399292+05:30,23398.0,23398.0,23398.0,23398.0,25000.0,0.199,LOW_TOXICITY,1.8e-05,0.063,HOLD,0,0,0.5,0.591,1,APPROVED
2026-09-21 09:54:05.773356+05:30,23397.55,23397.55,23397.55,23397.55,25000.0,0.2147,LOW_TOXICITY,1.2e-05,0.0656,HOLD,0,0,0.5,0.59,1,APPROVED
2026-09-21 09:55:02.664606+05:30,23396.4,23396.4,23396.4,23396.4,25000.0,0.1886,LOW_TOXICITY,2.1e-05,0.0551,HOLD,0,0,0.5,0.588,1,APPROVED
2026-09-21 09:55:02.744893+05:30,23396.6,23396.6,23396.6,23396.6,25000.0,0.1901,LOW_TOXICITY,2.1e-05,0.0558,HOLD,0,0,0.5,0.588,1,APPROVED
2026-09-21 09:55:04.846129+05:30,23395.0,23395.0,23395.0,23395.0,25000.0,0.199,LOW_TOXICITY,7e-06,0.0606,HOLD,0,0,0.5,0.585,1,APPROVED
2026-09-21 09:55:08.807019+05:30,23395.25,23395.25,23395.25,23395.25,25000.0,0.2147,LOW_TOXICITY,7e-06,0.0614,HOLD,0,0,0.5,0.586,1,APPROVED
2026-09-21 09:56:01.351378+05:30,23395.15,23395.15,23395.15,23395.15,25000.0,0.2147,LOW_TOXICITY,2.6e-05,0.0565,HOLD,0,0,0.5,0.585,1,APPROVED
2026-09-21 09:56:03.218969+05:30,23396.0,23396.0,23396.0,23396.0,25000.0,0.1886,LOW_TOXICITY,2.6e-05,0.0518,HOLD,0,0,0.5,0.587,1,APPROVED
2026-09-21 09:56:03.321766+05:30,23396.0,23396.0,23396.0,23396.0,25000.0,0.1901,LOW_TOXICITY,2.6e-05,0.0526,HOLD,0,0,0.5,0.587,1,APPROVED
2026-09-21 09:56:05.263771+05:30,23395.3,23395.3,23395.3,23395.3,25000.0,0.199,LOW_TOXICITY,2.2e-05,0.0555,HOLD,0,0,0.5,0.586,1,APPROVED
2026-09-21 09:57:03.746023+05:30,23395.55,23395.55,23395.55,23395.55,25000.0,0.1886,LOW_TOXICITY,1.4e-05,0.0493,HOLD,0,0,0.5,0.586,1,APPROVED
2026-09-21 09:57:03.847176+05:30,23395.55,23395.55,23395.55,23395.55,25000.0,0.1901,LOW_TOXICITY,1.4e-05,0.0504,HOLD,0,0,0.5,0.586,1,APPROVED
2026-09-21 09:57:04.531396+05:30,23395.3,23395.3,23395.3,23395.3,25000.0,0.2147,LOW_TOXICITY,6e-06,0.0528,HOLD,0,0,0.5,0.586,1,APPROVED
2026-09-21 09:57:05.640438+05:30,23394.75,23394.75,23394.75,23394.75,25000.0,0.199,LOW_TOXICITY,6e-06,0.0523,HOLD,0,0,0.5,0.584,1,APPROVED
2026-09-21 09:58:04.245293+05:30,23401.85,23401.85,23401.85,23401.85,25000.0,0.1886,LOW_TOXICITY,2.6e-05,0.0598,HOLD,0,0,0.5,0.599,1,APPROVED
2026-09-21 09:58:04.377620+05:30,23401.95,23401.95,23401.95,23401.95,25000.0,0.1901,LOW_TOXICITY,2.6e-05,0.0633,HOLD,0,0,0.5,0.6,1,APPROVED
2026-09-21 09:58:06.023067+05:30,23401.35,23401.35,23401.35,23401.35,25000.0,0.199,LOW_TOXICITY,2.8e-05,0.0653,HOLD,0,0,0.5,0.598,1,APPROVED
2026-09-21 09:58:07.672027+05:30,23401.15,23401.15,23401.15,23401.15,25000.0,0.2147,LOW_TOXICITY,3.2e-05,0.062,HOLD,0,0,0.5,0.598,1,APPROVED
2026-09-21 09:59:00.569080+05:30,23392.15,23392.15,23392.15,23392.15,25000.0,0.2147,LOW_TOXICITY,-1e-06,0.078,HOLD,0,0,0.5,0.579,1,APPROVED
2026-09-21 09:59:04.812388+05:30,23391.8,23391.8,23391.8,23391.8,25000.0,0.1886,LOW_TOXICITY,-1.6e-05,0.0812,HOLD,0,0,0.5,0.578,1,APPROVED
2026-09-21 09:59:04.895160+05:30,23391.8,23391.8,23391.8,23391.8,25000.0,0.1901,LOW_TOXICITY,-1.6e-05,0.0879,HOLD,0,0,0.5,0.578,1,APPROVED
2026-09-21 09:59:06.446589+05:30,23391.95,23391.95,23391.95,23391.95,25000.0,0.199,LOW_TOXICITY,-0.0,0.0854,HOLD,0,0,0.5,0.579,1,APPROVED
2026-09-21 10:00:03.880102+05:30,23396.05,23396.05,23396.05,23396.05,25000.0,0.2147,LOW_TOXICITY,4e-06,0.073,HOLD,0,0,0.5,0.587,1,APPROVED
2026-09-21 10:00:05.382945+05:30,23395.35,23395.35,23395.35,23395.35,25000.0,0.1886,LOW_TOXICITY,-1.6e-05,0.0747,HOLD,0,0,0.5,0.586,1,APPROVED
2026-09-21 10:00:05.460267+05:30,23395.35,23395.35,23395.35,23395.35,25000.0,0.1901,LOW_TOXICITY,-1.6e-05,0.0775,HOLD,0,0,0.5,0.586,1,APPROVED
2026-09-21 10:00:06.820879+05:30,23395.9,23395.9,23395.9,23395.9,25000.0,0.199,LOW_TOXICITY,2e-06,0.0764,HOLD,0,0,0.5,0.587,1,APPROVED
2026-09-21 10:01:05.998175+05:30,23392.65,23392.65,23392.65,23392.65,25000.0,0.1886,LOW_TOXICITY,-3e-06,0.0687,HOLD,0,0,0.5,0.58,1,APPROVED
2026-09-21 10:01:06.108760+05:30,23392.6,23392.6,23392.6,23392.6,25000.0,0.1901,LOW_TOXICITY,-3e-06,0.0696,HOLD,0,0,0.5,0.58,1,APPROVED
2026-09-21 10:01:07.227882+05:30,23391.95,23391.95,23391.95,23391.95,25000.0,0.199,LOW_TOXICITY,-2.2e-05,0.0713,HOLD,0,0,0.5,0.579,1,APPROVED
2026-09-21 10:01:07.097786+05:30,23391.75,23391.75,23391.75,23391.75,25000.0,0.2147,LOW_TOXICITY,-1.9e-05,0.0706,HOLD,0,0,0.5,0.578,1,APPROVED
2026-09-21 10:02:06.616593+05:30,23390.25,23390.25,23390.25,23390.25,25000.0,0.1886,LOW_TOXICITY,-3.6e-05,0.0637,HOLD,0,0,0.5,0.575,1,APPROVED
2026-09-21 10:02:06.679627+05:30,23390.25,23390.25,23390.25,23390.25,25000.0,0.1901,LOW_TOXICITY,-3.6e-05,0.0636,HOLD,0,0,0.5,0.575,1,APPROVED
2026-09-21 10:02:07.657331+05:30,23389.75,23389.75,23389.75,23389.75,25000.0,0.199,LOW_TOXICITY,-3.2e-05,0.0645,HOLD,0,0,0.5,0.574,1,APPROVED
2026-09-21 10:02:10.325960+05:30,23390.5,23390.5,23390.5,23390.5,25000.0,0.2147,LOW_TOXICITY,-2.9e-05,0.0646,HOLD,0,0,0.5,0.576,1,APPROVED
2026-09-21 10:03:02.900011+05:30,23387.6,23387.6,23387.6,23387.6,25000.0,0.2147,LOW_TOXICITY,-1.8e-05,0.0621,HOLD,0,0,0.5,0.569,1,APPROVED
2026-09-21 10:03:07.174870+05:30,23387.7,23387.7,23387.7,23387.7,25000.0,0.1886,LOW_TOXICITY,-3.9e-05,0.0602,HOLD,0,0,0.5,0.57,1,APPROVED
2026-09-21 10:03:07.230037+05:30,23387.7,23387.7,23387.7,23387.7,25000.0,0.1901,LOW_TOXICITY,-3.9e-05,0.0601,HOLD,0,0,0.5,0.57,1,APPROVED
2026-09-21 10:03:08.083328+05:30,23389.0,23389.0,23389.0,23389.0,25000.0,0.199,LOW_TOXICITY,-1.4e-05,0.0583,HOLD,0,0,0.5,0.572,1,APPROVED
2026-09-21 10:04:06.156519+05:30,23382.85,23382.85,23382.85,23382.85,25000.0,0.2147,LOW_TOXICITY,-5.9e-05,0.0643,HOLD,0,0,0.5,0.56,1,APPROVED
2026-09-21 10:04:07.726390+05:30,23383.0,23383.0,23383.0,23383.0,25000.0,0.1886,LOW_TOXICITY,-5.2e-05,0.0631,HOLD,0,0,0.5,0.56,1,APPROVED
2026-09-21 10:04:07.775508+05:30,23383.0,23383.0,23383.0,23383.0,25000.0,0.1901,LOW_TOXICITY,-5.2e-05,0.0631,HOLD,0,0,0.5,0.56,1,APPROVED
2026-09-21 10:04:08.464031+05:30,23383.1,23383.1,23383.1,23383.1,25000.0,0.199,LOW_TOXICITY,-5.8e-05,0.0666,HOLD,0,0,0.5,0.56,1,APPROVED
2026-09-21 10:05:08.318168+05:30,23385.1,23385.1,23385.1,23385.1,25000.0,0.1886,LOW_TOXICITY,-5.5e-05,0.0584,HOLD,0,0,0.5,0.564,1,APPROVED
2026-09-21 10:05:08.913672+05:30,23382.3,23382.3,23382.3,23382.3,25000.0,0.199,LOW_TOXICITY,-5.4e-05,0.0596,HOLD,0,0,0.5,0.558,1,APPROVED
2026-09-21 10:05:08.392235+05:30,23385.1,23385.1,23385.1,23385.1,25000.0,0.1884,LOW_TOXICITY,-5e-05,0.0584,HOLD,0,0,0.5,0.564,1,APPROVED
2026-09-21 10:05:09.371035+05:30,23386.25,23386.25,23386.25,23386.25,25000.0,0.2147,LOW_TOXICITY,-4.4e-05,0.0623,HOLD,0,0,0.5,0.567,1,APPROVED
2026-09-21 10:06:02.001482+05:30,23385.25,23385.25,23385.25,23385.25,25000.0,0.2147,LOW_TOXICITY,-4.9e-05,0.0583,HOLD,0,0,0.5,0.565,1,APPROVED
2026-09-21 10:06:09.344153+05:30,23383.95,23383.95,23383.95,23383.95,25000.0,0.199,LOW_TOXICITY,-5.2e-05,0.0556,HOLD,0,0,0.5,0.562,1,APPROVED
2026-09-21 10:06:08.869335+05:30,23382.35,23382.35,23382.35,23382.35,25000.0,0.1886,LOW_TOXICITY,-5.5e-05,0.0571,HOLD,0,0,0.5,0.558,1,APPROVED
2026-09-21 10:06:09.779852+05:30,23384.05,23384.05,23384.05,23384.05,25000.0,0.1884,LOW_TOXICITY,-5.2e-05,0.0545,HOLD,0,0,0.5,0.562,1,APPROVED
2026-09-21 10:07:00.209639+05:30,23379.3,23379.3,23379.3,23379.3,25000.0,0.1884,LOW_TOXICITY,-7.1e-05,0.0604,HOLD,0,0,0.5,0.552,1,APPROVED
2026-09-21 10:07:00.209634+05:30,23379.3,23379.3,23379.3,23379.3,25000.0,0.1886,LOW_TOXICITY,-6.4e-05,0.0569,HOLD,0,0,0.5,0.552,1,APPROVED
2026-09-21 10:07:05.210781+05:30,23379.85,23379.85,23379.85,23379.85,25000.0,0.2147,LOW_TOXICITY,-6.7e-05,0.0635,HOLD,0,0,0.5,0.553,1,APPROVED
2026-09-21 10:07:09.751787+05:30,23379.15,23379.15,23379.15,23379.15,25000.0,0.199,LOW_TOXICITY,-7e-05,0.0612,HOLD,0,0,0.5,0.552,1,APPROVED
2026-09-21 10:08:00.754975+05:30,23379.5,23379.5,23379.5,23379.5,25000.0,0.1884,LOW_TOXICITY,-6.8e-05,0.0552,HOLD,0,0,0.5,0.552,1,APPROVED
2026-09-21 10:08:00.754974+05:30,23379.5,23379.5,23379.5,23379.5,25000.0,0.1886,LOW_TOXICITY,-6.8e-05,0.053,HOLD,0,0,0.5,0.552,1,APPROVED
2026-09-21 10:08:01.016688+05:30,23379.5,23379.5,23379.5,23379.5,25000.0,0.199,LOW_TOXICITY,-6.8e-05,0.0558,HOLD,0,0,0.5,0.552,1,APPROVED
2026-09-21 10:08:09.111543+05:30,23381.3,23381.3,23381.3,23381.3,25000.0,0.2147,LOW_TOXICITY,-6.5e-05,0.0578,HOLD,0,0,0.5,0.556,1,APPROVED
2026-09-21 10:09:01.274224+05:30,23384.1,23384.1,23384.1,23384.1,25000.0,0.1884,LOW_TOXICITY,-4.1e-05,0.0594,HOLD,0,0,0.5,0.562,1,APPROVED
2026-09-21 10:09:01.274218+05:30,23384.1,23384.1,23384.1,23384.1,25000.0,0.1886,LOW_TOXICITY,-4.1e-05,0.0582,HOLD,0,0,0.5,0.562,1,APPROVED
2026-09-21 10:09:01.409241+05:30,23384.15,23384.15,23384.15,23384.15,25000.0,0.199,LOW_TOXICITY,-3.9e-05,0.06,HOLD,0,0,0.5,0.562,1,APPROVED
2026-09-21 10:09:01.778602+05:30,23384.35,23384.35,23384.35,23384.35,25000.0,0.2147,LOW_TOXICITY,-3.8e-05,0.0566,HOLD,0,0,0.5,0.563,1,APPROVED
2026-09-21 10:10:01.791172+05:30,23386.55,23386.55,23386.55,23386.55,25000.0,0.1884,LOW_TOXICITY,-2.9e-05,0.0566,HOLD,0,0,0.5,0.567,1,APPROVED
2026-09-21 10:10:01.821608+05:30,23386.55,23386.55,23386.55,23386.55,25000.0,0.199,LOW_TOXICITY,-2.4e-05,0.0569,HOLD,0,0,0.5,0.567,1,APPROVED
2026-09-21 10:10:01.806862+05:30,23386.45,23386.45,23386.45,23386.45,25000.0,0.1886,LOW_TOXICITY,-2.8e-05,0.0557,HOLD,0,0,0.5,0.567,1,APPROVED
2026-09-21 10:10:04.934900+05:30,23385.85,23385.85,23385.85,23385.85,25000.0,0.2147,LOW_TOXICITY,-2.7e-05,0.0536,HOLD,0,0,0.5,0.566,1,APPROVED
2026-09-21 10:11:02.187734+05:30,23387.8,23387.8,23387.8,23387.8,25000.0,0.199,LOW_TOXICITY,-2.1e-05,0.0535,HOLD,0,0,0.5,0.57,1,APPROVED
2026-09-21 10:11:02.346365+05:30,23387.8,23387.8,23387.8,23387.8,25000.0,0.1884,LOW_TOXICITY,-2.3e-05,0.0532,HOLD,0,0,0.5,0.57,1,APPROVED
2026-09-21 10:11:02.362195+05:30,23387.8,23387.8,23387.8,23387.8,25000.0,0.1886,LOW_TOXICITY,-2.3e-05,0.0528,HOLD,0,0,0.5,0.57,1,APPROVED
2026-09-21 10:11:08.031236+05:30,23387.45,23387.45,23387.45,23387.45,25000.0,0.2147,LOW_TOXICITY,-2.2e-05,0.0516,HOLD,0,0,0.5,0.569,1,APPROVED
2026-09-21 10:12:00.625757+05:30,23391.85,23391.85,23391.85,23391.85,25000.0,0.2147,LOW_TOXICITY,-1e-05,0.0554,HOLD,0,0,0.5,0.578,1,APPROVED
2026-09-21 10:12:02.586722+05:30,23391.7,23391.7,23391.7,23391.7,25000.0,0.199,LOW_TOXICITY,-9e-06,0.0565,HOLD,0,0,0.5,0.578,1,APPROVED
2026-09-21 10:12:02.925437+05:30,23391.9,23391.9,23391.9,23391.9,25000.0,0.1886,LOW_TOXICITY,-1e-05,0.0565,HOLD,0,0,0.5,0.579,1,APPROVED
2026-09-21 10:12:02.925417+05:30,23391.9,23391.9,23391.9,23391.9,25000.0,0.1884,LOW_TOXICITY,-1e-05,0.0568,HOLD,0,0,0.5,0.579,1,APPROVED
2026-09-21 10:13:03.067373+05:30,23390.65,23390.65,23390.65,23390.65,25000.0,0.199,LOW_TOXICITY,-3e-05,0.0533,HOLD,0,0,0.5,0.576,1,APPROVED
2026-09-21 10:13:03.476806+05:30,23389.65,23389.65,23389.65,23389.65,25000.0,0.1886,LOW_TOXICITY,-3.5e-05,0.0549,HOLD,0,0,0.5,0.574,1,APPROVED
2026-09-21 10:13:03.476804+05:30,23389.65,23389.65,23389.65,23389.65,25000.0,0.1884,LOW_TOXICITY,-3.5e-05,0.0551,HOLD,0,0,0.5,0.574,1,APPROVED
2026-09-21 10:13:03.797816+05:30,23387.95,23387.95,23387.95,23387.95,25000.0,0.2147,LOW_TOXICITY,-3.8e-05,0.0571,HOLD,0,0,0.5,0.57,1,APPROVED
2026-09-21 10:14:03.612856+05:30,23378.35,23378.35,23378.35,23378.35,25000.0,0.199,LOW_TOXICITY,-3.9e-05,0.0875,HOLD,0,0,0.5,0.55,1,APPROVED
2026-09-21 10:14:03.998706+05:30,23379.25,23379.25,23379.25,23379.25,25000.0,0.1884,LOW_TOXICITY,-3.6e-05,0.0806,HOLD,0,0,0.5,0.552,1,APPROVED
2026-09-21 10:14:04.014045+05:30,23379.25,23379.25,23379.25,23379.25,25000.0,0.1886,LOW_TOXICITY,-3.6e-05,0.079,HOLD,0,0,0.5,0.552,1,APPROVED
2026-09-21 10:14:07.302765+05:30,23378.65,23378.65,23378.65,23378.65,25000.0,0.2147,LOW_TOXICITY,-3.8e-05,0.0768,HOLD,0,0,0.5,0.551,1,APPROVED
2026-09-21 10:15:00.150693+05:30,23373.65,23373.65,23373.65,23373.65,25000.0,0.2147,LOW_TOXICITY,-6.4e-05,0.0748,HOLD,0,0,0.5,0.54,1,APPROVED
2026-09-21 10:15:04.123280+05:30,23372.55,23372.55,23372.55,23372.55,25000.0,0.199,LOW_TOXICITY,-6.7e-05,0.0843,HOLD,0,0,0.5,0.538,1,APPROVED
2026-09-21 10:15:04.641269+05:30,23372.75,23372.75,23372.75,23372.75,25000.0,0.1884,LOW_TOXICITY,-6.4e-05,0.0817,HOLD,0,0,0.5,0.538,1,APPROVED
2026-09-21 10:15:04.665330+05:30,23372.75,23372.75,23372.75,23372.75,25000.0,0.1886,LOW_TOXICITY,-6.4e-05,0.08,HOLD,0,0,0.5,0.538,1,APPROVED
2026-09-21 10:16:03.585112+05:30,23371.65,23371.65,23371.65,23371.65,25000.0,0.2147,LOW_TOXICITY,-5.7e-05,0.068,HOLD,0,0,0.5,0.536,1,APPROVED
2026-09-21 10:16:04.637805+05:30,23372.4,23372.4,23372.4,23372.4,25000.0,0.199,LOW_TOXICITY,-5.6e-05,0.0741,HOLD,0,0,0.5,0.538,1,APPROVED
2026-09-21 10:16:05.218651+05:30,23372.15,23372.15,23372.15,23372.15,25000.0,0.1884,LOW_TOXICITY,-5.8e-05,0.0725,HOLD,0,0,0.5,0.537,1,APPROVED
2026-09-21 10:16:05.218649+05:30,23372.15,23372.15,23372.15,23372.15,25000.0,0.1886,LOW_TOXICITY,-5.8e-05,0.0708,HOLD,0,0,0.5,0.537,1,APPROVED
2026-09-21 10:17:05.022580+05:30,23380.15,23380.15,23380.15,23380.15,25000.0,0.199,LOW_TOXICITY,-2.7e-05,0.0799,HOLD,0,0,0.5,0.554,1,APPROVED
2026-09-21 10:17:05.739683+05:30,23379.55,23379.55,23379.55,23379.55,25000.0,0.1886,LOW_TOXICITY,-3.1e-05,0.0766,HOLD,0,0,0.5,0.553,1,APPROVED
2026-09-21 10:17:05.816524+05:30,23379.55,23379.55,23379.55,23379.55,25000.0,0.1884,LOW_TOXICITY,-3.1e-05,0.0775,HOLD,0,0,0.5,0.553,1,APPROVED
2026-09-21 10:17:06.739576+05:30,23378.25,23378.25,23378.25,23378.25,25000.0,0.2147,LOW_TOXICITY,-3.5e-05,0.0726,HOLD,0,0,0.5,0.55,1,APPROVED
2026-09-21 10:18:05.413938+05:30,23376.15,23376.15,23376.15,23376.15,25000.0,0.199,LOW_TOXICITY,-3.7e-05,0.0747,HOLD,0,0,0.5,0.545,1,APPROVED
2026-09-21 10:18:06.370561+05:30,23376.2,23376.2,23376.2,23376.2,25000.0,0.1886,LOW_TOXICITY,-3.3e-05,0.071,HOLD,0,0,0.5,0.546,1,APPROVED
2026-09-21 10:18:06.398143+05:30,23376.2,23376.2,23376.2,23376.2,25000.0,0.1884,LOW_TOXICITY,-3.3e-05,0.0722,HOLD,0,0,0.5,0.546,1,APPROVED
2026-09-21 10:18:09.853828+05:30,23376.8,23376.8,23376.8,23376.8,25000.0,0.2147,LOW_TOXICITY,-3.1e-05,0.0646,HOLD,0,0,0.5,0.547,1,APPROVED
2026-09-21 10:19:02.547228+05:30,23377.65,23377.65,23377.65,23377.65,25000.0,0.2147,LOW_TOXICITY,-1.5e-05,0.0589,HOLD,0,0,0.5,0.549,1,APPROVED
2026-09-21 10:19:05.855495+05:30,23379.05,23379.05,23379.05,23379.05,25000.0,0.199,LOW_TOXICITY,-1.2e-05,0.0685,HOLD,0,0,0.5,0.552,1,APPROVED
2026-09-21 10:19:06.912175+05:30,23378.8,23378.8,23378.8,23378.8,25000.0,0.1886,LOW_TOXICITY,-1.2e-05,0.0653,HOLD,0,0,0.5,0.551,1,APPROVED
2026-09-21 10:19:06.927062+05:30,23378.8,23378.8,23378.8,23378.8,25000.0,0.1884,LOW_TOXICITY,-1.2e-05,0.0664,HOLD,0,0,0.5,0.551,1,APPROVED
2026-09-21 10:20:05.885186+05:30,23375.3,23375.3,23375.3,23375.3,25000.0,0.2147,LOW_TOXICITY,-3.1e-05,0.0563,HOLD,0,0,0.5,0.544,1,APPROVED
2026-09-21 10:20:06.370396+05:30,23375.3,23375.3,23375.3,23375.3,25000.0,0.199,LOW_TOXICITY,-2e-05,0.0658,HOLD,0,0,0.5,0.544,1,APPROVED
2026-09-21 10:20:07.458116+05:30,23375.35,23375.35,23375.35,23375.35,25000.0,0.1886,LOW_TOXICITY,-2.8e-05,0.0627,HOLD,0,0,0.5,0.544,1,APPROVED
2026-09-21 10:20:07.530390+05:30,23375.25,23375.25,23375.25,23375.25,25000.0,0.1884,LOW_TOXICITY,-2.8e-05,0.0643,HOLD,0,0,0.5,0.544,1,APPROVED
2026-09-21 10:21:06.767718+05:30,23372.65,23372.65,23372.65,23372.65,25000.0,0.199,LOW_TOXICITY,-3.2e-05,0.0618,HOLD,0,0,0.5,0.538,1,APPROVED
2026-09-21 10:21:08.008927+05:30,23372.25,23372.25,23372.25,23372.25,25000.0,0.1886,LOW_TOXICITY,-2.9e-05,0.0603,HOLD,0,0,0.5,0.537,1,APPROVED
2026-09-21 10:21:09.079041+05:30,23372.45,23372.45,23372.45,23372.45,25000.0,0.1884,LOW_TOXICITY,-3.3e-05,0.0615,HOLD,0,0,0.5,0.538,1,APPROVED
2026-09-21 10:21:09.189125+05:30,23373.1,23373.1,23373.1,23373.1,25000.0,0.2147,LOW_TOXICITY,-3.5e-05,0.0542,HOLD,0,0,0.5,0.539,1,APPROVED
2026-09-21 10:22:01.859493+05:30,23374.25,23374.25,23374.25,23374.25,25000.0,0.2147,LOW_TOXICITY,-1.6e-05,0.0512,HOLD,0,0,0.5,0.541,1,APPROVED
2026-09-21 10:22:07.165262+05:30,23373.75,23373.75,23373.75,23373.75,25000.0,0.199,LOW_TOXICITY,-1.5e-05,0.0568,HOLD,0,0,0.5,0.54,1,APPROVED
2026-09-21 10:22:09.325372+05:30,23373.95,23373.95,23373.95,23373.95,25000.0,0.1886,LOW_TOXICITY,-1.5e-05,0.0561,HOLD,0,0,0.5,0.541,1,APPROVED
2026-09-21 10:22:09.616774+05:30,23373.6,23373.6,23373.6,23373.6,25000.0,0.1884,LOW_TOXICITY,-1.6e-05,0.0569,HOLD,0,0,0.5,0.54,1,APPROVED
2026-09-21 10:23:00.042242+05:30,23374.3,23374.3,23374.3,23374.3,25000.0,0.1884,LOW_TOXICITY,-1.5e-05,0.0532,HOLD,0,0,0.5,0.542,1,APPROVED
2026-09-21 10:23:05.648010+05:30,23373.75,23373.75,23373.75,23373.75,25000.0,0.2147,LOW_TOXICITY,-2.2e-05,0.0488,HOLD,0,0,0.5,0.54,1,APPROVED
2026-09-21 10:23:08.158043+05:30,23374.3,23374.3,23374.3,23374.3,25000.0,0.199,LOW_TOXICITY,-1.5e-05,0.0528,HOLD,0,0,0.5,0.542,1,APPROVED
2026-09-21 10:23:09.877966+05:30,23373.35,23373.35,23373.35,23373.35,25000.0,0.1886,LOW_TOXICITY,-1.8e-05,0.0523,HOLD,0,0,0.5,0.54,1,APPROVED
2026-09-21 10:24:00.350792+05:30,23377.55,23377.55,23377.55,23377.55,25000.0,0.1886,LOW_TOXICITY,-1.9e-05,0.0567,HOLD,0,0,0.5,0.548,1,APPROVED
2026-09-21 10:24:00.587282+05:30,23377.5,23377.5,23377.5,23377.5,25000.0,0.1884,LOW_TOXICITY,-1.9e-05,0.0523,HOLD,0,0,0.5,0.548,1,APPROVED
2026-09-21 10:24:08.595299+05:30,23376.95,23376.95,23376.95,23376.95,25000.0,0.199,LOW_TOXICITY,-2.1e-05,0.0521,HOLD,0,0,0.5,0.547,1,APPROVED
2026-09-21 10:24:08.834461+05:30,23376.9,23376.9,23376.9,23376.9,25000.0,0.2147,LOW_TOXICITY,-2.1e-05,0.0502,HOLD,0,0,0.5,0.547,1,APPROVED
2026-09-21 10:25:00.980473+05:30,23372.1,23372.1,23372.1,23372.1,25000.0,0.1886,LOW_TOXICITY,-4.1e-05,0.0639,HOLD,0,0,0.5,0.537,1,APPROVED
2026-09-21 10:25:01.175139+05:30,23372.1,23372.1,23372.1,23372.1,25000.0,0.1884,LOW_TOXICITY,-4.1e-05,0.059,HOLD,0,0,0.5,0.537,1,APPROVED
2026-09-21 10:25:01.629221+05:30,23371.6,23371.6,23371.6,23371.6,25000.0,0.2147,LOW_TOXICITY,-4.1e-05,0.0575,HOLD,0,0,0.5,0.536,1,APPROVED
2026-09-21 10:25:09.060781+05:30,23371.15,23371.15,23371.15,23371.15,25000.0,0.199,LOW_TOXICITY,-4.4e-05,0.0602,HOLD,0,0,0.5,0.535,1,APPROVED
2026-09-21 10:26:01.492781+05:30,23366.1,23366.1,23366.1,23366.1,25000.0,0.1886,LOW_TOXICITY,-6.2e-05,0.0697,HOLD,0,0,0.5,0.524,1,APPROVED
2026-09-21 10:26:01.730352+05:30,23366.35,23366.35,23366.35,23366.35,25000.0,0.1884,LOW_TOXICITY,-6.1e-05,0.0644,HOLD,0,0,0.5,0.525,1,APPROVED
2026-09-21 10:26:04.723972+05:30,23368.05,23368.05,23368.05,23368.05,25000.0,0.2147,LOW_TOXICITY,-5.5e-05,0.0575,HOLD,0,0,0.5,0.528,1,APPROVED
2026-09-21 10:26:09.469026+05:30,23368.1,23368.1,23368.1,23368.1,25000.0,0.199,LOW_TOXICITY,-5.6e-05,0.0584,HOLD,0,0,0.5,0.529,1,APPROVED
2026-09-21 10:27:02.083410+05:30,23366.9,23366.9,23366.9,23366.9,25000.0,0.1886,LOW_TOXICITY,-7.1e-05,0.0615,HOLD,0,0,0.5,0.526,1,APPROVED
2026-09-21 10:27:02.319578+05:30,23367.05,23367.05,23367.05,23367.05,25000.0,0.1884,LOW_TOXICITY,-7.1e-05,0.0586,HOLD,0,0,0.5,0.526,1,APPROVED
2026-09-21 10:27:07.850774+05:30,23365.6,23365.6,23365.6,23365.6,25000.0,0.2147,LOW_TOXICITY,-7.5e-05,0.0554,HOLD,0,0,0.5,0.523,1,APPROVED
2026-09-21 10:27:09.906665+05:30,23366.65,23366.65,23366.65,23366.65,25000.0,0.199,LOW_TOXICITY,-7.1e-05,0.0547,HOLD,0,0,0.5,0.526,1,APPROVED
2026-09-21 10:28:00.250227+05:30,23361.7,23361.7,23361.7,23361.7,25000.0,0.199,LOW_TOXICITY,-8.3e-05,0.0592,SELL,-1,-1,0.5,0.515,1,VETO
2026-09-21 10:28:00.527531+05:30,23362.65,23362.65,23362.65,23362.65,25000.0,0.2147,LOW_TOXICITY,-7.2e-05,0.0571,HOLD,0,0,0.5,0.517,1,APPROVED
2026-09-21 10:28:02.650270+05:30,23363.0,23363.0,23363.0,23363.0,25000.0,0.1886,LOW_TOXICITY,-7.6e-05,0.0616,HOLD,0,0,0.5,0.518,1,APPROVED
2026-09-21 10:28:02.897213+05:30,23361.85,23361.85,23361.85,23361.85,25000.0,0.1884,LOW_TOXICITY,-7.9e-05,0.0624,HOLD,0,0,0.5,0.515,1,APPROVED
2026-09-21 10:29:00.677986+05:30,23367.75,23367.75,23367.75,23367.75,25000.0,0.199,LOW_TOXICITY,-3e-05,0.0648,HOLD,0,0,0.5,0.528,1,APPROVED
2026-09-21 10:29:03.188219+05:30,23367.2,23367.2,23367.2,23367.2,25000.0,0.1886,LOW_TOXICITY,-3.4e-05,0.0619,HOLD,0,0,0.5,0.527,1,APPROVED
2026-09-21 10:29:03.454256+05:30,23367.25,23367.25,23367.25,23367.25,25000.0,0.1884,LOW_TOXICITY,-3.4e-05,0.0649,HOLD,0,0,0.5,0.527,1,APPROVED
2026-09-21 10:29:03.690812+05:30,23368.55,23368.55,23368.55,23368.55,25000.0,0.2147,LOW_TOXICITY,-2.9e-05,0.0636,HOLD,0,0,0.5,0.53,1,APPROVED
2026-09-21 10:30:01.083272+05:30,23372.5,23372.5,23372.5,23372.5,25000.0,0.199,LOW_TOXICITY,-0.0,0.0649,HOLD,0,0,0.5,0.538,1,APPROVED
2026-09-21 10:30:03.739164+05:30,23372.4,23372.4,23372.4,23372.4,25000.0,0.1886,LOW_TOXICITY,-1e-06,0.0651,HOLD,0,0,0.5,0.538,1,APPROVED
2026-09-21 10:30:03.998225+05:30,23372.85,23372.85,23372.85,23372.85,25000.0,0.1884,LOW_TOXICITY,0.0,0.0672,HOLD,0,0,0.5,0.539,1,APPROVED
2026-09-21 10:30:06.873828+05:30,23372.55,23372.55,23372.55,23372.55,25000.0,0.2147,LOW_TOXICITY,-3e-06,0.0629,HOLD,0,0,0.5,0.538,1,APPROVED
2026-09-21 10:31:01.502628+05:30,23369.5,23369.5,23369.5,23369.5,25000.0,0.199,LOW_TOXICITY,-8e-06,0.0616,HOLD,0,0,0.5,0.532,1,APPROVED
2026-09-21 10:31:04.284720+05:30,23368.6,23368.6,23368.6,23368.6,25000.0,0.1886,LOW_TOXICITY,-1e-05,0.0635,HOLD,0,0,0.5,0.53,1,APPROVED
2026-09-21 10:31:04.533789+05:30,23368.55,23368.55,23368.55,23368.55,25000.0,0.1884,LOW_TOXICITY,-1e-05,0.066,HOLD,0,0,0.5,0.53,1,APPROVED
2026-09-21 10:31:10.104878+05:30,23369.1,23369.1,23369.1,23369.1,25000.0,0.2147,LOW_TOXICITY,-7e-06,0.0617,HOLD,0,0,0.5,0.531,1,APPROVED
2026-09-21 10:32:01.930390+05:30,23370.45,23370.45,23370.45,23370.45,25000.0,0.199,LOW_TOXICITY,-2.8e-05,0.0566,HOLD,0,0,0.5,0.534,1,APPROVED
2026-09-21 10:32:02.741250+05:30,23369.15,23369.15,23369.15,23369.15,25000.0,0.2147,LOW_TOXICITY,-2.6e-05,0.0574,HOLD,0,0,0.5,0.531,1,APPROVED
2026-09-21 10:32:04.843790+05:30,23370.2,23370.2,23370.2,23370.2,25000.0,0.1886,LOW_TOXICITY,-2.7e-05,0.058,HOLD,0,0,0.5,0.533,1,APPROVED
2026-09-21 10:32:05.091517+05:30,23370.4,23370.4,23370.4,23370.4,25000.0,0.1884,LOW_TOXICITY,-2.6e-05,0.0606,HOLD,0,0,0.5,0.533,1,APPROVED
2026-09-21 10:33:02.378470+05:30,23367.8,23367.8,23367.8,23367.8,25000.0,0.199,LOW_TOXICITY,-2.4e-05,0.0551,HOLD,0,0,0.5,0.528,1,APPROVED
2026-09-21 10:33:05.392521+05:30,23367.45,23367.45,23367.45,23367.45,25000.0,0.1886,LOW_TOXICITY,-2.5e-05,0.0567,HOLD,0,0,0.5,0.527,1,APPROVED
2026-09-21 10:33:05.655196+05:30,23367.2,23367.2,23367.2,23367.2,25000.0,0.1884,LOW_TOXICITY,-2.6e-05,0.0589,HOLD,0,0,0.5,0.527,1,APPROVED
2026-09-21 10:33:05.825906+05:30,23367.7,23367.7,23367.7,23367.7,25000.0,0.2147,LOW_TOXICITY,-2.6e-05,0.0549,HOLD,0,0,0.5,0.528,1,APPROVED
2026-09-21 10:34:02.794245+05:30,23360.9,23360.9,23360.9,23360.9,25000.0,0.199,LOW_TOXICITY,-5.2e-05,0.0655,HOLD,0,0,0.5,0.513,1,APPROVED
2026-09-21 10:34:05.970827+05:30,23360.4,23360.4,23360.4,23360.4,25000.0,0.1886,LOW_TOXICITY,-5.2e-05,0.0703,HOLD,0,0,0.5,0.512,1,APPROVED
2026-09-21 10:34:06.201556+05:30,23359.15,23359.15,23359.15,23359.15,25000.0,0.1884,LOW_TOXICITY,-5.6e-05,0.0726,HOLD,0,0,0.5,0.51,1,APPROVED
2026-09-21 10:34:08.953968+05:30,23362.65,23362.65,23362.65,23362.65,25000.0,0.2147,LOW_TOXICITY,-4.3e-05,0.0602,HOLD,0,0,0.5,0.517,1,APPROVED
2026-09-21 10:35:01.624913+05:30,23363.2,23363.2,23363.2,23363.2,25000.0,0.2147,LOW_TOXICITY,-3.5e-05,0.0563,HOLD,0,0,0.5,0.518,1,APPROVED
2026-09-21 10:35:03.240555+05:30,23362.05,23362.05,23362.05,23362.05,25000.0,0.199,LOW_TOXICITY,-3.8e-05,0.0596,HOLD,0,0,0.5,0.516,1,APPROVED
2026-09-21 10:35:06.611944+05:30,23362.75,23362.75,23362.75,23362.75,25000.0,0.1886,LOW_TOXICITY,-3.6e-05,0.0634,HOLD,0,0,0.5,0.517,1,APPROVED
2026-09-21 10:35:06.767109+05:30,23362.95,23362.95,23362.95,23362.95,25000.0,0.1884,LOW_TOXICITY,-3.5e-05,0.0684,HOLD,0,0,0.5,0.518,1,APPROVED
2026-09-21 10:36:03.642724+05:30,23365.9,23365.9,23365.9,23365.9,25000.0,0.199,LOW_TOXICITY,-1.9e-05,0.059,HOLD,0,0,0.5,0.524,1,APPROVED
2026-09-21 10:36:04.803503+05:30,23365.7,23365.7,23365.7,23365.7,25000.0,0.2147,LOW_TOXICITY,-2.1e-05,0.0553,HOLD,0,0,0.5,0.524,1,APPROVED
2026-09-21 10:36:07.138480+05:30,23365.25,23365.25,23365.25,23365.25,25000.0,0.2147,LOW_TOXICITY,-2.2e-05,0.0913,HOLD,0,0,0.5,0.523,1,APPROVED
2026-09-21 10:36:07.154311+05:30,23365.55,23365.55,23365.55,23365.55,25000.0,0.1886,LOW_TOXICITY,-1.9e-05,0.0597,HOLD,0,0,0.5,0.523,1,APPROVED
2026-09-21 10:36:08.027915+05:30,23364.55,23364.55,23364.55,23364.55,25000.0,0.1884,LOW_TOXICITY,-2.3e-05,0.0622,HOLD,0,0,0.5,0.521,1,APPROVED
2026-09-21 10:37:04.019220+05:30,23365.6,23365.6,23365.6,23365.6,25000.0,0.199,LOW_TOXICITY,-2.3e-05,0.0543,HOLD,0,0,0.5,0.523,1,APPROVED
2026-09-21 10:37:08.488355+05:30,23366.5,23366.5,23366.5,23366.5,25000.0,0.1886,LOW_TOXICITY,-2.1e-05,0.0549,HOLD,0,0,0.5,0.525,1,APPROVED
2026-09-21 10:37:08.547853+05:30,23367.85,23367.85,23367.85,23367.85,25000.0,0.1884,LOW_TOXICITY,-1.6e-05,0.0598,HOLD,0,0,0.5,0.528,1,APPROVED
2026-09-21 10:37:07.930388+05:30,23366.55,23366.55,23366.55,23366.55,25000.0,0.2147,LOW_TOXICITY,-2.2e-05,0.0529,HOLD,0,0,0.5,0.525,1,APPROVED
2026-09-21 10:37:10.208434+05:30,23367.6,23367.6,23367.6,23367.6,25000.0,0.2147,LOW_TOXICITY,-1.6e-05,0.0953,HOLD,0,0,0.5,0.528,1,APPROVED
2026-09-21 10:38:01.372163+05:30,23367.15,23367.15,23367.15,23367.15,25000.0,0.2147,LOW_TOXICITY,-1.9e-05,0.0482,HOLD,0,0,0.5,0.527,1,APPROVED
2026-09-21 10:38:02.840109+05:30,23367.0,23367.0,23367.0,23367.0,25000.0,0.2147,LOW_TOXICITY,-1.8e-05,0.0947,HOLD,0,0,0.5,0.526,1,APPROVED
2026-09-21 10:38:05.152088+05:30,23369.9,23369.9,23369.9,23369.9,25000.0,0.199,LOW_TOXICITY,-1.3e-05,0.0564,HOLD,0,0,0.5,0.532,1,APPROVED
2026-09-21 10:38:09.013847+05:30,23366.5,23366.5,23366.5,23366.5,25000.0,0.1886,LOW_TOXICITY,-2e-05,0.0516,HOLD,0,0,0.5,0.525,1,APPROVED
2026-09-21 10:38:09.078189+05:30,23366.5,23366.5,23366.5,23366.5,25000.0,0.1884,LOW_TOXICITY,-2.2e-05,0.0556,HOLD,0,0,0.5,0.525,1,APPROVED
2026-09-21 10:39:04.535624+05:30,23368.0,23368.0,23368.0,23368.0,25000.0,0.2147,LOW_TOXICITY,-2.5e-05,0.0468,HOLD,0,0,0.5,0.528,1,APPROVED
2026-09-21 10:39:05.588802+05:30,23368.05,23368.05,23368.05,23368.05,25000.0,0.199,LOW_TOXICITY,-2.5e-05,0.0535,HOLD,0,0,0.5,0.528,1,APPROVED
2026-09-21 10:39:05.880982+05:30,23367.95,23367.95,23367.95,23367.95,25000.0,0.2147,LOW_TOXICITY,-2.8e-05,0.0943,HOLD,0,0,0.5,0.528,1,APPROVED
2026-09-21 10:39:09.541607+05:30,23368.1,23368.1,23368.1,23368.1,25000.0,0.1886,LOW_TOXICITY,-2.7e-05,0.0504,HOLD,0,0,0.5,0.529,1,APPROVED
2026-09-21 10:39:09.605448+05:30,23368.1,23368.1,23368.1,23368.1,25000.0,0.1884,LOW_TOXICITY,-2.7e-05,0.0525,HOLD,0,0,0.5,0.529,1,APPROVED
2026-09-21 10:40:00.020321+05:30,23365.25,23365.25,23365.25,23365.25,25000.0,0.1884,LOW_TOXICITY,-2e-05,0.0523,HOLD,0,0,0.5,0.523,1,APPROVED
2026-09-21 10:40:06.002754+05:30,23365.85,23365.85,23365.85,23365.85,25000.0,0.199,LOW_TOXICITY,-1.5e-05,0.0518,HOLD,0,0,0.5,0.524,1,APPROVED
2026-09-21 10:40:07.655011+05:30,23366.45,23366.45,23366.45,23366.45,25000.0,0.2147,LOW_TOXICITY,-1.5e-05,0.0468,HOLD,0,0,0.5,0.525,1,APPROVED
2026-09-21 10:40:09.032886+05:30,23367.1,23367.1,23367.1,23367.1,25000.0,0.2147,LOW_TOXICITY,-1.1e-05,0.0941,HOLD,0,0,0.5,0.526,1,APPROVED
2026-09-21 10:40:10.065348+05:30,23365.45,23365.45,23365.45,23365.45,25000.0,0.1886,LOW_TOXICITY,-1.9e-05,0.0519,HOLD,0,0,0.5,0.523,1,APPROVED
2026-09-21 10:41:00.522345+05:30,23366.5,23366.5,23366.5,23366.5,25000.0,0.1886,LOW_TOXICITY,1e-06,0.0501,HOLD,0,0,0.5,0.525,1,APPROVED
2026-09-21 10:41:00.622379+05:30,23366.5,23366.5,23366.5,23366.5,25000.0,0.1884,LOW_TOXICITY,0.0,0.0497,HOLD,0,0,0.5,0.525,1,APPROVED
2026-09-21 10:41:00.230841+05:30,23366.4,23366.4,23366.4,23366.4,25000.0,0.2147,LOW_TOXICITY,-5e-06,0.0456,HOLD,0,0,0.5,0.525,1,APPROVED
2026-09-21 10:41:01.674037+05:30,23366.5,23366.5,23366.5,23366.5,25000.0,0.2147,LOW_TOXICITY,-1e-06,0.0939,HOLD,0,0,0.5,0.525,1,APPROVED
2026-09-21 10:41:06.442671+05:30,23368.05,23368.05,23368.05,23368.05,25000.0,0.199,LOW_TOXICITY,-0.0,0.0504,HOLD,0,0,0.5,0.528,1,APPROVED
2026-09-21 10:42:01.037153+05:30,23371.35,23371.35,23371.35,23371.35,25000.0,0.1886,LOW_TOXICITY,1.3e-05,0.0576,HOLD,0,0,0.5,0.535,1,APPROVED
2026-09-21 10:42:01.175962+05:30,23371.9,23371.9,23371.9,23371.9,25000.0,0.1884,LOW_TOXICITY,1.4e-05,0.0568,HOLD,0,0,0.5,0.537,1,APPROVED
2026-09-21 10:42:03.346721+05:30,23371.85,23371.85,23371.85,23371.85,25000.0,0.2147,LOW_TOXICITY,1.8e-05,0.0545,HOLD,0,0,0.5,0.536,1,APPROVED
2026-09-21 10:42:06.858872+05:30,23372.2,23372.2,23372.2,23372.2,25000.0,0.199,LOW_TOXICITY,1.6e-05,0.0535,HOLD,0,0,0.5,0.537,1,APPROVED
2026-09-21 10:43:01.589367+05:30,23375.2,23375.2,23375.2,23375.2,25000.0,0.1886,LOW_TOXICITY,3.5e-05,0.0586,HOLD,0,0,0.5,0.543,1,APPROVED
2026-09-21 10:43:01.835724+05:30,23374.9,23374.9,23374.9,23374.9,25000.0,0.1884,LOW_TOXICITY,3.7e-05,0.0554,HOLD,0,0,0.5,0.543,1,APPROVED
2026-09-21 10:43:06.410038+05:30,23374.7,23374.7,23374.7,23374.7,25000.0,0.2147,LOW_TOXICITY,3.4e-05,0.0536,HOLD,0,0,0.5,0.542,1,APPROVED
2026-09-21 10:43:07.312745+05:30,23374.3,23374.3,23374.3,23374.3,25000.0,0.199,LOW_TOXICITY,3.6e-05,0.0515,HOLD,0,0,0.5,0.542,1,APPROVED
2026-09-21 10:44:02.179911+05:30,23373.85,23373.85,23373.85,23373.85,25000.0,0.1886,LOW_TOXICITY,1.9e-05,0.0511,HOLD,0,0,0.5,0.541,1,APPROVED
2026-09-21 10:44:02.420500+05:30,23374.05,23374.05,23374.05,23374.05,25000.0,0.1884,LOW_TOXICITY,1.9e-05,0.0534,HOLD,0,0,0.5,0.541,1,APPROVED
2026-09-21 10:44:07.739595+05:30,23375.75,23375.75,23375.75,23375.75,25000.0,0.199,LOW_TOXICITY,2.3e-05,0.0489,HOLD,0,0,0.5,0.545,1,APPROVED
2026-09-21 10:44:09.720720+05:30,23376.35,23376.35,23376.35,23376.35,25000.0,0.2147,LOW_TOXICITY,2.2e-05,0.0514,HOLD,0,0,0.5,0.546,1,APPROVED
2026-09-21 10:45:02.814178+05:30,23376.6,23376.6,23376.6,23376.6,25000.0,0.1886,LOW_TOXICITY,1.2e-05,0.0508,HOLD,0,0,0.5,0.546,1,APPROVED
2026-09-21 10:45:02.405335+05:30,23376.6,23376.6,23376.6,23376.6,25000.0,0.2147,LOW_TOXICITY,1.2e-05,0.0489,HOLD,0,0,0.5,0.546,1,APPROVED
2026-09-21 10:45:03.007830+05:30,23376.4,23376.4,23376.4,23376.4,25000.0,0.1884,LOW_TOXICITY,1e-05,0.0526,HOLD,0,0,0.5,0.546,1,APPROVED
2026-09-21 10:45:04.484414+05:30,23376.75,23376.75,23376.75,23376.75,25000.0,0.2147,LOW_TOXICITY,9e-06,0.0949,HOLD,0,0,0.5,0.547,1,APPROVED
2026-09-21 10:45:08.247268+05:30,23378.1,23378.1,23378.1,23378.1,25000.0,0.199,LOW_TOXICITY,1.6e-05,0.0486,HOLD,0,0,0.5,0.55,1,APPROVED
2026-09-21 10:46:03.405256+05:30,23381.9,23381.9,23381.9,23381.9,25000.0,0.1886,LOW_TOXICITY,3.8e-05,0.057,HOLD,0,0,0.5,0.558,1,APPROVED
2026-09-21 10:46:03.507108+05:30,23382.05,23382.05,23382.05,23382.05,25000.0,0.1884,LOW_TOXICITY,3.9e-05,0.0618,HOLD,0,0,0.5,0.558,1,APPROVED
2026-09-21 10:46:05.469371+05:30,23381.35,23381.35,23381.35,23381.35,25000.0,0.2147,LOW_TOXICITY,3.5e-05,0.0543,HOLD,0,0,0.5,0.556,1,APPROVED
2026-09-21 10:46:07.592598+05:30,23381.25,23381.25,23381.25,23381.25,25000.0,0.2147,LOW_TOXICITY,3.4e-05,0.0962,HOLD,0,0,0.5,0.556,1,APPROVED
2026-09-21 10:46:08.675038+05:30,23381.8,23381.8,23381.8,23381.8,25000.0,0.199,LOW_TOXICITY,3.5e-05,0.0511,HOLD,0,0,0.5,0.557,1,APPROVED
2026-09-21 10:47:00.235304+05:30,23382.65,23382.65,23382.65,23382.65,25000.0,0.2147,LOW_TOXICITY,3.4e-05,0.094,HOLD,0,0,0.5,0.559,1,APPROVED
2026-09-21 10:47:03.958701+05:30,23383.3,23383.3,23383.3,23383.3,25000.0,0.1886,LOW_TOXICITY,3.7e-05,0.0533,HOLD,0,0,0.5,0.56,1,APPROVED
2026-09-21 10:47:04.092890+05:30,23383.4,23383.4,23383.4,23383.4,25000.0,0.1884,LOW_TOXICITY,3.7e-05,0.0565,HOLD,0,0,0.5,0.561,1,APPROVED
2026-09-21 10:47:09.104447+05:30,23386.3,23386.3,23386.3,23386.3,25000.0,0.199,LOW_TOXICITY,4.5e-05,0.0548,HOLD,0,0,0.5,0.567,1,APPROVED
2026-09-21 10:47:08.667302+05:30,23386.7,23386.7,23386.7,23386.7,25000.0,0.2147,LOW_TOXICITY,5e-05,0.0595,HOLD,0,0,0.5,0.568,1,APPROVED
2026-09-21 10:48:01.399937+05:30,23379.35,23379.35,23379.35,23379.35,25000.0,0.2147,LOW_TOXICITY,3.3e-05,0.0715,HOLD,0,0,0.5,0.552,1,APPROVED
2026-09-21 10:48:03.387269+05:30,23379.25,23379.25,23379.25,23379.25,25000.0,0.2147,LOW_TOXICITY,3.4e-05,0.0943,HOLD,0,0,0.5,0.552,1,APPROVED
2026-09-21 10:48:04.510547+05:30,23380.7,23380.7,23380.7,23380.7,25000.0,0.1886,LOW_TOXICITY,3.8e-05,0.0524,HOLD,0,0,0.5,0.555,1,APPROVED
2026-09-21 10:48:04.656252+05:30,23380.45,23380.45,23380.45,23380.45,25000.0,0.1884,LOW_TOXICITY,3.8e-05,0.0561,HOLD,0,0,0.5,0.554,1,APPROVED
2026-09-21 10:48:09.536575+05:30,23380.25,23380.25,23380.25,23380.25,25000.0,0.199,LOW_TOXICITY,3.6e-05,0.0626,HOLD,0,0,0.5,0.554,1,APPROVED
2026-09-21 10:49:04.602291+05:30,23376.75,23376.75,23376.75,23376.75,25000.0,0.2147,LOW_TOXICITY,4e-05,0.0663,HOLD,0,0,0.5,0.547,1,APPROVED
2026-09-21 10:49:05.070516+05:30,23376.75,23376.75,23376.75,23376.75,25000.0,0.1886,LOW_TOXICITY,4.7e-05,0.0547,HOLD,0,0,0.5,0.547,1,APPROVED
2026-09-21 10:49:05.204829+05:30,23377.3,23377.3,23377.3,23377.3,25000.0,0.1884,LOW_TOXICITY,5.2e-05,0.0563,HOLD,0,0,0.5,0.548,1,APPROVED
2026-09-21 10:49:06.529972+05:30,23377.1,23377.1,23377.1,23377.1,25000.0,0.2147,LOW_TOXICITY,4.2e-05,0.0939,HOLD,0,0,0.5,0.547,1,APPROVED
2026-09-21 10:49:09.957536+05:30,23377.65,23377.65,23377.65,23377.65,25000.0,0.199,LOW_TOXICITY,4.8e-05,0.0593,HOLD,0,0,0.5,0.549,1,APPROVED
2026-09-21 10:50:00.322679+05:30,23378.25,23378.25,23378.25,23378.25,25000.0,0.199,LOW_TOXICITY,4.6e-05,0.0546,HOLD,0,0,0.5,0.55,1,APPROVED
2026-09-21 10:50:05.642246+05:30,23379.05,23379.05,23379.05,23379.05,25000.0,0.1886,LOW_TOXICITY,4.6e-05,0.0526,HOLD,0,0,0.5,0.552,1,APPROVED
2026-09-21 10:50:05.756316+05:30,23378.75,23378.75,23378.75,23378.75,25000.0,0.1884,LOW_TOXICITY,4.5e-05,0.0531,HOLD,0,0,0.5,0.551,1,APPROVED
2026-09-21 10:50:07.697231+05:30,23379.35,23379.35,23379.35,23379.35,25000.0,0.2147,LOW_TOXICITY,4.6e-05,0.0623,HOLD,0,0,0.5,0.552,1,APPROVED
2026-09-21 10:50:09.552091+05:30,23379.85,23379.85,23379.85,23379.85,25000.0,0.2147,LOW_TOXICITY,4.8e-05,0.0939,HOLD,0,0,0.5,0.553,1,APPROVED
2026-09-21 10:51:00.279097+05:30,23379.9,23379.9,23379.9,23379.9,25000.0,0.2147,LOW_TOXICITY,4.1e-05,0.0577,HOLD,0,0,0.5,0.553,1,APPROVED
2026-09-21 10:51:00.743175+05:30,23379.8,23379.8,23379.8,23379.8,25000.0,0.199,LOW_TOXICITY,4e-05,0.0516,HOLD,0,0,0.5,0.553,1,APPROVED
2026-09-21 10:51:02.103190+05:30,23379.65,23379.65,23379.65,23379.65,25000.0,0.2147,LOW_TOXICITY,4.1e-05,0.0932,HOLD,0,0,0.5,0.553,1,APPROVED
2026-09-21 10:51:06.880852+05:30,23378.55,23378.55,23378.55,23378.55,25000.0,0.1884,LOW_TOXICITY,4e-05,0.0504,HOLD,0,0,0.5,0.55,1,APPROVED
2026-09-21 10:51:06.229849+05:30,23379.8,23379.8,23379.8,23379.8,25000.0,0.1886,LOW_TOXICITY,4.1e-05,0.0496,HOLD,0,0,0.5,0.553,1,APPROVED
2026-09-21 10:52:01.158045+05:30,23382.25,23382.25,23382.25,23382.25,25000.0,0.199,LOW_TOXICITY,4.7e-05,0.0507,HOLD,0,0,0.5,0.558,1,APPROVED
2026-09-21 10:52:03.370472+05:30,23381.8,23381.8,23381.8,23381.8,25000.0,0.2147,LOW_TOXICITY,4.3e-05,0.0553,HOLD,0,0,0.5,0.557,1,APPROVED
2026-09-21 10:52:05.181449+05:30,23382.45,23382.45,23382.45,23382.45,25000.0,0.2147,LOW_TOXICITY,4.2e-05,0.0935,HOLD,0,0,0.5,0.559,1,APPROVED
2026-09-21 10:52:07.435327+05:30,23382.65,23382.65,23382.65,23382.65,25000.0,0.1884,LOW_TOXICITY,4.2e-05,0.0552,HOLD,0,0,0.5,0.559,1,APPROVED
2026-09-21 10:52:07.800026+05:30,23382.6,23382.6,23382.6,23382.6,25000.0,0.1886,LOW_TOXICITY,4.6e-05,0.0498,HOLD,0,0,0.5,0.559,1,APPROVED
2026-09-21 10:53:02.397607+05:30,23383.7,23383.7,23383.7,23383.7,25000.0,0.199,LOW_TOXICITY,3.9e-05,0.0487,HOLD,0,0,0.5,0.561,1,APPROVED
2026-09-21 10:53:07.303296+05:30,23384.5,23384.5,23384.5,23384.5,25000.0,0.2147,LOW_TOXICITY,4.9e-05,0.0547,HOLD,0,0,0.5,0.563,1,APPROVED
2026-09-21 10:53:08.025881+05:30,23384.4,23384.4,23384.4,23384.4,25000.0,0.1884,LOW_TOXICITY,5.1e-05,0.0528,HOLD,0,0,0.5,0.563,1,APPROVED
2026-09-21 10:53:08.359743+05:30,23384.7,23384.7,23384.7,23384.7,25000.0,0.1886,LOW_TOXICITY,5.2e-05,0.0488,HOLD,0,0,0.5,0.563,1,APPROVED
2026-09-21 10:53:08.327777+05:30,23384.6,23384.6,23384.6,23384.6,25000.0,0.2147,LOW_TOXICITY,5e-05,0.0934,HOLD,0,0,0.5,0.563,1,APPROVED
2026-09-21 10:54:02.820322+05:30,23386.1,23386.1,23386.1,23386.1,25000.0,0.199,LOW_TOXICITY,5.1e-05,0.0484,HOLD,0,0,0.5,0.566,1,APPROVED
2026-09-21 10:54:08.632219+05:30,23387.6,23387.6,23387.6,23387.6,25000.0,0.1884,LOW_TOXICITY,5.6e-05,0.0536,HOLD,0,0,0.5,0.569,1,APPROVED
2026-09-21 10:54:08.945091+05:30,23387.45,23387.45,23387.45,23387.45,25000.0,0.1886,LOW_TOXICITY,5.5e-05,0.0492,HOLD,0,0,0.5,0.569,1,APPROVED
2026-09-21 10:54:10.384373+05:30,23385.1,23385.1,23385.1,23385.1,25000.0,0.2147,LOW_TOXICITY,4.9e-05,0.0522,HOLD,0,0,0.5,0.564,1,APPROVED
2026-09-21 10:55:03.331838+05:30,23387.5,23387.5,23387.5,23387.5,25000.0,0.199,LOW_TOXICITY,6.2e-05,0.0471,HOLD,0,0,0.5,0.569,1,APPROVED
2026-09-21 10:55:02.977402+05:30,23389.95,23389.95,23389.95,23389.95,25000.0,0.2147,LOW_TOXICITY,6.7e-05,0.0575,HOLD,0,0,0.5,0.574,1,APPROVED
2026-09-21 10:55:09.257085+05:30,23387.8,23387.8,23387.8,23387.8,25000.0,0.1884,LOW_TOXICITY,6.4e-05,0.0505,HOLD,0,0,0.5,0.57,1,APPROVED
2026-09-21 10:55:09.620443+05:30,23388.3,23388.3,23388.3,23388.3,25000.0,0.1886,LOW_TOXICITY,6.5e-05,0.0472,HOLD,0,0,0.5,0.571,1,APPROVED
2026-09-21 10:56:00.063878+05:30,23380.05,23380.05,23380.05,23380.05,25000.0,0.1886,LOW_TOXICITY,3.9e-05,0.0669,HOLD,0,0,0.5,0.554,1,APPROVED
2026-09-21 10:56:03.708905+05:30,23380.2,23380.2,23380.2,23380.2,25000.0,0.199,LOW_TOXICITY,3.5e-05,0.0629,HOLD,0,0,0.5,0.554,1,APPROVED
2026-09-21 10:56:06.110821+05:30,23381.4,23381.4,23381.4,23381.4,25000.0,0.2147,LOW_TOXICITY,4.3e-05,0.0739,HOLD,0,0,0.5,0.556,1,APPROVED
2026-09-21 10:56:09.833757+05:30,23381.35,23381.35,23381.35,23381.35,25000.0,0.1884,LOW_TOXICITY,4.2e-05,0.0649,HOLD,0,0,0.5,0.556,1,APPROVED
2026-09-21 10:57:00.315278+05:30,23383.4,23383.4,23383.4,23383.4,25000.0,0.1884,LOW_TOXICITY,3.3e-05,0.0592,HOLD,0,0,0.5,0.561,1,APPROVED
2026-09-21 10:57:00.614389+05:30,23383.3,23383.3,23383.3,23383.3,25000.0,0.1886,LOW_TOXICITY,3.4e-05,0.0632,HOLD,0,0,0.5,0.56,1,APPROVED
2026-09-21 10:57:04.206355+05:30,23387.15,23387.15,23387.15,23387.15,25000.0,0.199,LOW_TOXICITY,4.3e-05,0.07,HOLD,0,0,0.5,0.569,1,APPROVED
2026-09-21 10:57:09.201224+05:30,23387.35,23387.35,23387.35,23387.35,25000.0,0.2147,LOW_TOXICITY,4.4e-05,0.0746,HOLD,0,0,0.5,0.569,1,APPROVED
2026-09-21 10:58:00.883620+05:30,23385.7,23385.7,23385.7,23385.7,25000.0,0.1884,LOW_TOXICITY,3.1e-05,0.0559,HOLD,0,0,0.5,0.565,1,APPROVED
2026-09-21 10:58:01.196751+05:30,23385.3,23385.3,23385.3,23385.3,25000.0,0.1886,LOW_TOXICITY,2.9e-05,0.0586,HOLD,0,0,0.5,0.565,1,APPROVED
2026-09-21 10:58:01.779804+05:30,23385.1,23385.1,23385.1,23385.1,25000.0,0.2147,LOW_TOXICITY,3e-05,0.0689,HOLD,0,0,0.5,0.564,1,APPROVED
2026-09-21 10:58:04.610348+05:30,23385.7,23385.7,23385.7,23385.7,25000.0,0.199,LOW_TOXICITY,3.3e-05,0.0635,HOLD,0,0,0.5,0.565,1,APPROVED
2026-09-21 10:59:01.400496+05:30,23385.0,23385.0,23385.0,23385.0,25000.0,0.1884,LOW_TOXICITY,3.1e-05,0.0523,HOLD,0,0,0.5,0.564,1,APPROVED
2026-09-21 10:59:01.746059+05:30,23385.6,23385.6,23385.6,23385.6,25000.0,0.1886,LOW_TOXICITY,3.4e-05,0.054,HOLD,0,0,0.5,0.565,1,APPROVED
2026-09-21 10:59:05.006506+05:30,23384.9,23384.9,23384.9,23384.9,25000.0,0.199,LOW_TOXICITY,2.6e-05,0.058,HOLD,0,0,0.5,0.564,1,APPROVED
2026-09-21 10:59:04.828522+05:30,23384.8,23384.8,23384.8,23384.8,25000.0,0.2147,LOW_TOXICITY,2.4e-05,0.0625,HOLD,0,0,0.5,0.564,1,APPROVED
2026-09-21 11:00:01.952006+05:30,23389.1,23389.1,23389.1,23389.1,25000.0,0.1884,LOW_TOXICITY,3.6e-05,0.0561,HOLD,0,0,0.5,0.573,1,APPROVED
2026-09-21 11:00:02.285082+05:30,23389.6,23389.6,23389.6,23389.6,25000.0,0.1886,LOW_TOXICITY,3.7e-05,0.0555,HOLD,0,0,0.5,0.574,1,APPROVED
2026-09-21 11:00:05.449093+05:30,23389.15,23389.15,23389.15,23389.15,25000.0,0.199,LOW_TOXICITY,3.2e-05,0.0588,HOLD,0,0,0.5,0.573,1,APPROVED
2026-09-21 11:00:07.942799+05:30,23389.0,23389.0,23389.0,23389.0,25000.0,0.2147,LOW_TOXICITY,3.5e-05,0.0625,HOLD,0,0,0.5,0.572,1,APPROVED
2026-09-21 11:01:00.477674+05:30,23386.25,23386.25,23386.25,23386.25,25000.0,0.2147,LOW_TOXICITY,1.4e-05,0.0601,HOLD,0,0,0.5,0.567,1,APPROVED
2026-09-21 11:01:02.545303+05:30,23386.35,23386.35,23386.35,23386.35,25000.0,0.1884,LOW_TOXICITY,1.2e-05,0.0554,HOLD,0,0,0.5,0.567,1,APPROVED
2026-09-21 11:01:02.858658+05:30,23385.35,23385.35,23385.35,23385.35,25000.0,0.1886,LOW_TOXICITY,1e-05,0.0576,HOLD,0,0,0.5,0.565,1,APPROVED
2026-09-21 11:01:05.834646+05:30,23387.15,23387.15,23387.15,23387.15,25000.0,0.199,LOW_TOXICITY,1.5e-05,0.0556,HOLD,0,0,0.5,0.569,1,APPROVED
2026-09-21 11:02:03.089667+05:30,23385.95,23385.95,23385.95,23385.95,25000.0,0.1884,LOW_TOXICITY,7e-06,0.0517,HOLD,0,0,0.5,0.566,1,APPROVED
2026-09-21 11:02:03.435161+05:30,23384.15,23384.15,23384.15,23384.15,25000.0,0.1886,LOW_TOXICITY,2e-06,0.0538,HOLD,0,0,0.5,0.562,1,APPROVED
2026-09-21 11:02:03.549391+05:30,23386.5,23386.5,23386.5,23386.5,25000.0,0.2147,LOW_TOXICITY,-1e-06,0.0559,HOLD,0,0,0.5,0.567,1,APPROVED
2026-09-21 11:02:06.313553+05:30,23383.65,23383.65,23383.65,23383.65,25000.0,0.199,LOW_TOXICITY,-8e-06,0.0559,HOLD,0,0,0.5,0.561,1,APPROVED
2026-09-21 11:03:03.670422+05:30,23386.6,23386.6,23386.6,23386.6,25000.0,0.1884,LOW_TOXICITY,1.8e-05,0.0495,HOLD,0,0,0.5,0.567,1,APPROVED
2026-09-21 11:03:04.001593+05:30,23386.95,23386.95,23386.95,23386.95,25000.0,0.1886,LOW_TOXICITY,1.8e-05,0.0528,HOLD,0,0,0.5,0.568,1,APPROVED
2026-09-21 11:03:06.746575+05:30,23388.35,23388.35,23388.35,23388.35,25000.0,0.199,LOW_TOXICITY,2.3e-05,0.0586,HOLD,0,0,0.5,0.571,1,APPROVED
2026-09-21 11:03:06.585330+05:30,23387.8,23387.8,23387.8,23387.8,25000.0,0.2147,LOW_TOXICITY,2.4e-05,0.0534,HOLD,0,0,0.5,0.57,1,APPROVED
2026-09-21 11:04:04.233477+05:30,23390.0,23390.0,23390.0,23390.0,25000.0,0.1884,LOW_TOXICITY,3.6e-05,0.0496,HOLD,0,0,0.5,0.575,1,APPROVED
2026-09-21 11:04:04.564836+05:30,23391.0,23391.0,23391.0,23391.0,25000.0,0.1886,LOW_TOXICITY,4.1e-05,0.0548,HOLD,0,0,0.5,0.577,1,APPROVED
2026-09-21 11:04:07.167297+05:30,23390.95,23390.95,23390.95,23390.95,25000.0,0.199,LOW_TOXICITY,3.8e-05,0.058,HOLD,0,0,0.5,0.577,1,APPROVED
2026-09-21 11:04:09.648064+05:30,23391.05,23391.05,23391.05,23391.05,25000.0,0.2147,LOW_TOXICITY,4.1e-05,0.0545,HOLD,0,0,0.5,0.577,1,APPROVED
2026-09-21 11:05:02.204159+05:30,23389.55,23389.55,23389.55,23389.55,25000.0,0.2147,LOW_TOXICITY,2.9e-05,0.0527,HOLD,0,0,0.5,0.574,1,APPROVED
2026-09-21 11:05:05.221830+05:30,23390.1,23390.1,23390.1,23390.1,25000.0,0.1886,LOW_TOXICITY,3.2e-05,0.0513,HOLD,0,0,0.5,0.575,1,APPROVED
2026-09-21 11:05:04.876602+05:30,23389.85,23389.85,23389.85,23389.85,25000.0,0.1884,LOW_TOXICITY,3.2e-05,0.0471,HOLD,0,0,0.5,0.574,1,APPROVED
2026-09-21 11:05:07.639811+05:30,23390.15,23390.15,23390.15,23390.15,25000.0,0.199,LOW_TOXICITY,3.4e-05,0.0536,HOLD,0,0,0.5,0.575,1,APPROVED
2026-09-21 11:06:05.249807+05:30,23387.45,23387.45,23387.45,23387.45,25000.0,0.2147,LOW_TOXICITY,2.2e-05,0.0523,HOLD,0,0,0.5,0.569,1,APPROVED
2026-09-21 11:06:06.052510+05:30,23386.9,23386.9,23386.9,23386.9,25000.0,0.1884,LOW_TOXICITY,2.4e-05,0.0487,HOLD,0,0,0.5,0.568,1,APPROVED
2026-09-21 11:06:05.796145+05:30,23387.3,23387.3,23387.3,23387.3,25000.0,0.1886,LOW_TOXICITY,2.1e-05,0.0513,HOLD,0,0,0.5,0.569,1,APPROVED
2026-09-21 11:06:08.111140+05:30,23386.45,23386.45,23386.45,23386.45,25000.0,0.199,LOW_TOXICITY,1.9e-05,0.0564,HOLD,0,0,0.5,0.567,1,APPROVED
2026-09-21 11:07:06.682561+05:30,23390.3,23390.3,23390.3,23390.3,25000.0,0.1884,LOW_TOXICITY,2.2e-05,0.0504,HOLD,0,0,0.5,0.575,1,APPROVED
2026-09-21 11:07:07.109856+05:30,23389.95,23389.95,23389.95,23389.95,25000.0,0.1886,LOW_TOXICITY,2.1e-05,0.0507,HOLD,0,0,0.5,0.574,1,APPROVED
2026-09-21 11:07:08.575440+05:30,23390.95,23390.95,23390.95,23390.95,25000.0,0.199,LOW_TOXICITY,2.5e-05,0.0599,HOLD,0,0,0.5,0.577,1,APPROVED
2026-09-21 11:07:08.320993+05:30,23390.6,23390.6,23390.6,23390.6,25000.0,0.2147,LOW_TOXICITY,2.5e-05,0.0535,HOLD,0,0,0.5,0.576,1,APPROVED
2026-09-21 11:08:01.658694+05:30,23392.05,23392.05,23392.05,23392.05,25000.0,0.2147,LOW_TOXICITY,2.2e-05,0.0517,HOLD,0,0,0.5,0.579,1,APPROVED
2026-09-21 11:08:07.269352+05:30,23393.05,23393.05,23393.05,23393.05,25000.0,0.1884,LOW_TOXICITY,2.5e-05,0.0502,HOLD,0,0,0.5,0.581,1,APPROVED
2026-09-21 11:08:07.680041+05:30,23391.25,23391.25,23391.25,23391.25,25000.0,0.1886,LOW_TOXICITY,1.9e-05,0.0485,HOLD,0,0,0.5,0.577,1,APPROVED
2026-09-21 11:08:09.655424+05:30,23394.3,23394.3,23394.3,23394.3,25000.0,0.199,LOW_TOXICITY,3e-05,0.0586,HOLD,0,0,0.5,0.584,1,APPROVED
2026-09-21 11:09:00.006409+05:30,23391.95,23391.95,23391.95,23391.95,25000.0,0.199,LOW_TOXICITY,1.7e-05,0.056,HOLD,0,0,0.5,0.579,1,APPROVED
2026-09-21 11:09:04.771428+05:30,23393.1,23393.1,23393.1,23393.1,25000.0,0.2147,LOW_TOXICITY,2.3e-05,0.0502,HOLD,0,0,0.5,0.581,1,APPROVED
2026-09-21 11:09:07.821536+05:30,23393.35,23393.35,23393.35,23393.35,25000.0,0.1884,LOW_TOXICITY,1.6e-05,0.0476,HOLD,0,0,0.5,0.582,1,APPROVED
2026-09-21 11:09:08.244893+05:30,23392.85,23392.85,23392.85,23392.85,25000.0,0.1886,LOW_TOXICITY,1.5e-05,0.0472,HOLD,0,0,0.5,0.58,1,APPROVED
2026-09-21 11:10:00.437402+05:30,23393.85,23393.85,23393.85,23393.85,25000.0,0.199,LOW_TOXICITY,1.8e-05,0.0534,HOLD,0,0,0.5,0.583,1,APPROVED
2026-09-21 11:10:07.855221+05:30,23393.45,23393.45,23393.45,23393.45,25000.0,0.2147,LOW_TOXICITY,1e-05,0.0489,HOLD,0,0,0.5,0.582,1,APPROVED
2026-09-21 11:10:08.397750+05:30,23393.45,23393.45,23393.45,23393.45,25000.0,0.1884,LOW_TOXICITY,1.6e-05,0.0457,HOLD,0,0,0.5,0.582,1,APPROVED
2026-09-21 11:10:08.816966+05:30,23394.1,23394.1,23394.1,23394.1,25000.0,0.1886,LOW_TOXICITY,1.7e-05,0.0459,HOLD,0,0,0.5,0.583,1,APPROVED
2026-09-21 11:11:00.844999+05:30,23394.4,23394.4,23394.4,23394.4,25000.0,0.199,LOW_TOXICITY,4e-05,0.0506,HOLD,0,0,0.5,0.584,1,APPROVED
2026-09-21 11:11:00.586281+05:30,23394.85,23394.85,23394.85,23394.85,25000.0,0.2147,LOW_TOXICITY,3.8e-05,0.0485,HOLD,0,0,0.5,0.585,1,APPROVED
2026-09-21 11:11:08.957476+05:30,23395.75,23395.75,23395.75,23395.75,25000.0,0.1884,LOW_TOXICITY,4.1e-05,0.0462,HOLD,0,0,0.5,0.587,1,APPROVED
2026-09-21 11:11:09.318730+05:30,23396.85,23396.85,23396.85,23396.85,25000.0,0.1886,LOW_TOXICITY,4.8e-05,0.0471,HOLD,0,0,0.5,0.589,1,APPROVED
2026-09-21 11:12:01.282109+05:30,23396.75,23396.75,23396.75,23396.75,25000.0,0.199,LOW_TOXICITY,2.7e-05,0.0509,HOLD,0,0,0.5,0.589,1,APPROVED
2026-09-21 11:12:03.681930+05:30,23397.05,23397.05,23397.05,23397.05,25000.0,0.2147,LOW_TOXICITY,2.8e-05,0.0493,HOLD,0,0,0.5,0.589,1,APPROVED
2026-09-21 11:12:09.528140+05:30,23397.45,23397.45,23397.45,23397.45,25000.0,0.1884,LOW_TOXICITY,4e-05,0.0456,HOLD,0,0,0.5,0.59,1,APPROVED
2026-09-21 11:13:01.717047+05:30,23396.6,23396.6,23396.6,23396.6,25000.0,0.199,LOW_TOXICITY,3.1e-05,0.049,HOLD,0,0,0.5,0.588,1,APPROVED
2026-09-21 11:13:06.833029+05:30,23397.9,23397.9,23397.9,23397.9,25000.0,0.2147,LOW_TOXICITY,3.6e-05,0.0484,HOLD,0,0,0.5,0.591,1,APPROVED
2026-09-21 11:13:10.087465+05:30,23398.55,23398.55,23398.55,23398.55,25000.0,0.1884,LOW_TOXICITY,3.7e-05,0.0446,HOLD,0,0,0.5,0.592,1,APPROVED
2026-09-21 11:14:00.540101+05:30,23399.25,23399.25,23399.25,23399.25,25000.0,0.1884,LOW_TOXICITY,4.1e-05,0.0436,HOLD,0,0,0.5,0.594,1,APPROVED
2026-09-21 11:14:02.189297+05:30,23398.5,23398.5,23398.5,23398.5,25000.0,0.199,LOW_TOXICITY,3.9e-05,0.0457,HOLD,0,0,0.5,0.592,1,APPROVED
2026-09-21 11:14:09.979113+05:30,23398.2,23398.2,23398.2,23398.2,25000.0,0.2147,LOW_TOXICITY,3.8e-05,0.0476,HOLD,0,0,0.5,0.592,1,APPROVED
2026-09-21 11:15:01.151465+05:30,23397.55,23397.55,23397.55,23397.55,25000.0,0.1884,LOW_TOXICITY,2.4e-05,0.0443,HOLD,0,0,0.5,0.59,1,APPROVED
2026-09-21 11:15:02.650641+05:30,23398.4,23398.4,23398.4,23398.4,25000.0,0.199,LOW_TOXICITY,2.6e-05,0.0443,HOLD,0,0,0.5,0.592,1,APPROVED
2026-09-21 11:15:02.619004+05:30,23397.75,23397.75,23397.75,23397.75,25000.0,0.2147,LOW_TOXICITY,2.5e-05,0.0472,HOLD,0,0,0.5,0.591,1,APPROVED
2026-09-21 11:16:01.734887+05:30,23396.65,23396.65,23396.65,23396.65,25000.0,0.1884,LOW_TOXICITY,2.9e-05,0.0438,HOLD,0,0,0.5,0.588,1,APPROVED
2026-09-21 11:16:03.076014+05:30,23395.95,23395.95,23395.95,23395.95,25000.0,0.199,LOW_TOXICITY,2.5e-05,0.0458,HOLD,0,0,0.5,0.587,1,APPROVED
2026-09-21 11:16:05.711355+05:30,23396.35,23396.35,23396.35,23396.35,25000.0,0.2147,LOW_TOXICITY,2.9e-05,0.0476,HOLD,0,0,0.5,0.588,1,APPROVED
2026-09-21 11:17:02.271859+05:30,23393.25,23393.25,23393.25,23393.25,25000.0,0.1884,LOW_TOXICITY,2.1e-05,0.0479,HOLD,0,0,0.5,0.581,1,APPROVED
2026-09-21 11:17:03.568264+05:30,23392.9,23392.9,23392.9,23392.9,25000.0,0.199,LOW_TOXICITY,2.6e-05,0.0481,HOLD,0,0,0.5,0.581,1,APPROVED
2026-09-21 11:17:08.797421+05:30,23392.4,23392.4,23392.4,23392.4,25000.0,0.2147,LOW_TOXICITY,1.7e-05,0.0527,HOLD,0,0,0.5,0.58,1,APPROVED
2026-09-21 11:18:01.335072+05:30,23390.8,23390.8,23390.8,23390.8,25000.0,0.2147,LOW_TOXICITY,9e-06,0.0476,HOLD,0,0,0.5,0.576,1,APPROVED
2026-09-21 11:18:02.822348+05:30,23391.0,23391.0,23391.0,23391.0,25000.0,0.1884,LOW_TOXICITY,1.3e-05,0.0482,HOLD,0,0,0.5,0.577,1,APPROVED
2026-09-21 11:18:04.267933+05:30,23390.45,23390.45,23390.45,23390.45,25000.0,0.199,LOW_TOXICITY,6e-06,0.0484,HOLD,0,0,0.5,0.575,1,APPROVED
2026-09-21 11:19:03.476256+05:30,23390.2,23390.2,23390.2,23390.2,25000.0,0.1884,LOW_TOXICITY,1e-06,0.0466,HOLD,0,0,0.5,0.575,1,APPROVED
2026-09-21 11:19:04.662494+05:30,23390.7,23390.7,23390.7,23390.7,25000.0,0.199,LOW_TOXICITY,-1e-06,0.0462,HOLD,0,0,0.5,0.576,1,APPROVED
2026-09-21 11:19:04.535757+05:30,23390.4,23390.4,23390.4,23390.4,25000.0,0.2147,LOW_TOXICITY,-2e-06,0.0459,HOLD,0,0,0.5,0.575,1,APPROVED
2026-09-21 11:20:04.002440+05:30,23393.2,23393.2,23393.2,23393.2,25000.0,0.1884,LOW_TOXICITY,1e-05,0.0479,HOLD,0,0,0.5,0.581,1,APPROVED
2026-09-21 11:20:05.157963+05:30,23394.15,23394.15,23394.15,23394.15,25000.0,0.199,LOW_TOXICITY,1.1e-05,0.0488,HOLD,0,0,0.5,0.583,1,APPROVED
2026-09-21 11:20:07.656304+05:30,23392.55,23392.55,23392.55,23392.55,25000.0,0.2147,LOW_TOXICITY,9e-06,0.0461,HOLD,0,0,0.5,0.58,1,APPROVED
2026-09-21 11:21:00.349632+05:30,23391.35,23391.35,23391.35,23391.35,25000.0,0.2147,LOW_TOXICITY,1.1e-05,0.0453,HOLD,0,0,0.5,0.577,1,APPROVED
2026-09-21 11:21:05.895245+05:30,23392.5,23392.5,23392.5,23392.5,25000.0,0.199,LOW_TOXICITY,1.7e-05,0.0476,HOLD,0,0,0.5,0.58,1,APPROVED
2026-09-21 11:21:05.911362+05:30,23392.65,23392.65,23392.65,23392.65,25000.0,0.1884,LOW_TOXICITY,1.6e-05,0.0462,HOLD,0,0,0.5,0.58,1,APPROVED
2026-09-21 11:22:03.497031+05:30,23389.3,23389.3,23389.3,23389.3,25000.0,0.2147,LOW_TOXICITY,-4e-06,0.0459,HOLD,0,0,0.5,0.573,1,APPROVED
2026-09-21 11:22:06.474586+05:30,23389.0,23389.0,23389.0,23389.0,25000.0,0.1884,LOW_TOXICITY,-4e-06,0.0501,HOLD,0,0,0.5,0.572,1,APPROVED
2026-09-21 11:22:06.294739+05:30,23390.65,23390.65,23390.65,23390.65,25000.0,0.199,LOW_TOXICITY,-1e-06,0.0471,HOLD,0,0,0.5,0.576,1,APPROVED
2026-09-21 11:23:07.044711+05:30,23393.0,23393.0,23393.0,23393.0,25000.0,0.1884,LOW_TOXICITY,-0.0,0.0526,HOLD,0,0,0.5,0.581,1,APPROVED
2026-09-21 11:23:07.553841+05:30,23392.65,23392.65,23392.65,23392.65,25000.0,0.199,LOW_TOXICITY,-5e-06,0.0466,HOLD,0,0,0.5,0.58,1,APPROVED
2026-09-21 11:23:07.842634+05:30,23393.35,23393.35,23393.35,23393.35,25000.0,0.2147,LOW_TOXICITY,4e-06,0.0502,HOLD,0,0,0.5,0.582,1,APPROVED
2026-09-21 11:24:00.606362+05:30,23395.2,23395.2,23395.2,23395.2,25000.0,0.2147,LOW_TOXICITY,6e-06,0.0488,HOLD,0,0,0.5,0.585,1,APPROVED
2026-09-21 11:24:07.591283+05:30,23394.8,23394.8,23394.8,23394.8,25000.0,0.1884,LOW_TOXICITY,4e-06,0.0529,HOLD,0,0,0.5,0.585,1,APPROVED
2026-09-21 11:24:07.905617+05:30,23394.85,23394.85,23394.85,23394.85,25000.0,0.199,LOW_TOXICITY,8e-06,0.0499,HOLD,0,0,0.5,0.585,1,APPROVED
2026-09-21 11:25:03.764125+05:30,23395.55,23395.55,23395.55,23395.55,25000.0,0.2147,LOW_TOXICITY,6e-06,0.0467,HOLD,0,0,0.5,0.586,1,APPROVED
2026-09-21 11:25:08.211378+05:30,23394.55,23394.55,23394.55,23394.55,25000.0,0.1884,LOW_TOXICITY,3e-06,0.0496,HOLD,0,0,0.5,0.584,1,APPROVED
2026-09-21 11:25:08.384653+05:30,23394.55,23394.55,23394.55,23394.55,25000.0,0.199,LOW_TOXICITY,2e-06,0.048,HOLD,0,0,0.5,0.584,1,APPROVED
2026-09-21 11:26:06.919531+05:30,23394.65,23394.65,23394.65,23394.65,25000.0,0.2147,LOW_TOXICITY,-1e-06,0.0455,HOLD,0,0,0.5,0.584,1,APPROVED
2026-09-21 11:26:08.777944+05:30,23394.65,23394.65,23394.65,23394.65,25000.0,0.199,LOW_TOXICITY,1e-06,0.0468,HOLD,0,0,0.5,0.584,1,APPROVED
2026-09-21 11:26:08.791687+05:30,23393.5,23393.5,23393.5,23393.5,25000.0,0.1884,LOW_TOXICITY,-6e-06,0.0482,HOLD,0,0,0.5,0.582,1,APPROVED
2026-09-21 11:27:09.235412+05:30,23395.15,23395.15,23395.15,23395.15,25000.0,0.199,LOW_TOXICITY,-5e-06,0.0462,HOLD,0,0,0.5,0.585,1,APPROVED
2026-09-21 11:27:09.330896+05:30,23396.1,23396.1,23396.1,23396.1,25000.0,0.1884,LOW_TOXICITY,-4e-06,0.0495,HOLD,0,0,0.5,0.587,1,APPROVED
2026-09-21 11:27:10.121486+05:30,23398.15,23398.15,23398.15,23398.15,25000.0,0.2147,LOW_TOXICITY,3e-06,0.0485,HOLD,0,0,0.5,0.592,1,APPROVED
2026-09-21 11:28:02.753298+05:30,23398.4,23398.4,23398.4,23398.4,25000.0,0.2147,LOW_TOXICITY,1e-06,0.0475,HOLD,0,0,0.5,0.592,1,APPROVED
2026-09-21 11:28:09.662125+05:30,23396.65,23396.65,23396.65,23396.65,25000.0,0.199,LOW_TOXICITY,0.0,0.0467,HOLD,0,0,0.5,0.588,1,APPROVED
2026-09-21 11:28:09.933192+05:30,23397.5,23397.5,23397.5,23397.5,25000.0,0.1884,LOW_TOXICITY,-3e-06,0.0482,HOLD,0,0,0.5,0.59,1,APPROVED
2026-09-21 11:29:00.051577+05:30,23397.8,23397.8,23397.8,23397.8,25000.0,0.199,LOW_TOXICITY,-2e-06,0.0465,HOLD,0,0,0.5,0.591,1,APPROVED
2026-09-21 11:29:00.416256+05:30,23398.85,23398.85,23398.85,23398.85,25000.0,0.1884,LOW_TOXICITY,-1e-06,0.0473,HOLD,0,0,0.5,0.593,1,APPROVED
2026-09-21 11:29:05.900754+05:30,23398.15,23398.15,23398.15,23398.15,25000.0,0.2147,LOW_TOXICITY,-0.0,0.0461,HOLD,0,0,0.5,0.592,1,APPROVED
2026-09-21 11:30:00.549441+05:30,23399.2,23399.2,23399.2,23399.2,25000.0,0.199,LOW_TOXICITY,2e-06,0.0468,HOLD,0,0,0.5,0.594,1,APPROVED
2026-09-21 11:30:00.986793+05:30,23399.5,23399.5,23399.5,23399.5,25000.0,0.1884,LOW_TOXICITY,6e-06,0.0463,HOLD,0,0,0.5,0.594,1,APPROVED
2026-09-21 11:30:08.994110+05:30,23400.7,23400.7,23400.7,23400.7,25000.0,0.2147,LOW_TOXICITY,8e-06,0.0472,HOLD,0,0,0.5,0.597,1,APPROVED
2026-09-21 11:31:01.004905+05:30,23400.0,23400.0,23400.0,23400.0,25000.0,0.199,LOW_TOXICITY,1.2e-05,0.0463,HOLD,0,0,0.5,0.595,1,APPROVED
2026-09-21 11:31:01.598984+05:30,23400.3,23400.3,23400.3,23400.3,25000.0,0.1884,LOW_TOXICITY,1e-05,0.0457,HOLD,0,0,0.5,0.596,1,APPROVED
2026-09-21 11:31:01.598958+05:30,23400.1,23400.1,23400.1,23400.1,25000.0,0.2147,LOW_TOXICITY,1.1e-05,0.046,HOLD,0,0,0.5,0.596,1,APPROVED
2026-09-21 11:32:01.438252+05:30,23400.85,23400.85,23400.85,23400.85,25000.0,0.199,LOW_TOXICITY,2.3e-05,0.0461,HOLD,0,0,0.5,0.597,1,APPROVED
2026-09-21 11:32:02.187443+05:30,23401.55,23401.55,23401.55,23401.55,25000.0,0.1884,LOW_TOXICITY,2.4e-05,0.0458,HOLD,0,0,0.5,0.599,1,APPROVED
2026-09-21 11:32:04.734620+05:30,23401.05,23401.05,23401.05,23401.05,25000.0,0.2147,LOW_TOXICITY,2.5e-05,0.0452,HOLD,0,0,0.5,0.598,1,APPROVED
2026-09-21 11:33:01.874057+05:30,23402.75,23402.75,23402.75,23402.75,25000.0,0.199,LOW_TOXICITY,3.5e-05,0.0472,HOLD,0,0,0.5,0.601,1,APPROVED
2026-09-21 11:33:02.773365+05:30,23402.7,23402.7,23402.7,23402.7,25000.0,0.1884,LOW_TOXICITY,3.3e-05,0.0457,HOLD,0,0,0.5,0.601,1,APPROVED
2026-09-21 11:33:07.808799+05:30,23400.7,23400.7,23400.7,23400.7,25000.0,0.2147,LOW_TOXICITY,2.8e-05,0.0445,HOLD,0,0,0.5,0.597,1,APPROVED
2026-09-21 11:34:00.605706+05:30,23408.3,23408.3,23408.3,23408.3,25000.0,0.2147,LOW_TOXICITY,5.1e-05,0.062,HOLD,0,0,0.5,0.613,1,APPROVED
2026-09-21 11:34:02.304191+05:30,23408.0,23408.0,23408.0,23408.0,25000.0,0.199,LOW_TOXICITY,4.9e-05,0.0573,HOLD,0,0,0.5,0.612,1,APPROVED
2026-09-21 11:34:03.352204+05:30,23408.1,23408.1,23408.1,23408.1,25000.0,0.1884,LOW_TOXICITY,5.1e-05,0.0569,HOLD,0,0,0.5,0.612,1,APPROVED
2026-09-21 11:35:02.806108+05:30,23404.4,23404.4,23404.4,23404.4,25000.0,0.199,LOW_TOXICITY,2.9e-05,0.058,HOLD,0,0,0.5,0.605,1,APPROVED
2026-09-21 11:35:03.841321+05:30,23403.3,23403.3,23403.3,23403.3,25000.0,0.2147,LOW_TOXICITY,3.1e-05,0.0644,HOLD,0,0,0.5,0.602,1,APPROVED
2026-09-21 11:35:03.951330+05:30,23403.6,23403.6,23403.6,23403.6,25000.0,0.1884,LOW_TOXICITY,3e-05,0.0606,HOLD,0,0,0.5,0.603,1,APPROVED
2026-09-21 11:36:03.273300+05:30,23398.6,23398.6,23398.6,23398.6,25000.0,0.199,LOW_TOXICITY,1.7e-05,0.0662,HOLD,0,0,0.5,0.593,1,APPROVED
2026-09-21 11:36:05.607166+05:30,23399.25,23399.25,23399.25,23399.25,25000.0,0.1884,LOW_TOXICITY,1.9e-05,0.0622,HOLD,0,0,0.5,0.594,1,APPROVED
2026-09-21 11:36:07.066133+05:30,23399.15,23399.15,23399.15,23399.15,25000.0,0.2147,LOW_TOXICITY,2.2e-05,0.0638,HOLD,0,0,0.5,0.594,1,APPROVED
2026-09-21 11:37:03.740416+05:30,23401.2,23401.2,23401.2,23401.2,25000.0,0.199,LOW_TOXICITY,3e-05,0.0603,HOLD,0,0,0.5,0.598,1,APPROVED
2026-09-21 11:37:06.157332+05:30,23399.8,23399.8,23399.8,23399.8,25000.0,0.1884,LOW_TOXICITY,3.1e-05,0.0553,HOLD,0,0,0.5,0.595,1,APPROVED
2026-09-21 11:37:10.233045+05:30,23402.3,23402.3,23402.3,23402.3,25000.0,0.2147,LOW_TOXICITY,3.7e-05,0.0609,HOLD,0,0,0.5,0.6,1,APPROVED
2026-09-21 11:38:04.754334+05:30,23400.9,23400.9,23400.9,23400.9,25000.0,0.199,LOW_TOXICITY,2.4e-05,0.0542,HOLD,0,0,0.5,0.597,1,APPROVED
2026-09-21 11:38:04.231386+05:30,23400.9,23400.9,23400.9,23400.9,25000.0,0.2147,LOW_TOXICITY,2.2e-05,0.0563,HOLD,0,0,0.5,0.597,1,APPROVED
2026-09-21 11:38:06.712308+05:30,23401.25,23401.25,23401.25,23401.25,25000.0,0.1884,LOW_TOXICITY,2.4e-05,0.0516,HOLD,0,0,0.5,0.598,1,APPROVED
2026-09-21 11:39:05.227191+05:30,23399.15,23399.15,23399.15,23399.15,25000.0,0.199,LOW_TOXICITY,1.2e-05,0.0519,HOLD,0,0,0.5,0.594,1,APPROVED
2026-09-21 11:39:07.286869+05:30,23398.75,23398.75,23398.75,23398.75,25000.0,0.1884,LOW_TOXICITY,1.1e-05,0.0517,HOLD,0,0,0.5,0.593,1,APPROVED
2026-09-21 11:39:07.491694+05:30,23399.3,23399.3,23399.3,23399.3,25000.0,0.2147,LOW_TOXICITY,1.2e-05,0.0533,HOLD,0,0,0.5,0.594,1,APPROVED
2026-09-21 11:40:00.205324+05:30,23399.05,23399.05,23399.05,23399.05,25000.0,0.2147,LOW_TOXICITY,1e-05,0.0501,HOLD,0,0,0.5,0.593,1,APPROVED
2026-09-21 11:40:05.661847+05:30,23399.1,23399.1,23399.1,23399.1,25000.0,0.199,LOW_TOXICITY,1.3e-05,0.0489,HOLD,0,0,0.5,0.594,1,APPROVED
2026-09-21 11:40:07.871055+05:30,23398.3,23398.3,23398.3,23398.3,25000.0,0.1884,LOW_TOXICITY,1.1e-05,0.0488,HOLD,0,0,0.5,0.592,1,APPROVED
2026-09-21 11:41:03.494917+05:30,23399.0,23399.0,23399.0,23399.0,25000.0,0.2147,LOW_TOXICITY,1.2e-05,0.0477,HOLD,0,0,0.5,0.593,1,APPROVED
2026-09-21 11:41:06.095709+05:30,23398.9,23398.9,23398.9,23398.9,25000.0,0.199,LOW_TOXICITY,1.2e-05,0.0472,HOLD,0,0,0.5,0.593,1,APPROVED
2026-09-21 11:41:08.396101+05:30,23399.05,23399.05,23399.05,23399.05,25000.0,0.1884,LOW_TOXICITY,1.6e-05,0.047,HOLD,0,0,0.5,0.593,1,APPROVED
2026-09-21 11:42:06.536014+05:30,23404.65,23404.65,23404.65,23404.65,25000.0,0.199,LOW_TOXICITY,2.7e-05,0.0596,HOLD,0,0,0.5,0.605,1,APPROVED
2026-09-21 11:42:06.980122+05:30,23404.85,23404.85,23404.85,23404.85,25000.0,0.2147,LOW_TOXICITY,1.9e-05,0.0568,HOLD,0,0,0.5,0.606,1,APPROVED
2026-09-21 11:42:08.971335+05:30,23404.55,23404.55,23404.55,23404.55,25000.0,0.1884,LOW_TOXICITY,2.4e-05,0.0582,HOLD,0,0,0.5,0.605,1,APPROVED
2026-09-21 11:43:06.976650+05:30,23401.8,23401.8,23401.8,23401.8,25000.0,0.199,LOW_TOXICITY,1.5e-05,0.0574,HOLD,0,0,0.5,0.599,1,APPROVED
2026-09-21 11:43:09.551257+05:30,23403.45,23403.45,23403.45,23403.45,25000.0,0.1884,LOW_TOXICITY,1.7e-05,0.0534,HOLD,0,0,0.5,0.603,1,APPROVED
2026-09-21 11:43:10.186362+05:30,23402.6,23402.6,23402.6,23402.6,25000.0,0.2147,LOW_TOXICITY,1.2e-05,0.0545,HOLD,0,0,0.5,0.601,1,APPROVED
2026-09-21 11:44:00.024759+05:30,23402.35,23402.35,23402.35,23402.35,25000.0,0.1884,LOW_TOXICITY,1e-05,0.0503,HOLD,0,0,0.5,0.6,1,APPROVED
2026-09-21 11:44:02.898704+05:30,23403.65,23403.65,23403.65,23403.65,25000.0,0.2147,LOW_TOXICITY,1.6e-05,0.0512,HOLD,0,0,0.5,0.603,1,APPROVED
2026-09-21 11:44:07.405703+05:30,23404.35,23404.35,23404.35,23404.35,25000.0,0.199,LOW_TOXICITY,1.9e-05,0.0525,HOLD,0,0,0.5,0.605,1,APPROVED
2026-09-21 11:45:00.605493+05:30,23404.05,23404.05,23404.05,23404.05,25000.0,0.1884,LOW_TOXICITY,1.3e-05,0.0488,HOLD,0,0,0.5,0.604,1,APPROVED
2026-09-21 11:45:06.164304+05:30,23403.35,23403.35,23403.35,23403.35,25000.0,0.2147,LOW_TOXICITY,8e-06,0.0486,HOLD,0,0,0.5,0.603,1,APPROVED
2026-09-21 11:45:07.841226+05:30,23403.15,23403.15,23403.15,23403.15,25000.0,0.199,LOW_TOXICITY,1.1e-05,0.0498,HOLD,0,0,0.5,0.602,1,APPROVED
2026-09-21 11:46:01.155487+05:30,23403.2,23403.2,23403.2,23403.2,25000.0,0.1884,LOW_TOXICITY,8e-06,0.0473,HOLD,0,0,0.5,0.602,1,APPROVED
2026-09-21 11:46:08.292671+05:30,23402.35,23402.35,23402.35,23402.35,25000.0,0.199,LOW_TOXICITY,7e-06,0.0474,HOLD,0,0,0.5,0.6,1,APPROVED
2026-09-21 11:46:09.350288+05:30,23402.25,23402.25,23402.25,23402.25,25000.0,0.2147,LOW_TOXICITY,6e-06,0.0471,HOLD,0,0,0.5,0.6,1,APPROVED
2026-09-21 11:47:01.728719+05:30,23398.55,23398.55,23398.55,23398.55,25000.0,0.1884,LOW_TOXICITY,-9e-06,0.0559,HOLD,0,0,0.5,0.592,1,APPROVED
2026-09-21 11:47:02.038217+05:30,23396.45,23396.45,23396.45,23396.45,25000.0,0.2147,LOW_TOXICITY,-1.3e-05,0.0574,HOLD,0,0,0.5,0.588,1,APPROVED
2026-09-21 11:47:08.755858+05:30,23398.8,23398.8,23398.8,23398.8,25000.0,0.199,LOW_TOXICITY,-6e-06,0.0504,HOLD,0,0,0.5,0.593,1,APPROVED
2026-09-21 11:48:02.303755+05:30,23397.05,23397.05,23397.05,23397.05,25000.0,0.1884,LOW_TOXICITY,-1.6e-05,0.0524,HOLD,0,0,0.5,0.589,1,APPROVED
2026-09-21 11:48:05.243397+05:30,23398.25,23398.25,23398.25,23398.25,25000.0,0.2147,LOW_TOXICITY,-7e-06,0.0537,HOLD,0,0,0.5,0.592,1,APPROVED
2026-09-21 11:48:09.207497+05:30,23398.25,23398.25,23398.25,23398.25,25000.0,0.199,LOW_TOXICITY,-1.3e-05,0.0477,HOLD,0,0,0.5,0.592,1,APPROVED
2026-09-21 11:49:02.888616+05:30,23399.6,23399.6,23399.6,23399.6,25000.0,0.1884,LOW_TOXICITY,-2.4e-05,0.0516,HOLD,0,0,0.5,0.595,1,APPROVED
2026-09-21 11:49:08.656697+05:30,23400.2,23400.2,23400.2,23400.2,25000.0,0.2147,LOW_TOXICITY,-2.3e-05,0.0514,HOLD,0,0,0.5,0.596,1,APPROVED
2026-09-21 11:49:09.641702+05:30,23398.8,23398.8,23398.8,23398.8,25000.0,0.199,LOW_TOXICITY,-2.6e-05,0.0457,HOLD,0,0,0.5,0.593,1,APPROVED
2026-09-21 11:50:00.078177+05:30,23399.15,23399.15,23399.15,23399.15,25000.0,0.199,LOW_TOXICITY,-1.5e-05,0.0441,HOLD,0,0,0.5,0.594,1,APPROVED
2026-09-21 11:50:01.360324+05:30,23399.0,23399.0,23399.0,23399.0,25000.0,0.2147,LOW_TOXICITY,-1.2e-05,0.0492,HOLD,0,0,0.5,0.593,1,APPROVED
2026-09-21 11:50:03.459355+05:30,23398.55,23398.55,23398.55,23398.55,25000.0,0.1884,LOW_TOXICITY,-1.4e-05,0.0492,HOLD,0,0,0.5,0.592,1,APPROVED
2026-09-21 11:51:00.514867+05:30,23400.0,23400.0,23400.0,23400.0,25000.0,0.199,LOW_TOXICITY,4e-06,0.0432,HOLD,0,0,0.5,0.595,1,APPROVED
2026-09-21 11:51:04.831181+05:30,23400.1,23400.1,23400.1,23400.1,25000.0,0.1884,LOW_TOXICITY,2e-06,0.0479,HOLD,0,0,0.5,0.596,1,APPROVED
2026-09-21 11:51:04.651992+05:30,23400.15,23400.15,23400.15,23400.15,25000.0,0.2147,LOW_TOXICITY,3e-06,0.0473,HOLD,0,0,0.5,0.596,1,APPROVED
2026-09-21 11:52:00.989425+05:30,23401.65,23401.65,23401.65,23401.65,25000.0,0.199,LOW_TOXICITY,1e-06,0.0432,HOLD,0,0,0.5,0.599,1,APPROVED
2026-09-21 11:52:05.425882+05:30,23402.3,23402.3,23402.3,23402.3,25000.0,0.1884,LOW_TOXICITY,7e-06,0.0482,HOLD,0,0,0.5,0.6,1,APPROVED
2026-09-21 11:52:07.813755+05:30,23402.45,23402.45,23402.45,23402.45,25000.0,0.2147,LOW_TOXICITY,0.0,0.0473,HOLD,0,0,0.5,0.601,1,APPROVED
2026-09-21 11:53:01.010635+05:30,23406.5,23406.5,23406.5,23406.5,25000.0,0.2147,LOW_TOXICITY,1.6e-05,0.0511,HOLD,0,0,0.5,0.609,1,APPROVED
2026-09-21 11:53:01.942155+05:30,23405.75,23405.75,23405.75,23405.75,25000.0,0.199,LOW_TOXICITY,1.4e-05,0.0482,HOLD,0,0,0.5,0.608,1,APPROVED
2026-09-21 11:53:05.992411+05:30,23407.0,23407.0,23407.0,23407.0,25000.0,0.1884,LOW_TOXICITY,1.6e-05,0.0555,HOLD,0,0,0.5,0.61,1,APPROVED
2026-09-21 11:54:02.382662+05:30,23411.25,23411.25,23411.25,23411.25,25000.0,0.199,LOW_TOXICITY,3.4e-05,0.0565,HOLD,0,0,0.5,0.619,1,APPROVED
2026-09-21 11:54:04.258259+05:30,23412.35,23412.35,23412.35,23412.35,25000.0,0.2147,LOW_TOXICITY,3.7e-05,0.0589,HOLD,0,0,0.5,0.621,1,APPROVED
2026-09-21 11:54:06.614748+05:30,23412.6,23412.6,23412.6,23412.6,25000.0,0.1884,LOW_TOXICITY,3.9e-05,0.0626,HOLD,0,0,0.5,0.622,1,APPROVED
2026-09-21 11:55:02.876003+05:30,23414.95,23414.95,23414.95,23414.95,25000.0,0.199,LOW_TOXICITY,4.5e-05,0.0564,HOLD,0,0,0.5,0.627,1,APPROVED
2026-09-21 11:55:07.259709+05:30,23414.55,23414.55,23414.55,23414.55,25000.0,0.1884,LOW_TOXICITY,4.6e-05,0.0569,HOLD,0,0,0.5,0.626,1,APPROVED
2026-09-21 11:55:07.456064+05:30,23416.1,23416.1,23416.1,23416.1,25000.0,0.2147,LOW_TOXICITY,4.9e-05,0.0582,HOLD,0,0,0.5,0.629,1,APPROVED
2026-09-21 11:56:00.103629+05:30,23417.6,23417.6,23417.6,23417.6,25000.0,0.2147,LOW_TOXICITY,5.3e-05,0.0543,HOLD,0,0,0.5,0.632,1,APPROVED
2026-09-21 11:56:03.323302+05:30,23417.0,23417.0,23417.0,23417.0,25000.0,0.199,LOW_TOXICITY,5.2e-05,0.0535,HOLD,0,0,0.5,0.631,1,APPROVED
2026-09-21 11:56:07.834425+05:30,23418.85,23418.85,23418.85,23418.85,25000.0,0.1884,LOW_TOXICITY,5.6e-05,0.0589,HOLD,0,0,0.5,0.635,1,APPROVED
2026-09-21 11:57:03.737772+05:30,23420.1,23420.1,23420.1,23420.1,25000.0,0.199,LOW_TOXICITY,4.4e-05,0.0531,HOLD,0,0,0.5,0.638,1,APPROVED
2026-09-21 11:57:03.267999+05:30,23420.1,23420.1,23420.1,23420.1,25000.0,0.2147,LOW_TOXICITY,4.3e-05,0.0526,HOLD,0,0,0.5,0.638,1,APPROVED
2026-09-21 11:57:08.435767+05:30,23420.5,23420.5,23420.5,23420.5,25000.0,0.1884,LOW_TOXICITY,4.5e-05,0.0541,HOLD,0,0,0.5,0.638,1,APPROVED
2026-09-21 11:58:04.185190+05:30,23423.1,23423.1,23423.1,23423.1,25000.0,0.199,LOW_TOXICITY,6.1e-05,0.0527,HOLD,0,0,0.5,0.644,1,APPROVED
2026-09-21 11:58:06.377637+05:30,23423.65,23423.65,23423.65,23423.65,25000.0,0.2147,LOW_TOXICITY,6e-05,0.0526,HOLD,0,0,0.5,0.645,1,APPROVED
2026-09-21 11:58:09.015370+05:30,23424.2,23424.2,23424.2,23424.2,25000.0,0.1884,LOW_TOXICITY,5.9e-05,0.0554,HOLD,0,0,0.5,0.646,1,APPROVED
2026-09-21 11:59:04.633819+05:30,23429.15,23429.15,23429.15,23429.15,25000.0,0.199,LOW_TOXICITY,7.1e-05,0.0605,HOLD,0,0,0.5,0.657,1,APPROVED
2026-09-21 11:59:09.645451+05:30,23429.0,23429.0,23429.0,23429.0,25000.0,0.1884,LOW_TOXICITY,7.6e-05,0.0597,HOLD,0,0,0.5,0.656,1,APPROVED
2026-09-21 11:59:09.472185+05:30,23427.85,23427.85,23427.85,23427.85,25000.0,0.2147,LOW_TOXICITY,6.9e-05,0.0549,HOLD,0,0,0.5,0.654,1,APPROVED
2026-09-21 12:00:00.158859+05:30,23426.15,23426.15,23426.15,23426.15,25000.0,0.1884,LOW_TOXICITY,6.3e-05,0.0573,HOLD,0,0,0.5,0.65,1,APPROVED
2026-09-21 12:00:02.052961+05:30,23425.8,23425.8,23425.8,23425.8,25000.0,0.2147,LOW_TOXICITY,6.4e-05,0.0527,HOLD,0,0,0.5,0.65,1,APPROVED
2026-09-21 12:00:05.088353+05:30,23428.3,23428.3,23428.3,23428.3,25000.0,0.199,LOW_TOXICITY,7.2e-05,0.0557,HOLD,0,0,0.5,0.655,1,APPROVED
2026-09-21 12:01:00.743741+05:30,23431.2,23431.2,23431.2,23431.2,25000.0,0.1884,LOW_TOXICITY,8e-05,0.0616,HOLD,0,0,0.5,0.661,1,APPROVED
2026-09-21 12:01:05.502798+05:30,23430.35,23430.35,23430.35,23430.35,25000.0,0.199,LOW_TOXICITY,8e-05,0.053,HOLD,0,0,0.5,0.659,1,APPROVED
2026-09-21 12:01:05.184201+05:30,23430.55,23430.55,23430.55,23430.55,25000.0,0.2147,LOW_TOXICITY,8.1e-05,0.0564,BUY,1,1,0.5,0.66,1,VETO
2026-09-21 12:02:01.299929+05:30,23429.25,23429.25,23429.25,23429.25,25000.0,0.1884,LOW_TOXICITY,8.7e-05,0.0567,BUY,1,1,0.5,0.657,1,VETO
2026-09-21 12:02:05.976182+05:30,23428.7,23428.7,23428.7,23428.7,25000.0,0.199,LOW_TOXICITY,8.5e-05,0.0509,BUY,1,1,0.5,0.656,1,VETO
2026-09-21 12:02:08.251324+05:30,23427.65,23427.65,23427.65,23427.65,25000.0,0.2147,LOW_TOXICITY,8.9e-05,0.0552,BUY,1,1,0.5,0.653,1,VETO
2026-09-21 12:03:00.782662+05:30,23424.85,23424.85,23424.85,23424.85,25000.0,0.2147,LOW_TOXICITY,7.6e-05,0.0541,HOLD,0,0,0.5,0.648,1,APPROVED
2026-09-21 12:03:01.894654+05:30,23424.65,23424.65,23424.65,23424.65,25000.0,0.1884,LOW_TOXICITY,7.9e-05,0.0607,HOLD,0,0,0.5,0.647,1,APPROVED
2026-09-21 12:03:06.425104+05:30,23425.85,23425.85,23425.85,23425.85,25000.0,0.199,LOW_TOXICITY,7.9e-05,0.0513,HOLD,0,0,0.5,0.65,1,APPROVED
2026-09-21 12:04:02.451463+05:30,23421.95,23421.95,23421.95,23421.95,25000.0,0.1884,LOW_TOXICITY,6.4e-05,0.0576,HOLD,0,0,0.5,0.642,1,APPROVED
2026-09-21 12:04:03.837654+05:30,23422.35,23422.35,23422.35,23422.35,25000.0,0.2147,LOW_TOXICITY,6.3e-05,0.0528,HOLD,0,0,0.5,0.642,1,APPROVED
2026-09-21 12:04:06.853539+05:30,23422.9,23422.9,23422.9,23422.9,25000.0,0.199,LOW_TOXICITY,6.9e-05,0.0533,HOLD,0,0,0.5,0.644,1,APPROVED
2026-09-21 12:05:03.076855+05:30,23422.6,23422.6,23422.6,23422.6,25000.0,0.1884,LOW_TOXICITY,6.8e-05,0.0525,HOLD,0,0,0.5,0.643,1,APPROVED
2026-09-21 12:05:07.339349+05:30,23423.55,23423.55,23423.55,23423.55,25000.0,0.199,LOW_TOXICITY,6.9e-05,0.0498,HOLD,0,0,0.5,0.645,1,APPROVED
2026-09-21 12:05:06.949480+05:30,23423.55,23423.55,23423.55,23423.55,25000.0,0.2147,LOW_TOXICITY,7e-05,0.0499,HOLD,0,0,0.5,0.645,1,APPROVED
2026-09-21 12:06:04.568190+05:30,23423.7,23423.7,23423.7,23423.7,25000.0,0.1884,LOW_TOXICITY,6.7e-05,0.0495,HOLD,0,0,0.5,0.645,1,APPROVED
2026-09-21 12:06:07.811735+05:30,23424.2,23424.2,23424.2,23424.2,25000.0,0.199,LOW_TOXICITY,6.9e-05,0.0476,HOLD,0,0,0.5,0.646,1,APPROVED
2026-09-21 12:06:10.048372+05:30,23424.45,23424.45,23424.45,23424.45,25000.0,0.2147,LOW_TOXICITY,6.9e-05,0.0476,HOLD,0,0,0.5,0.647,1,APPROVED
2026-09-21 12:07:02.650399+05:30,23423.4,23423.4,23423.4,23423.4,25000.0,0.2147,LOW_TOXICITY,6e-05,0.0462,HOLD,0,0,0.5,0.645,1,APPROVED
2026-09-21 12:07:05.189226+05:30,23423.95,23423.95,23423.95,23423.95,25000.0,0.1884,LOW_TOXICITY,6.2e-05,0.0472,HOLD,0,0,0.5,0.646,1,APPROVED
2026-09-21 12:07:08.292414+05:30,23423.7,23423.7,23423.7,23423.7,25000.0,0.199,LOW_TOXICITY,6.3e-05,0.0464,HOLD,0,0,0.5,0.645,1,APPROVED
2026-09-21 12:08:05.772742+05:30,23418.5,23418.5,23418.5,23418.5,25000.0,0.1884,LOW_TOXICITY,3.3e-05,0.0591,HOLD,0,0,0.5,0.634,1,APPROVED
2026-09-21 12:08:06.682005+05:30,23418.75,23418.75,23418.75,23418.75,25000.0,0.2147,LOW_TOXICITY,3.5e-05,0.0548,HOLD,0,0,0.5,0.635,1,APPROVED
2026-09-21 12:08:09.594479+05:30,23419.4,23419.4,23419.4,23419.4,25000.0,0.199,LOW_TOXICITY,3.9e-05,0.0544,HOLD,0,0,0.5,0.636,1,APPROVED
2026-09-21 12:09:06.354822+05:30,23418.4,23418.4,23418.4,23418.4,25000.0,0.1884,LOW_TOXICITY,1.7e-05,0.0534,HOLD,0,0,0.5,0.634,1,APPROVED
2026-09-21 12:09:10.054403+05:30,23418.15,23418.15,23418.15,23418.15,25000.0,0.199,LOW_TOXICITY,2e-05,0.0512,HOLD,0,0,0.5,0.634,1,APPROVED
2026-09-21 12:09:10.214444+05:30,23417.8,23417.8,23417.8,23417.8,25000.0,0.2147,LOW_TOXICITY,1.6e-05,0.052,HOLD,0,0,0.5,0.633,1,APPROVED
2026-09-21 12:10:00.441996+05:30,23415.8,23415.8,23415.8,23415.8,25000.0,0.199,LOW_TOXICITY,2e-06,0.0512,HOLD,0,0,0.5,0.629,1,APPROVED
2026-09-21 12:10:02.893541+05:30,23416.15,23416.15,23416.15,23416.15,25000.0,0.2147,LOW_TOXICITY,0.0,0.0506,HOLD,0,0,0.5,0.629,1,APPROVED
2026-09-21 12:10:06.937517+05:30,23416.45,23416.45,23416.45,23416.45,25000.0,0.1884,LOW_TOXICITY,5e-06,0.0516,HOLD,0,0,0.5,0.63,1,APPROVED
2026-09-21 12:11:00.892874+05:30,23415.25,23415.25,23415.25,23415.25,25000.0,0.199,LOW_TOXICITY,-5e-06,0.0486,HOLD,0,0,0.5,0.627,1,APPROVED
2026-09-21 12:11:06.127848+05:30,23417.6,23417.6,23417.6,23417.6,25000.0,0.2147,LOW_TOXICITY,0.0,0.0491,HOLD,0,0,0.5,0.632,1,APPROVED
2026-09-21 12:11:07.523730+05:30,23417.8,23417.8,23417.8,23417.8,25000.0,0.1884,LOW_TOXICITY,-3e-06,0.0491,HOLD,0,0,0.5,0.633,1,APPROVED
2026-09-21 12:12:01.374891+05:30,23418.0,23418.0,23418.0,23418.0,25000.0,0.199,LOW_TOXICITY,-6e-06,0.05,HOLD,0,0,0.5,0.633,1,APPROVED
2026-09-21 12:12:08.142015+05:30,23418.25,23418.25,23418.25,23418.25,25000.0,0.1884,LOW_TOXICITY,-6e-06,0.047,HOLD,0,0,0.5,0.634,1,APPROVED
2026-09-21 12:12:09.376737+05:30,23418.7,23418.7,23418.7,23418.7,25000.0,0.2147,LOW_TOXICITY,-4e-06,0.0478,HOLD,0,0,0.5,0.635,1,APPROVED
2026-09-21 12:13:01.829409+05:30,23415.75,23415.75,23415.75,23415.75,25000.0,0.199,LOW_TOXICITY,-2.1e-05,0.0503,HOLD,0,0,0.5,0.629,1,APPROVED
2026-09-21 12:13:02.083930+05:30,23415.75,23415.75,23415.75,23415.75,25000.0,0.2147,LOW_TOXICITY,-2.2e-05,0.05,HOLD,0,0,0.5,0.629,1,APPROVED
2026-09-21 12:13:08.727931+05:30,23417.55,23417.55,23417.55,23417.55,25000.0,0.1884,LOW_TOXICITY,-1.9e-05,0.046,HOLD,0,0,0.5,0.632,1,APPROVED
2026-09-21 12:14:02.289052+05:30,23418.35,23418.35,23418.35,23418.35,25000.0,0.199,LOW_TOXICITY,-3.1e-05,0.0494,HOLD,0,0,0.5,0.634,1,APPROVED
2026-09-21 12:14:05.291562+05:30,23419.25,23419.25,23419.25,23419.25,25000.0,0.2147,LOW_TOXICITY,-2.4e-05,0.052,HOLD,0,0,0.5,0.636,1,APPROVED
2026-09-21 12:14:09.367216+05:30,23419.7,23419.7,23419.7,23419.7,25000.0,0.1884,LOW_TOXICITY,-2.6e-05,0.0467,HOLD,0,0,0.5,0.637,1,APPROVED
2026-09-21 12:15:02.755526+05:30,23418.0,23418.0,23418.0,23418.0,25000.0,0.199,LOW_TOXICITY,-2.9e-05,0.0475,HOLD,0,0,0.5,0.633,1,APPROVED
2026-09-21 12:15:08.488312+05:30,23418.45,23418.45,23418.45,23418.45,25000.0,0.2147,LOW_TOXICITY,-2.1e-05,0.0499,HOLD,0,0,0.5,0.634,1,APPROVED
2026-09-21 12:15:10.001997+05:30,23418.5,23418.5,23418.5,23418.5,25000.0,0.1884,LOW_TOXICITY,-2.2e-05,0.0461,HOLD,0,0,0.5,0.634,1,APPROVED
2026-09-21 12:16:00.520590+05:30,23418.6,23418.6,23418.6,23418.6,25000.0,0.1884,LOW_TOXICITY,-3.6e-05,0.045,HOLD,0,0,0.5,0.635,1,APPROVED
2026-09-21 12:16:01.096554+05:30,23418.45,23418.45,23418.45,23418.45,25000.0,0.2147,LOW_TOXICITY,-3.4e-05,0.048,HOLD,0,0,0.5,0.634,1,APPROVED
2026-09-21 12:16:03.208820+05:30,23418.2,23418.2,23418.2,23418.2,25000.0,0.1922,LOW_TOXICITY,-3.5e-05,0.0461,HOLD,0,0,0.5,0.634,1,APPROVED
2026-09-21 12:17:01.097146+05:30,23417.25,23417.25,23417.25,23417.25,25000.0,0.1884,LOW_TOXICITY,-3.4e-05,0.0451,HOLD,0,0,0.5,0.632,1,APPROVED
2026-09-21 12:17:03.691979+05:30,23417.25,23417.25,23417.25,23417.25,25000.0,0.1922,LOW_TOXICITY,-3.3e-05,0.0455,HOLD,0,0,0.5,0.632,1,APPROVED
2026-09-21 12:17:04.333689+05:30,23417.25,23417.25,23417.25,23417.25,25000.0,0.2147,LOW_TOXICITY,-3e-05,0.0473,HOLD,0,0,0.5,0.632,1,APPROVED
2026-09-21 12:17:19.023070+05:30,23417.15,23417.15,23417.15,23417.15,25000.0,0.2321,LOW_TOXICITY,-1.1e-05,0.0442,HOLD,0,0,0.5,0.631,1,APPROVED
2026-09-21 12:18:01.677708+05:30,23417.75,23417.75,23417.75,23417.75,25000.0,0.1884,LOW_TOXICITY,-2e-05,0.0444,HOLD,0,0,0.5,0.633,1,APPROVED
2026-09-21 12:18:04.129736+05:30,23417.7,23417.7,23417.7,23417.7,25000.0,0.1922,LOW_TOXICITY,-2.3e-05,0.0447,HOLD,0,0,0.5,0.633,1,APPROVED
2026-09-21 12:18:07.552269+05:30,23417.9,23417.9,23417.9,23417.9,25000.0,0.2147,LOW_TOXICITY,-2e-05,0.0462,HOLD,0,0,0.5,0.633,1,APPROVED
2026-09-21 12:18:09.534235+05:30,23415.25,23415.25,23415.25,23415.25,25000.0,0.2321,LOW_TOXICITY,-2.8e-05,0.0459,HOLD,0,0,0.5,0.627,1,APPROVED
2026-09-21 12:19:00.013877+05:30,23416.35,23416.35,23416.35,23416.35,25000.0,0.2321,LOW_TOXICITY,-1.6e-05,0.0451,HOLD,0,0,0.5,0.63,1,APPROVED
2026-09-21 12:19:00.218130+05:30,23416.55,23416.55,23416.55,23416.55,25000.0,0.2147,LOW_TOXICITY,-1.7e-05,0.0462,HOLD,0,0,0.5,0.63,1,APPROVED
2026-09-21 12:19:02.291262+05:30,23415.05,23415.05,23415.05,23415.05,25000.0,0.1884,LOW_TOXICITY,-2e-05,0.0469,HOLD,0,0,0.5,0.627,1,APPROVED
2026-09-21 12:19:04.530776+05:30,23415.9,23415.9,23415.9,23415.9,25000.0,0.1922,LOW_TOXICITY,-2e-05,0.0455,HOLD,0,0,0.5,0.629,1,APPROVED
2026-09-21 12:20:00.596977+05:30,23419.55,23419.55,23419.55,23419.55,25000.0,0.2321,LOW_TOXICITY,-1e-05,0.0488,HOLD,0,0,0.5,0.636,1,APPROVED
2026-09-21 12:20:02.864340+05:30,23417.7,23417.7,23417.7,23417.7,25000.0,0.1884,LOW_TOXICITY,-1.4e-05,0.0479,HOLD,0,0,0.5,0.633,1,APPROVED
2026-09-21 12:20:03.447170+05:30,23418.2,23418.2,23418.2,23418.2,25000.0,0.2147,LOW_TOXICITY,-1.5e-05,0.0462,HOLD,0,0,0.5,0.634,1,APPROVED
2026-09-21 12:20:05.211414+05:30,23417.7,23417.7,23417.7,23417.7,25000.0,0.1922,LOW_TOXICITY,-1.7e-05,0.0457,HOLD,0,0,0.5,0.633,1,APPROVED
2026-09-21 12:21:01.207188+05:30,23416.8,23416.8,23416.8,23416.8,25000.0,0.2321,LOW_TOXICITY,-6e-06,0.0506,HOLD,0,0,0.5,0.631,1,APPROVED
2026-09-21 12:21:04.283588+05:30,23416.95,23416.95,23416.95,23416.95,25000.0,0.1884,LOW_TOXICITY,-1.9e-05,0.0466,HOLD,0,0,0.5,0.631,1,APPROVED
2026-09-21 12:21:05.646838+05:30,23417.35,23417.35,23417.35,23417.35,25000.0,0.1922,LOW_TOXICITY,-1.9e-05,0.0449,HOLD,0,0,0.5,0.632,1,APPROVED
2026-09-21 12:21:06.638877+05:30,23417.05,23417.05,23417.05,23417.05,25000.0,0.2147,LOW_TOXICITY,-2.1e-05,0.046,HOLD,0,0,0.5,0.631,1,APPROVED
2026-09-21 12:22:01.794797+05:30,23419.55,23419.55,23419.55,23419.55,25000.0,0.2321,LOW_TOXICITY,-3e-06,0.0507,HOLD,0,0,0.5,0.636,1,APPROVED
2026-09-21 12:22:04.901214+05:30,23419.6,23419.6,23419.6,23419.6,25000.0,0.1884,LOW_TOXICITY,-1.2e-05,0.0477,HOLD,0,0,0.5,0.637,1,APPROVED
2026-09-21 12:22:06.106169+05:30,23419.8,23419.8,23419.8,23419.8,25000.0,0.1922,LOW_TOXICITY,-1.1e-05,0.0462,HOLD,0,0,0.5,0.637,1,APPROVED
2026-09-21 12:22:09.844531+05:30,23419.35,23419.35,23419.35,23419.35,25000.0,0.2147,LOW_TOXICITY,-1.2e-05,0.047,HOLD,0,0,0.5,0.636,1,APPROVED
2026-09-21 12:23:02.386046+05:30,23413.1,23413.1,23413.1,23413.1,25000.0,0.2321,LOW_TOXICITY,-6e-06,0.0657,HOLD,0,0,0.5,0.623,1,APPROVED
2026-09-21 12:23:03.076975+05:30,23413.55,23413.55,23413.55,23413.55,25000.0,0.2147,LOW_TOXICITY,-1.5e-05,0.0579,HOLD,0,0,0.5,0.624,1,APPROVED
2026-09-21 12:23:05.463335+05:30,23413.15,23413.15,23413.15,23413.15,25000.0,0.1884,LOW_TOXICITY,-1.5e-05,0.0602,HOLD,0,0,0.5,0.623,1,APPROVED
2026-09-21 12:23:07.291431+05:30,23412.35,23412.35,23412.35,23412.35,25000.0,0.1922,LOW_TOXICITY,-2e-05,0.0633,HOLD,0,0,0.5,0.621,1,APPROVED
2026-09-21 12:24:02.960263+05:30,23411.4,23411.4,23411.4,23411.4,25000.0,0.2321,LOW_TOXICITY,-5e-06,0.059,HOLD,0,0,0.5,0.619,1,APPROVED
2026-09-21 12:24:06.057053+05:30,23412.4,23412.4,23412.4,23412.4,25000.0,0.1884,LOW_TOXICITY,-1.7e-05,0.057,HOLD,0,0,0.5,0.621,1,APPROVED
2026-09-21 12:24:06.311918+05:30,23412.2,23412.2,23412.2,23412.2,25000.0,0.2147,LOW_TOXICITY,-1.6e-05,0.0545,HOLD,0,0,0.5,0.621,1,APPROVED
2026-09-21 12:24:07.990288+05:30,23411.8,23411.8,23411.8,23411.8,25000.0,0.1922,LOW_TOXICITY,-1.8e-05,0.0599,HOLD,0,0,0.5,0.62,1,APPROVED
2026-09-21 12:25:03.589355+05:30,23414.3,23414.3,23414.3,23414.3,25000.0,0.2321,LOW_TOXICITY,-1e-05,0.0561,HOLD,0,0,0.5,0.625,1,APPROVED
2026-09-21 12:25:06.724993+05:30,23414.95,23414.95,23414.95,23414.95,25000.0,0.1884,LOW_TOXICITY,-4e-06,0.0542,HOLD,0,0,0.5,0.627,1,APPROVED
2026-09-21 12:25:08.635752+05:30,23413.9,23413.9,23413.9,23413.9,25000.0,0.1922,LOW_TOXICITY,-5e-06,0.0553,HOLD,0,0,0.5,0.625,1,APPROVED
2026-09-21 12:25:09.451529+05:30,23413.5,23413.5,23413.5,23413.5,25000.0,0.2147,LOW_TOXICITY,-8e-06,0.0517,HOLD,0,0,0.5,0.624,1,APPROVED
2026-09-21 12:26:02.114826+05:30,23415.15,23415.15,23415.15,23415.15,25000.0,0.2147,LOW_TOXICITY,-7e-06,0.05,HOLD,0,0,0.5,0.627,1,APPROVED
2026-09-21 12:26:04.264618+05:30,23415.6,23415.6,23415.6,23415.6,25000.0,0.2321,LOW_TOXICITY,-3e-06,0.0516,HOLD,0,0,0.5,0.628,1,APPROVED
2026-09-21 12:26:07.309062+05:30,23416.25,23416.25,23416.25,23416.25,25000.0,0.1884,LOW_TOXICITY,-4e-06,0.0505,HOLD,0,0,0.5,0.63,1,APPROVED
2026-09-21 12:26:09.218390+05:30,23416.15,23416.15,23416.15,23416.15,25000.0,0.1922,LOW_TOXICITY,3e-06,0.0526,HOLD,0,0,0.5,0.629,1,APPROVED
2026-09-21 12:27:04.849041+05:30,23416.85,23416.85,23416.85,23416.85,25000.0,0.2321,LOW_TOXICITY,-5e-06,0.0487,HOLD,0,0,0.5,0.631,1,APPROVED
2026-09-21 12:27:05.289958+05:30,23417.2,23417.2,23417.2,23417.2,25000.0,0.2147,LOW_TOXICITY,-4e-06,0.0494,HOLD,0,0,0.5,0.632,1,APPROVED
2026-09-21 12:27:07.976713+05:30,23416.7,23416.7,23416.7,23416.7,25000.0,0.1884,LOW_TOXICITY,-4e-06,0.0475,HOLD,0,0,0.5,0.631,1,APPROVED
2026-09-21 12:27:09.817823+05:30,23416.8,23416.8,23416.8,23416.8,25000.0,0.1922,LOW_TOXICITY,-3e-06,0.0491,HOLD,0,0,0.5,0.631,1,APPROVED
2026-09-21 12:28:00.442440+05:30,23417.5,23417.5,23417.5,23417.5,25000.0,0.1922,LOW_TOXICITY,5e-06,0.0469,HOLD,0,0,0.5,0.632,1,APPROVED
2026-09-21 12:28:05.401883+05:30,23416.35,23416.35,23416.35,23416.35,25000.0,0.2321,LOW_TOXICITY,-4e-06,0.0466,HOLD,0,0,0.5,0.63,1,APPROVED
2026-09-21 12:28:08.627741+05:30,23417.4,23417.4,23417.4,23417.4,25000.0,0.1884,LOW_TOXICITY,-0.0,0.0458,HOLD,0,0,0.5,0.632,1,APPROVED
2026-09-21 12:28:08.419275+05:30,23417.45,23417.45,23417.45,23417.45,25000.0,0.2147,LOW_TOXICITY,5e-06,0.0455,HOLD,0,0,0.5,0.632,1,APPROVED
2026-09-21 12:29:01.071288+05:30,23418.75,23418.75,23418.75,23418.75,25000.0,0.1922,LOW_TOXICITY,1e-06,0.046,HOLD,0,0,0.5,0.635,1,APPROVED
2026-09-21 12:29:01.116681+05:30,23418.75,23418.75,23418.75,23418.75,25000.0,0.2147,LOW_TOXICITY,-1e-06,0.0447,HOLD,0,0,0.5,0.635,1,APPROVED
2026-09-21 12:29:06.039689+05:30,23419.85,23419.85,23419.85,23419.85,25000.0,0.2321,LOW_TOXICITY,6e-06,0.0505,HOLD,0,0,0.5,0.637,1,APPROVED
2026-09-21 12:29:09.228599+05:30,23419.0,23419.0,23419.0,23419.0,25000.0,0.1884,LOW_TOXICITY,-2e-06,0.0456,HOLD,0,0,0.5,0.635,1,APPROVED
2026-09-21 12:30:01.677298+05:30,23420.25,23420.25,23420.25,23420.25,25000.0,0.1922,LOW_TOXICITY,6e-06,0.0459,HOLD,0,0,0.5,0.638,1,APPROVED
2026-09-21 12:30:04.287570+05:30,23420.85,23420.85,23420.85,23420.85,25000.0,0.2147,LOW_TOXICITY,7e-06,0.0451,HOLD,0,0,0.5,0.639,1,APPROVED
2026-09-21 12:30:06.693578+05:30,23421.0,23421.0,23421.0,23421.0,25000.0,0.2321,LOW_TOXICITY,8e-06,0.0479,HOLD,0,0,0.5,0.64,1,APPROVED
2026-09-21 12:30:09.854288+05:30,23421.65,23421.65,23421.65,23421.65,25000.0,0.1884,LOW_TOXICITY,9e-06,0.0476,HOLD,0,0,0.5,0.641,1,APPROVED
2026-09-21 12:31:00.330922+05:30,23422.25,23422.25,23422.25,23422.25,25000.0,0.1884,LOW_TOXICITY,1e-05,0.0458,HOLD,0,0,0.5,0.642,1,APPROVED
2026-09-21 12:31:02.291751+05:30,23421.7,23421.7,23421.7,23421.7,25000.0,0.1922,LOW_TOXICITY,1e-05,0.0457,HOLD,0,0,0.5,0.641,1,APPROVED
2026-09-21 12:31:07.277953+05:30,23422.45,23422.45,23422.45,23422.45,25000.0,0.2321,LOW_TOXICITY,1.4e-05,0.0467,HOLD,0,0,0.5,0.643,1,APPROVED
2026-09-21 12:31:07.504083+05:30,23422.25,23422.25,23422.25,23422.25,25000.0,0.2147,LOW_TOXICITY,1.1e-05,0.0444,HOLD,0,0,0.5,0.642,1,APPROVED
2026-09-21 12:32:00.203073+05:30,23419.25,23419.25,23419.25,23419.25,25000.0,0.2147,LOW_TOXICITY,6e-06,0.0471,HOLD,0,0,0.5,0.636,1,APPROVED
2026-09-21 12:32:00.918279+05:30,23419.95,23419.95,23419.95,23419.95,25000.0,0.1884,LOW_TOXICITY,8e-06,0.0475,HOLD,0,0,0.5,0.637,1,APPROVED
2026-09-21 12:32:02.900950+05:30,23422.25,23422.25,23422.25,23422.25,25000.0,0.1922,LOW_TOXICITY,1.4e-05,0.0448,HOLD,0,0,0.5,0.642,1,APPROVED
2026-09-21 12:32:08.494128+05:30,23420.45,23420.45,23420.45,23420.45,25000.0,0.2321,LOW_TOXICITY,9e-06,0.0475,HOLD,0,0,0.5,0.638,1,APPROVED
2026-09-21 12:33:01.511101+05:30,23416.75,23416.75,23416.75,23416.75,25000.0,0.1884,LOW_TOXICITY,-3e-06,0.0509,HOLD,0,0,0.5,0.631,1,APPROVED
2026-09-21 12:33:03.662363+05:30,23417.1,23417.1,23417.1,23417.1,25000.0,0.1922,LOW_TOXICITY,-2e-06,0.0569,HOLD,0,0,0.5,0.631,1,APPROVED
2026-09-21 12:33:03.411056+05:30,23416.8,23416.8,23416.8,23416.8,25000.0,0.2147,LOW_TOXICITY,-3e-06,0.0478,HOLD,0,0,0.5,0.631,1,APPROVED
2026-09-21 12:33:09.057647+05:30,23417.05,23417.05,23417.05,23417.05,25000.0,0.2321,LOW_TOXICITY,5e-06,0.0518,HOLD,0,0,0.5,0.631,1,APPROVED
2026-09-21 12:34:02.126124+05:30,23413.45,23413.45,23413.45,23413.45,25000.0,0.1884,LOW_TOXICITY,-5e-06,0.0528,HOLD,0,0,0.5,0.624,1,APPROVED
2026-09-21 12:34:04.305772+05:30,23410.5,23410.5,23410.5,23410.5,25000.0,0.1922,LOW_TOXICITY,-1.5e-05,0.0629,HOLD,0,0,0.5,0.618,1,APPROVED
2026-09-21 12:34:06.585423+05:30,23413.6,23413.6,23413.6,23413.6,25000.0,0.2147,LOW_TOXICITY,-8e-06,0.0498,HOLD,0,0,0.5,0.624,1,APPROVED
2026-09-21 12:34:09.706434+05:30,23413.55,23413.55,23413.55,23413.55,25000.0,0.2321,LOW_TOXICITY,-8e-06,0.0543,HOLD,0,0,0.5,0.624,1,APPROVED
2026-09-21 12:35:00.235561+05:30,23416.75,23416.75,23416.75,23416.75,25000.0,0.2321,LOW_TOXICITY,-8e-06,0.0539,HOLD,0,0,0.5,0.631,1,APPROVED
2026-09-21 12:35:02.746980+05:30,23415.65,23415.65,23415.65,23415.65,25000.0,0.1884,LOW_TOXICITY,-6e-06,0.0508,HOLD,0,0,0.5,0.628,1,APPROVED
2026-09-21 12:35:05.005420+05:30,23416.35,23416.35,23416.35,23416.35,25000.0,0.1922,LOW_TOXICITY,-4e-06,0.0661,HOLD,0,0,0.5,0.63,1,APPROVED
2026-09-21 12:35:09.822023+05:30,23416.0,23416.0,23416.0,23416.0,25000.0,0.2147,LOW_TOXICITY,-6e-06,0.0491,HOLD,0,0,0.5,0.629,1,APPROVED
2026-09-21 12:36:00.937365+05:30,23414.1,23414.1,23414.1,23414.1,25000.0,0.2321,LOW_TOXICITY,-8e-06,0.0532,HOLD,0,0,0.5,0.625,1,APPROVED
2026-09-21 12:36:02.463894+05:30,23414.55,23414.55,23414.55,23414.55,25000.0,0.2147,LOW_TOXICITY,-7e-06,0.0477,HOLD,0,0,0.5,0.626,1,APPROVED
2026-09-21 12:36:03.988283+05:30,23414.4,23414.4,23414.4,23414.4,25000.0,0.1884,LOW_TOXICITY,-7e-06,0.0485,HOLD,0,0,0.5,0.626,1,APPROVED
2026-09-21 12:36:05.645855+05:30,23414.95,23414.95,23414.95,23414.95,25000.0,0.1922,LOW_TOXICITY,-7e-06,0.0602,HOLD,0,0,0.5,0.627,1,APPROVED
2026-09-21 12:37:01.565229+05:30,23415.45,23415.45,23415.45,23415.45,25000.0,0.2321,LOW_TOXICITY,-1.2e-05,0.0497,HOLD,0,0,0.5,0.628,1,APPROVED
2026-09-21 12:37:04.590486+05:30,23414.95,23414.95,23414.95,23414.95,25000.0,0.1884,LOW_TOXICITY,-1.3e-05,0.0462,HOLD,0,0,0.5,0.627,1,APPROVED
2026-09-21 12:37:06.234343+05:30,23415.5,23415.5,23415.5,23415.5,25000.0,0.1922,LOW_TOXICITY,-1.2e-05,0.055,HOLD,0,0,0.5,0.628,1,APPROVED
2026-09-21 12:37:05.668954+05:30,23415.5,23415.5,23415.5,23415.5,25000.0,0.2147,LOW_TOXICITY,-1.1e-05,0.046,HOLD,0,0,0.5,0.628,1,APPROVED
2026-09-21 12:38:02.203228+05:30,23415.3,23415.3,23415.3,23415.3,25000.0,0.2321,LOW_TOXICITY,6e-06,0.0469,HOLD,0,0,0.5,0.628,1,APPROVED
2026-09-21 12:38:05.215875+05:30,23416.25,23416.25,23416.25,23416.25,25000.0,0.1884,LOW_TOXICITY,9e-06,0.0454,HOLD,0,0,0.5,0.63,1,APPROVED
2026-09-21 12:38:07.626500+05:30,23416.15,23416.15,23416.15,23416.15,25000.0,0.1922,LOW_TOXICITY,1.1e-05,0.051,HOLD,0,0,0.5,0.629,1,APPROVED
2026-09-21 12:38:09.944007+05:30,23415.85,23415.85,23415.85,23415.85,25000.0,0.2147,LOW_TOXICITY,7e-06,0.0461,HOLD,0,0,0.5,0.629,1,APPROVED
2026-09-21 12:39:02.806036+05:30,23415.25,23415.25,23415.25,23415.25,25000.0,0.2321,LOW_TOXICITY,1.1e-05,0.0452,HOLD,0,0,0.5,0.627,1,APPROVED
2026-09-21 12:39:02.629538+05:30,23415.2,23415.2,23415.2,23415.2,25000.0,0.2147,LOW_TOXICITY,9e-06,0.0453,HOLD,0,0,0.5,0.627,1,APPROVED
2026-09-21 12:39:05.959701+05:30,23414.5,23414.5,23414.5,23414.5,25000.0,0.1884,LOW_TOXICITY,6e-06,0.046,HOLD,0,0,0.5,0.626,1,APPROVED
2026-09-21 12:39:08.201320+05:30,23413.65,23413.65,23413.65,23413.65,25000.0,0.1922,LOW_TOXICITY,5e-06,0.0504,HOLD,0,0,0.5,0.624,1,APPROVED
2026-09-21 12:40:03.476781+05:30,23411.95,23411.95,23411.95,23411.95,25000.0,0.2321,LOW_TOXICITY,-7e-06,0.0502,HOLD,0,0,0.5,0.621,1,APPROVED
2026-09-21 12:40:05.839163+05:30,23413.55,23413.55,23413.55,23413.55,25000.0,0.2147,LOW_TOXICITY,0.0,0.0458,HOLD,0,0,0.5,0.624,1,APPROVED
2026-09-21 12:40:06.655569+05:30,23413.7,23413.7,23413.7,23413.7,25000.0,0.1884,LOW_TOXICITY,-4e-06,0.0451,HOLD,0,0,0.5,0.624,1,APPROVED
2026-09-21 12:40:08.869793+05:30,23413.05,23413.05,23413.05,23413.05,25000.0,0.1922,LOW_TOXICITY,-2e-06,0.0478,HOLD,0,0,0.5,0.623,1,APPROVED
2026-09-21 12:41:04.063857+05:30,23411.55,23411.55,23411.55,23411.55,25000.0,0.2321,LOW_TOXICITY,-1.2e-05,0.0473,HOLD,0,0,0.5,0.62,1,APPROVED
2026-09-21 12:41:07.261711+05:30,23411.8,23411.8,23411.8,23411.8,25000.0,0.1884,LOW_TOXICITY,-1.3e-05,0.0461,HOLD,0,0,0.5,0.62,1,APPROVED
2026-09-21 12:41:09.078246+05:30,23411.0,23411.0,23411.0,23411.0,25000.0,0.2147,LOW_TOXICITY,-1.2e-05,0.0476,HOLD,0,0,0.5,0.619,1,APPROVED
2026-09-21 12:41:09.507254+05:30,23411.0,23411.0,23411.0,23411.0,25000.0,0.1922,LOW_TOXICITY,-1.5e-05,0.0474,HOLD,0,0,0.5,0.619,1,APPROVED
2026-09-21 12:42:00.061626+05:30,23411.5,23411.5,23411.5,23411.5,25000.0,0.1922,LOW_TOXICITY,-1.5e-05,0.0453,HOLD,0,0,0.5,0.62,1,APPROVED
2026-09-21 12:42:01.696789+05:30,23410.9,23410.9,23410.9,23410.9,25000.0,0.2147,LOW_TOXICITY,-1.8e-05,0.0461,HOLD,0,0,0.5,0.618,1,APPROVED
2026-09-21 12:42:04.646816+05:30,23411.75,23411.75,23411.75,23411.75,25000.0,0.2321,LOW_TOXICITY,-1.5e-05,0.0454,HOLD,0,0,0.5,0.62,1,APPROVED
2026-09-21 12:42:07.941622+05:30,23411.75,23411.75,23411.75,23411.75,25000.0,0.1884,LOW_TOXICITY,-1.4e-05,0.0447,HOLD,0,0,0.5,0.62,1,APPROVED
2026-09-21 12:43:00.645742+05:30,23411.65,23411.65,23411.65,23411.65,25000.0,0.1922,LOW_TOXICITY,-1.7e-05,0.0438,HOLD,0,0,0.5,0.62,1,APPROVED
2026-09-21 12:43:05.303021+05:30,23410.65,23410.65,23410.65,23410.65,25000.0,0.2321,LOW_TOXICITY,-1.6e-05,0.0451,HOLD,0,0,0.5,0.618,1,APPROVED
2026-09-21 12:43:04.929783+05:30,23410.65,23410.65,23410.65,23410.65,25000.0,0.2081,LOW_TOXICITY,-1.9e-05,0.0451,HOLD,0,0,0.5,0.618,1,APPROVED
2026-09-21 12:43:08.541086+05:30,23411.5,23411.5,23411.5,23411.5,25000.0,0.1884,LOW_TOXICITY,-1.7e-05,0.0439,HOLD,0,0,0.5,0.62,1,APPROVED
2026-09-21 12:44:01.288855+05:30,23410.4,23410.4,23410.4,23410.4,25000.0,0.1922,LOW_TOXICITY,-2.4e-05,0.045,HOLD,0,0,0.5,0.617,1,APPROVED
2026-09-21 12:44:05.930775+05:30,23412.35,23412.35,23412.35,23412.35,25000.0,0.2321,LOW_TOXICITY,-2.1e-05,0.045,HOLD,0,0,0.5,0.621,1,APPROVED
2026-09-21 12:44:08.115099+05:30,23412.25,23412.25,23412.25,23412.25,25000.0,0.2081,LOW_TOXICITY,-1.9e-05,0.0452,HOLD,0,0,0.5,0.621,1,APPROVED
2026-09-21 12:44:09.137486+05:30,23411.85,23411.85,23411.85,23411.85,25000.0,0.1884,LOW_TOXICITY,-2e-05,0.0434,HOLD,0,0,0.5,0.62,1,APPROVED
2026-09-21 12:45:00.774724+05:30,23413.95,23413.95,23413.95,23413.95,25000.0,0.2081,LOW_TOXICITY,-2e-05,0.0454,HOLD,0,0,0.5,0.625,1,APPROVED
2026-09-21 12:45:01.944631+05:30,23414.5,23414.5,23414.5,23414.5,25000.0,0.1922,LOW_TOXICITY,-1.6e-05,0.0519,HOLD,0,0,0.5,0.626,1,APPROVED
2026-09-21 12:45:06.587812+05:30,23415.95,23415.95,23415.95,23415.95,25000.0,0.2321,LOW_TOXICITY,-1.4e-05,0.0499,HOLD,0,0,0.5,0.629,1,APPROVED
2026-09-21 12:45:09.760248+05:30,23415.95,23415.95,23415.95,23415.95,25000.0,0.1884,LOW_TOXICITY,-1.6e-05,0.0489,HOLD,0,0,0.5,0.629,1,APPROVED
2026-09-21 12:46:00.235347+05:30,23416.35,23416.35,23416.35,23416.35,25000.0,0.1884,LOW_TOXICITY,-1.7e-05,0.047,HOLD,0,0,0.5,0.63,1,APPROVED
2026-09-21 12:46:02.554198+05:30,23415.5,23415.5,23415.5,23415.5,25000.0,0.1922,LOW_TOXICITY,-1.8e-05,0.0486,HOLD,0,0,0.5,0.628,1,APPROVED
2026-09-21 12:46:03.994217+05:30,23415.8,23415.8,23415.8,23415.8,25000.0,0.2081,LOW_TOXICITY,-1.8e-05,0.0457,HOLD,0,0,0.5,0.629,1,APPROVED
2026-09-21 12:46:07.174122+05:30,23415.95,23415.95,23415.95,23415.95,25000.0,0.2321,LOW_TOXICITY,-1.9e-05,0.0469,HOLD,0,0,0.5,0.629,1,APPROVED
2026-09-21 12:47:00.803522+05:30,23413.4,23413.4,23413.4,23413.4,25000.0,0.1884,LOW_TOXICITY,-1.9e-05,0.049,HOLD,0,0,0.5,0.624,1,APPROVED
2026-09-21 12:47:03.257117+05:30,23413.8,23413.8,23413.8,23413.8,25000.0,0.1922,LOW_TOXICITY,-2.4e-05,0.048,HOLD,0,0,0.5,0.624,1,APPROVED
2026-09-21 12:47:07.122490+05:30,23415.2,23415.2,23415.2,23415.2,25000.0,0.2081,LOW_TOXICITY,-1.2e-05,0.045,HOLD,0,0,0.5,0.627,1,APPROVED
2026-09-21 12:47:08.389478+05:30,23413.85,23413.85,23413.85,23413.85,25000.0,0.2321,LOW_TOXICITY,-1.9e-05,0.0477,HOLD,0,0,0.5,0.625,1,APPROVED
2026-09-21 12:48:01.406088+05:30,23413.9,23413.9,23413.9,23413.9,25000.0,0.1884,LOW_TOXICITY,-8e-06,0.0471,HOLD,0,0,0.5,0.625,1,APPROVED
2026-09-21 12:48:03.824742+05:30,23413.95,23413.95,23413.95,23413.95,25000.0,0.1922,LOW_TOXICITY,-9e-06,0.0459,HOLD,0,0,0.5,0.625,1,APPROVED
2026-09-21 12:48:08.956329+05:30,23413.35,23413.35,23413.35,23413.35,25000.0,0.2321,LOW_TOXICITY,-1.1e-05,0.0457,HOLD,0,0,0.5,0.623,1,APPROVED
2026-09-21 12:48:10.328341+05:30,23413.55,23413.55,23413.55,23413.55,25000.0,0.2081,LOW_TOXICITY,-9e-06,0.0435,HOLD,0,0,0.5,0.624,1,APPROVED
2026-09-21 12:49:02.012930+05:30,23413.45,23413.45,23413.45,23413.45,25000.0,0.1884,LOW_TOXICITY,-0.0,0.0458,HOLD,0,0,0.5,0.624,1,APPROVED
2026-09-21 12:49:03.016748+05:30,23413.0,23413.0,23413.0,23413.0,25000.0,0.2081,LOW_TOXICITY,-2e-06,0.0428,HOLD,0,0,0.5,0.623,1,APPROVED
2026-09-21 12:49:04.438928+05:30,23412.15,23412.15,23412.15,23412.15,25000.0,0.1922,LOW_TOXICITY,5e-06,0.0465,HOLD,0,0,0.5,0.621,1,APPROVED
2026-09-21 12:49:09.558998+05:30,23413.15,23413.15,23413.15,23413.15,25000.0,0.2321,LOW_TOXICITY,-1e-06,0.0444,HOLD,0,0,0.5,0.623,1,APPROVED
2026-09-21 12:50:00.072062+05:30,23412.0,23412.0,23412.0,23412.0,25000.0,0.2321,LOW_TOXICITY,-1.4e-05,0.0445,HOLD,0,0,0.5,0.621,1,APPROVED
2026-09-21 12:50:02.596255+05:30,23412.0,23412.0,23412.0,23412.0,25000.0,0.1884,LOW_TOXICITY,-1e-05,0.0456,HOLD,0,0,0.5,0.621,1,APPROVED
2026-09-21 12:50:05.052377+05:30,23412.55,23412.55,23412.55,23412.55,25000.0,0.1922,LOW_TOXICITY,-1.1e-05,0.0451,HOLD,0,0,0.5,0.622,1,APPROVED
2026-09-21 12:50:06.217631+05:30,23413.05,23413.05,23413.05,23413.05,25000.0,0.2081,LOW_TOXICITY,-8e-06,0.0422,HOLD,0,0,0.5,0.623,1,APPROVED
2026-09-21 12:51:00.672152+05:30,23412.55,23412.55,23412.55,23412.55,25000.0,0.2321,LOW_TOXICITY,-4e-06,0.0436,HOLD,0,0,0.5,0.622,1,APPROVED
2026-09-21 12:51:04.137531+05:30,23412.4,23412.4,23412.4,23412.4,25000.0,0.1884,LOW_TOXICITY,-6e-06,0.0446,HOLD,0,0,0.5,0.621,1,APPROVED
2026-09-21 12:51:05.655247+05:30,23413.1,23413.1,23413.1,23413.1,25000.0,0.1922,LOW_TOXICITY,-5e-06,0.0442,HOLD,0,0,0.5,0.623,1,APPROVED
2026-09-21 12:51:09.406901+05:30,23412.2,23412.2,23412.2,23412.2,25000.0,0.2081,LOW_TOXICITY,-7e-06,0.0421,HOLD,0,0,0.5,0.621,1,APPROVED
2026-09-21 12:52:01.279092+05:30,23414.8,23414.8,23414.8,23414.8,25000.0,0.2321,LOW_TOXICITY,-2e-06,0.0454,HOLD,0,0,0.5,0.627,1,APPROVED
2026-09-21 12:52:02.061796+05:30,23414.55,23414.55,23414.55,23414.55,25000.0,0.2081,LOW_TOXICITY,-3e-06,0.0436,HOLD,0,0,0.5,0.626,1,APPROVED
2026-09-21 12:52:04.899533+05:30,23414.85,23414.85,23414.85,23414.85,25000.0,0.1884,LOW_TOXICITY,-0.0,0.0459,HOLD,0,0,0.5,0.627,1,APPROVED
2026-09-21 12:52:06.278601+05:30,23414.3,23414.3,23414.3,23414.3,25000.0,0.1922,LOW_TOXICITY,-3e-06,0.0443,HOLD,0,0,0.5,0.625,1,APPROVED
2026-09-21 12:53:01.923151+05:30,23411.25,23411.25,23411.25,23411.25,25000.0,0.2321,LOW_TOXICITY,-1.2e-05,0.051,HOLD,0,0,0.5,0.619,1,APPROVED
2026-09-21 12:53:05.522536+05:30,23411.0,23411.0,23411.0,23411.0,25000.0,0.1884,LOW_TOXICITY,-1.5e-05,0.0506,HOLD,0,0,0.5,0.619,1,APPROVED
2026-09-21 12:53:06.064397+05:30,23411.85,23411.85,23411.85,23411.85,25000.0,0.2081,LOW_TOXICITY,-1.1e-05,0.0458,HOLD,0,0,0.5,0.62,1,APPROVED
2026-09-21 12:53:07.519052+05:30,23411.1,23411.1,23411.1,23411.1,25000.0,0.1922,LOW_TOXICITY,-1.4e-05,0.0493,HOLD,0,0,0.5,0.619,1,APPROVED
2026-09-21 12:54:02.515946+05:30,23414.2,23414.2,23414.2,23414.2,25000.0,0.2321,LOW_TOXICITY,-3e-06,0.0509,HOLD,0,0,0.5,0.625,1,APPROVED
2026-09-21 12:54:06.199938+05:30,23415.45,23415.45,23415.45,23415.45,25000.0,0.1884,LOW_TOXICITY,3e-06,0.0561,HOLD,0,0,0.5,0.628,1,APPROVED
2026-09-21 12:54:08.142663+05:30,23415.35,23415.35,23415.35,23415.35,25000.0,0.1922,LOW_TOXICITY,5e-06,0.0516,HOLD,0,0,0.5,0.628,1,APPROVED
2026-09-21 12:54:09.221109+05:30,23416.15,23416.15,23416.15,23416.15,25000.0,0.2081,LOW_TOXICITY,3e-06,0.0506,HOLD,0,0,0.5,0.629,1,APPROVED
2026-09-21 12:55:01.871100+05:30,23415.15,23415.15,23415.15,23415.15,25000.0,0.2081,LOW_TOXICITY,5e-06,0.0482,HOLD,0,0,0.5,0.627,1,APPROVED
2026-09-21 12:55:03.146532+05:30,23415.05,23415.05,23415.05,23415.05,25000.0,0.2321,LOW_TOXICITY,9e-06,0.0476,HOLD,0,0,0.5,0.627,1,APPROVED
2026-09-21 12:55:06.843209+05:30,23415.5,23415.5,23415.5,23415.5,25000.0,0.1884,LOW_TOXICITY,5e-06,0.0508,HOLD,0,0,0.5,0.628,1,APPROVED
2026-09-21 12:55:08.791168+05:30,23416.05,23416.05,23416.05,23416.05,25000.0,0.1922,LOW_TOXICITY,9e-06,0.0489,HOLD,0,0,0.5,0.629,1,APPROVED
2026-09-21 12:56:03.722767+05:30,23414.7,23414.7,23414.7,23414.7,25000.0,0.2321,LOW_TOXICITY,9e-06,0.0454,HOLD,0,0,0.5,0.626,1,APPROVED
2026-09-21 12:56:05.074205+05:30,23413.55,23413.55,23413.55,23413.55,25000.0,0.2081,LOW_TOXICITY,7e-06,0.0472,HOLD,0,0,0.5,0.624,1,APPROVED
2026-09-21 12:56:07.464471+05:30,23415.6,23415.6,23415.6,23415.6,25000.0,0.1884,LOW_TOXICITY,1.1e-05,0.0474,HOLD,0,0,0.5,0.628,1,APPROVED
2026-09-21 12:56:09.377732+05:30,23415.4,23415.4,23415.4,23415.4,25000.0,0.1922,LOW_TOXICITY,1.3e-05,0.0471,HOLD,0,0,0.5,0.628,1,APPROVED
2026-09-21 12:57:00.107800+05:30,23416.95,23416.95,23416.95,23416.95,25000.0,0.1922,LOW_TOXICITY,1.6e-05,0.0462,HOLD,0,0,0.5,0.631,1,APPROVED
2026-09-21 12:57:04.878456+05:30,23414.85,23414.85,23414.85,23414.85,25000.0,0.2321,LOW_TOXICITY,9e-06,0.044,HOLD,0,0,0.5,0.627,1,APPROVED
2026-09-21 12:57:08.270768+05:30,23414.8,23414.8,23414.8,23414.8,25000.0,0.2081,LOW_TOXICITY,1.1e-05,0.0457,HOLD,0,0,0.5,0.627,1,APPROVED
2026-09-21 12:57:09.426848+05:30,23415.25,23415.25,23415.25,23415.25,25000.0,0.1884,LOW_TOXICITY,1e-05,0.0452,HOLD,0,0,0.5,0.627,1,APPROVED
2026-09-21 12:58:00.672321+05:30,23415.0,23415.0,23415.0,23415.0,25000.0,0.1922,LOW_TOXICITY,1e-05,0.0466,HOLD,0,0,0.5,0.627,1,APPROVED
2026-09-21 12:58:00.940028+05:30,23415.5,23415.5,23415.5,23415.5,25000.0,0.2081,LOW_TOXICITY,1.4e-05,0.0453,HOLD,0,0,0.5,0.628,1,APPROVED
2026-09-21 12:58:05.561580+05:30,23414.3,23414.3,23414.3,23414.3,25000.0,0.2321,LOW_TOXICITY,1e-05,0.0433,HOLD,0,0,0.5,0.625,1,APPROVED
2026-09-21 12:58:10.048061+05:30,23414.7,23414.7,23414.7,23414.7,25000.0,0.1884,LOW_TOXICITY,9e-06,0.044,HOLD,0,0,0.5,0.626,1,APPROVED
2026-09-21 12:59:00.581063+05:30,23413.9,23413.9,23413.9,23413.9,25000.0,0.1884,LOW_TOXICITY,6e-06,0.0435,HOLD,0,0,0.5,0.625,1,APPROVED
2026-09-21 12:59:01.300557+05:30,23413.75,23413.75,23413.75,23413.75,25000.0,0.1922,LOW_TOXICITY,1e-05,0.0459,HOLD,0,0,0.5,0.624,1,APPROVED
2026-09-21 12:59:04.199556+05:30,23414.5,23414.5,23414.5,23414.5,25000.0,0.2081,LOW_TOXICITY,6e-06,0.0447,HOLD,0,0,0.5,0.626,1,APPROVED
2026-09-21 12:59:06.259444+05:30,23413.95,23413.95,23413.95,23413.95,25000.0,0.2321,LOW_TOXICITY,5e-06,0.0428,HOLD,0,0,0.5,0.625,1,APPROVED
2026-09-21 13:00:01.225679+05:30,23412.6,23412.6,23412.6,23412.6,25000.0,0.1884,LOW_TOXICITY,-1e-05,0.0438,HOLD,0,0,0.5,0.622,1,APPROVED
2026-09-21 13:00:01.890175+05:30,23412.85,23412.85,23412.85,23412.85,25000.0,0.1922,LOW_TOXICITY,-5e-06,0.0451,HOLD,0,0,0.5,0.622,1,APPROVED
2026-09-21 13:00:06.918752+05:30,23412.75,23412.75,23412.75,23412.75,25000.0,0.2321,LOW_TOXICITY,-9e-06,0.0434,HOLD,0,0,0.5,0.622,1,APPROVED
2026-09-21 13:00:07.377620+05:30,23412.7,23412.7,23412.7,23412.7,25000.0,0.2081,LOW_TOXICITY,-4e-06,0.0452,HOLD,0,0,0.5,0.622,1,APPROVED
2026-09-21 13:01:00.058592+05:30,23410.8,23410.8,23410.8,23410.8,25000.0,0.2081,LOW_TOXICITY,-1.4e-05,0.0457,HOLD,0,0,0.5,0.618,1,APPROVED
2026-09-21 13:01:01.867705+05:30,23411.4,23411.4,23411.4,23411.4,25000.0,0.1884,LOW_TOXICITY,-1.4e-05,0.0439,HOLD,0,0,0.5,0.619,1,APPROVED
2026-09-21 13:01:02.492113+05:30,23411.2,23411.2,23411.2,23411.2,25000.0,0.1922,LOW_TOXICITY,-1.2e-05,0.0453,HOLD,0,0,0.5,0.619,1,APPROVED
2026-09-21 13:01:07.707873+05:30,23411.05,23411.05,23411.05,23411.05,25000.0,0.2321,LOW_TOXICITY,-1.4e-05,0.0446,HOLD,0,0,0.5,0.619,1,APPROVED
2026-09-21 13:02:02.585258+05:30,23412.45,23412.45,23412.45,23412.45,25000.0,0.1884,LOW_TOXICITY,-3e-06,0.0434,HOLD,0,0,0.5,0.622,1,APPROVED
2026-09-21 13:02:03.223945+05:30,23412.0,23412.0,23412.0,23412.0,25000.0,0.1922,LOW_TOXICITY,-5e-06,0.0444,HOLD,0,0,0.5,0.621,1,APPROVED
2026-09-21 13:02:03.376232+05:30,23412.15,23412.15,23412.15,23412.15,25000.0,0.2081,LOW_TOXICITY,-9e-06,0.045,HOLD,0,0,0.5,0.621,1,APPROVED
2026-09-21 13:02:08.981705+05:30,23412.75,23412.75,23412.75,23412.75,25000.0,0.2321,LOW_TOXICITY,-3e-06,0.0447,HOLD,0,0,0.5,0.622,1,APPROVED
2026-09-21 13:03:03.160776+05:30,23414.25,23414.25,23414.25,23414.25,25000.0,0.1884,LOW_TOXICITY,1e-06,0.0441,HOLD,0,0,0.5,0.625,1,APPROVED
2026-09-21 13:03:03.804855+05:30,23413.95,23413.95,23413.95,23413.95,25000.0,0.1922,LOW_TOXICITY,-0.0,0.0448,HOLD,0,0,0.5,0.625,1,APPROVED
2026-09-21 13:03:06.690208+05:30,23413.95,23413.95,23413.95,23413.95,25000.0,0.2081,LOW_TOXICITY,1e-06,0.0451,HOLD,0,0,0.5,0.625,1,APPROVED
2026-09-21 13:03:09.559925+05:30,23411.7,23411.7,23411.7,23411.7,25000.0,0.2321,LOW_TOXICITY,-5e-06,0.0443,HOLD,0,0,0.5,0.62,1,APPROVED
2026-09-21 13:04:00.069731+05:30,23407.15,23407.15,23407.15,23407.15,25000.0,0.2321,LOW_TOXICITY,-1.7e-05,0.0512,HOLD,0,0,0.5,0.61,1,APPROVED
2026-09-21 13:04:03.773380+05:30,23407.8,23407.8,23407.8,23407.8,25000.0,0.1884,LOW_TOXICITY,-1.6e-05,0.0619,HOLD,0,0,0.5,0.612,1,APPROVED
2026-09-21 13:04:04.435699+05:30,23407.7,23407.7,23407.7,23407.7,25000.0,0.1922,LOW_TOXICITY,-1.3e-05,0.062,HOLD,0,0,0.5,0.612,1,APPROVED
2026-09-21 13:04:09.997114+05:30,23406.95,23406.95,23406.95,23406.95,25000.0,0.2081,LOW_TOXICITY,-1.7e-05,0.0612,HOLD,0,0,0.5,0.61,1,APPROVED
2026-09-21 13:05:00.683529+05:30,23405.75,23405.75,23405.75,23405.75,25000.0,0.2321,LOW_TOXICITY,-1.8e-05,0.0492,HOLD,0,0,0.5,0.608,1,APPROVED
2026-09-21 13:05:02.705839+05:30,23406.35,23406.35,23406.35,23406.35,25000.0,0.2081,LOW_TOXICITY,-1.9e-05,0.0561,HOLD,0,0,0.5,0.609,1,APPROVED
2026-09-21 13:05:04.386236+05:30,23406.45,23406.45,23406.45,23406.45,25000.0,0.1884,LOW_TOXICITY,-1.6e-05,0.0555,HOLD,0,0,0.5,0.609,1,APPROVED
2026-09-21 13:05:05.103964+05:30,23406.65,23406.65,23406.65,23406.65,25000.0,0.1922,LOW_TOXICITY,-1.7e-05,0.0552,HOLD,0,0,0.5,0.609,1,APPROVED
2026-09-21 13:06:01.283454+05:30,23407.8,23407.8,23407.8,23407.8,25000.0,0.2321,LOW_TOXICITY,-1.4e-05,0.0481,HOLD,0,0,0.5,0.612,1,APPROVED
2026-09-21 13:06:05.520166+05:30,23406.75,23406.75,23406.75,23406.75,25000.0,0.1884,LOW_TOXICITY,-1.6e-05,0.0503,HOLD,0,0,0.5,0.61,1,APPROVED
2026-09-21 13:06:05.660590+05:30,23406.75,23406.75,23406.75,23406.75,25000.0,0.1922,LOW_TOXICITY,-1.8e-05,0.0502,HOLD,0,0,0.5,0.61,1,APPROVED
2026-09-21 13:06:06.006108+05:30,23407.6,23407.6,23407.6,23407.6,25000.0,0.2081,LOW_TOXICITY,-1.3e-05,0.0525,HOLD,0,0,0.5,0.611,1,APPROVED
2026-09-21 13:07:01.929222+05:30,23409.45,23409.45,23409.45,23409.45,25000.0,0.2321,LOW_TOXICITY,-1.5e-05,0.0469,HOLD,0,0,0.5,0.615,1,APPROVED
2026-09-21 13:07:06.146154+05:30,23409.5,23409.5,23409.5,23409.5,25000.0,0.1884,LOW_TOXICITY,-1.5e-05,0.0502,HOLD,0,0,0.5,0.615,1,APPROVED
2026-09-21 13:07:06.354026+05:30,23409.45,23409.45,23409.45,23409.45,25000.0,0.1922,LOW_TOXICITY,-1.4e-05,0.0502,HOLD,0,0,0.5,0.615,1,APPROVED
2026-09-21 13:07:09.196998+05:30,23408.3,23408.3,23408.3,23408.3,25000.0,0.2081,LOW_TOXICITY,-1.8e-05,0.0495,HOLD,0,0,0.5,0.613,1,APPROVED
2026-09-21 13:08:02.521381+05:30,23402.35,23402.35,23402.35,23402.35,25000.0,0.2321,LOW_TOXICITY,-2.5e-05,0.0623,HOLD,0,0,0.5,0.6,1,APPROVED
2026-09-21 13:08:02.710578+05:30,23402.1,23402.1,23402.1,23402.1,25000.0,0.2081,LOW_TOXICITY,-2.8e-05,0.0591,HOLD,0,0,0.5,0.6,1,APPROVED
2026-09-21 13:08:06.758558+05:30,23403.25,23403.25,23403.25,23403.25,25000.0,0.1884,LOW_TOXICITY,-2.2e-05,0.0638,HOLD,0,0,0.5,0.602,1,APPROVED
2026-09-21 13:08:07.953738+05:30,23403.7,23403.7,23403.7,23403.7,25000.0,0.1922,LOW_TOXICITY,-2.1e-05,0.0619,HOLD,0,0,0.5,0.603,1,APPROVED
2026-09-21 13:09:03.172214+05:30,23404.05,23404.05,23404.05,23404.05,25000.0,0.2321,LOW_TOXICITY,-2.9e-05,0.0573,HOLD,0,0,0.5,0.604,1,APPROVED
2026-09-21 13:09:05.970681+05:30,23403.9,23403.9,23403.9,23403.9,25000.0,0.2081,LOW_TOXICITY,-3.5e-05,0.0557,HOLD,0,0,0.5,0.604,1,APPROVED
2026-09-21 13:09:07.347528+05:30,23404.25,23404.25,23404.25,23404.25,25000.0,0.1884,LOW_TOXICITY,-3.2e-05,0.0562,HOLD,0,0,0.5,0.604,1,APPROVED
2026-09-21 13:09:08.682010+05:30,23404.15,23404.15,23404.15,23404.15,25000.0,0.1922,LOW_TOXICITY,-3.2e-05,0.0546,HOLD,0,0,0.5,0.604,1,APPROVED
2026-09-21 13:10:03.742400+05:30,23398.75,23398.75,23398.75,23398.75,25000.0,0.2321,LOW_TOXICITY,-4.6e-05,0.0619,HOLD,0,0,0.5,0.593,1,APPROVED
2026-09-21 13:10:07.945526+05:30,23398.1,23398.1,23398.1,23398.1,25000.0,0.1884,LOW_TOXICITY,-5e-05,0.0663,HOLD,0,0,0.5,0.592,1,APPROVED
2026-09-21 13:10:09.321996+05:30,23398.95,23398.95,23398.95,23398.95,25000.0,0.1922,LOW_TOXICITY,-4.9e-05,0.0618,HOLD,0,0,0.5,0.593,1,APPROVED
2026-09-21 13:10:09.191721+05:30,23398.8,23398.8,23398.8,23398.8,25000.0,0.2081,LOW_TOXICITY,-4.7e-05,0.0598,HOLD,0,0,0.5,0.593,1,APPROVED
2026-09-21 13:11:01.918015+05:30,23403.25,23403.25,23403.25,23403.25,25000.0,0.2081,LOW_TOXICITY,-2.9e-05,0.0605,HOLD,0,0,0.5,0.602,1,APPROVED
2026-09-21 13:11:04.328308+05:30,23403.05,23403.05,23403.05,23403.05,25000.0,0.2321,LOW_TOXICITY,-3.3e-05,0.0613,HOLD,0,0,0.5,0.602,1,APPROVED
2026-09-21 13:11:08.561801+05:30,23403.05,23403.05,23403.05,23403.05,25000.0,0.1884,LOW_TOXICITY,-3.6e-05,0.0663,HOLD,0,0,0.5,0.602,1,APPROVED
2026-09-21 13:11:09.940354+05:30,23404.35,23404.35,23404.35,23404.35,25000.0,0.1922,LOW_TOXICITY,-3.1e-05,0.0654,HOLD,0,0,0.5,0.605,1,APPROVED
2026-09-21 13:12:00.465326+05:30,23402.0,23402.0,23402.0,23402.0,25000.0,0.1922,LOW_TOXICITY,-4.3e-05,0.0594,HOLD,0,0,0.5,0.6,1,APPROVED
2026-09-21 13:12:04.922328+05:30,23402.15,23402.15,23402.15,23402.15,25000.0,0.2321,LOW_TOXICITY,-3.6e-05,0.0562,HOLD,0,0,0.5,0.6,1,APPROVED
2026-09-21 13:12:05.124344+05:30,23402.3,23402.3,23402.3,23402.3,25000.0,0.2081,LOW_TOXICITY,-3.6e-05,0.0563,HOLD,0,0,0.5,0.6,1,APPROVED
2026-09-21 13:12:09.276765+05:30,23403.05,23403.05,23403.05,23403.05,25000.0,0.1884,LOW_TOXICITY,-3.5e-05,0.0576,HOLD,0,0,0.5,0.602,1,APPROVED
2026-09-21 13:13:01.083512+05:30,23404.85,23404.85,23404.85,23404.85,25000.0,0.1922,LOW_TOXICITY,-2.9e-05,0.0561,HOLD,0,0,0.5,0.606,1,APPROVED
2026-09-21 13:13:05.537232+05:30,23405.0,23405.0,23405.0,23405.0,25000.0,0.2321,LOW_TOXICITY,-2.6e-05,0.0543,HOLD,0,0,0.5,0.606,1,APPROVED
2026-09-21 13:13:08.358577+05:30,23404.8,23404.8,23404.8,23404.8,25000.0,0.2081,LOW_TOXICITY,-3e-05,0.0543,HOLD,0,0,0.5,0.606,1,APPROVED
2026-09-21 13:13:09.908694+05:30,23405.6,23405.6,23405.6,23405.6,25000.0,0.1884,LOW_TOXICITY,-2.6e-05,0.0542,HOLD,0,0,0.5,0.607,1,APPROVED
2026-09-21 13:14:00.417534+05:30,23408.2,23408.2,23408.2,23408.2,25000.0,0.1884,LOW_TOXICITY,-1.6e-05,0.0529,HOLD,0,0,0.5,0.613,1,APPROVED
2026-09-21 13:14:01.096091+05:30,23408.5,23408.5,23408.5,23408.5,25000.0,0.2081,LOW_TOXICITY,-1.7e-05,0.0549,HOLD,0,0,0.5,0.613,1,APPROVED
2026-09-21 13:14:01.672822+05:30,23409.1,23409.1,23409.1,23409.1,25000.0,0.1922,LOW_TOXICITY,-1.3e-05,0.058,HOLD,0,0,0.5,0.615,1,APPROVED
2026-09-21 13:14:06.175192+05:30,23408.15,23408.15,23408.15,23408.15,25000.0,0.2321,LOW_TOXICITY,-1.7e-05,0.0548,HOLD,0,0,0.5,0.613,1,APPROVED
2026-09-21 13:15:01.066897+05:30,23410.15,23410.15,23410.15,23410.15,25000.0,0.1884,LOW_TOXICITY,-7e-06,0.0503,HOLD,0,0,0.5,0.617,1,APPROVED
2026-09-21 13:15:02.272971+05:30,23410.55,23410.55,23410.55,23410.55,25000.0,0.1922,LOW_TOXICITY,-7e-06,0.054,HOLD,0,0,0.5,0.618,1,APPROVED
2026-09-21 13:15:04.301442+05:30,23410.0,23410.0,23410.0,23410.0,25000.0,0.2081,LOW_TOXICITY,-8e-06,0.0522,HOLD,0,0,0.5,0.616,1,APPROVED
2026-09-21 13:15:06.820659+05:30,23410.75,23410.75,23410.75,23410.75,25000.0,0.2321,LOW_TOXICITY,-6e-06,0.0532,HOLD,0,0,0.5,0.618,1,APPROVED
2026-09-21 13:16:01.830474+05:30,23416.4,23416.4,23416.4,23416.4,25000.0,0.1884,LOW_TOXICITY,1.4e-05,0.0622,HOLD,0,0,0.5,0.63,1,APPROVED
2026-09-21 13:16:02.878994+05:30,23416.45,23416.45,23416.45,23416.45,25000.0,0.1922,LOW_TOXICITY,1.5e-05,0.0609,HOLD,0,0,0.5,0.63,1,APPROVED
2026-09-21 13:16:07.492309+05:30,23418.15,23418.15,23418.15,23418.15,25000.0,0.2081,LOW_TOXICITY,2.1e-05,0.0667,HOLD,0,0,0.5,0.634,1,APPROVED
2026-09-21 13:16:07.445287+05:30,23417.9,23417.9,23417.9,23417.9,25000.0,0.2321,LOW_TOXICITY,2e-05,0.0648,HOLD,0,0,0.5,0.633,1,APPROVED
2026-09-21 13:17:00.326678+05:30,23418.7,23418.7,23418.7,23418.7,25000.0,0.2081,LOW_TOXICITY,1.9e-05,0.061,HOLD,0,0,0.5,0.635,1,APPROVED
2026-09-21 13:17:02.474393+05:30,23418.8,23418.8,23418.8,23418.8,25000.0,0.1884,LOW_TOXICITY,1.8e-05,0.0572,HOLD,0,0,0.5,0.635,1,APPROVED
2026-09-21 13:17:03.489700+05:30,23418.2,23418.2,23418.2,23418.2,25000.0,0.1922,LOW_TOXICITY,1.8e-05,0.0564,HOLD,0,0,0.5,0.634,1,APPROVED
2026-09-21 13:17:09.444125+05:30,23418.3,23418.3,23418.3,23418.3,25000.0,0.2321,LOW_TOXICITY,1.6e-05,0.0588,HOLD,0,0,0.5,0.634,1,APPROVED
2026-09-21 13:18:00.009583+05:30,23418.7,23418.7,23418.7,23418.7,25000.0,0.2321,LOW_TOXICITY,2e-05,0.0543,HOLD,0,0,0.5,0.635,1,APPROVED
2026-09-21 13:18:03.219057+05:30,23418.1,23418.1,23418.1,23418.1,25000.0,0.1884,LOW_TOXICITY,1.1e-05,0.052,HOLD,0,0,0.5,0.633,1,APPROVED
2026-09-21 13:18:04.114036+05:30,23418.05,23418.05,23418.05,23418.05,25000.0,0.1922,LOW_TOXICITY,1.2e-05,0.0522,HOLD,0,0,0.5,0.633,1,APPROVED
2026-09-21 13:18:03.745737+05:30,23418.2,23418.2,23418.2,23418.2,25000.0,0.2081,LOW_TOXICITY,1.2e-05,0.0558,HOLD,0,0,0.5,0.634,1,APPROVED
2026-09-21 13:19:00.598036+05:30,23420.35,23420.35,23420.35,23420.35,25000.0,0.2321,LOW_TOXICITY,3.8e-05,0.0516,HOLD,0,0,0.5,0.638,1,APPROVED
2026-09-21 13:19:03.795754+05:30,23419.4,23419.4,23419.4,23419.4,25000.0,0.1884,LOW_TOXICITY,3.3e-05,0.0489,HOLD,0,0,0.5,0.636,1,APPROVED
2026-09-21 13:19:04.738991+05:30,23421.45,23421.45,23421.45,23421.45,25000.0,0.1922,LOW_TOXICITY,3.9e-05,0.0527,HOLD,0,0,0.5,0.64,1,APPROVED
2026-09-21 13:19:07.037071+05:30,23421.85,23421.85,23421.85,23421.85,25000.0,0.2081,LOW_TOXICITY,4.2e-05,0.0556,HOLD,0,0,0.5,0.641,1,APPROVED
2026-09-21 13:20:01.208645+05:30,23423.6,23423.6,23423.6,23423.6,25000.0,0.2321,LOW_TOXICITY,5.1e-05,0.0521,HOLD,0,0,0.5,0.645,1,APPROVED
2026-09-21 13:20:04.392194+05:30,23424.35,23424.35,23424.35,23424.35,25000.0,0.1884,LOW_TOXICITY,5.1e-05,0.0562,HOLD,0,0,0.5,0.647,1,APPROVED
2026-09-21 13:20:05.357352+05:30,23423.85,23423.85,23423.85,23423.85,25000.0,0.1922,LOW_TOXICITY,4.9e-05,0.0513,HOLD,0,0,0.5,0.646,1,APPROVED
2026-09-21 13:20:10.357241+05:30,23424.7,23424.7,23424.7,23424.7,25000.0,0.2081,LOW_TOXICITY,5.2e-05,0.0543,HOLD,0,0,0.5,0.647,1,APPROVED
2026-09-21 13:21:01.794680+05:30,23426.7,23426.7,23426.7,23426.7,25000.0,0.2321,LOW_TOXICITY,5.4e-05,0.0522,HOLD,0,0,0.5,0.651,1,APPROVED
2026-09-21 13:21:03.112872+05:30,23422.9,23422.9,23422.9,23422.9,25000.0,0.2081,LOW_TOXICITY,4.4e-05,0.0523,HOLD,0,0,0.5,0.644,1,APPROVED
2026-09-21 13:21:05.887662+05:30,23424.0,23424.0,23424.0,23424.0,25000.0,0.1884,LOW_TOXICITY,4.9e-05,0.0512,HOLD,0,0,0.5,0.646,1,APPROVED
2026-09-21 13:21:05.922366+05:30,23424.0,23424.0,23424.0,23424.0,25000.0,0.1922,LOW_TOXICITY,4.9e-05,0.0483,HOLD,0,0,0.5,0.646,1,APPROVED
2026-09-21 13:22:02.505187+05:30,23425.05,23425.05,23425.05,23425.05,25000.0,0.2321,LOW_TOXICITY,4.4e-05,0.0505,HOLD,0,0,0.5,0.648,1,APPROVED
2026-09-21 13:22:06.530230+05:30,23426.1,23426.1,23426.1,23426.1,25000.0,0.1884,LOW_TOXICITY,4.7e-05,0.0495,HOLD,0,0,0.5,0.65,1,APPROVED
2026-09-21 13:22:06.530230+05:30,23426.1,23426.1,23426.1,23426.1,25000.0,0.1922,LOW_TOXICITY,4.7e-05,0.0476,HOLD,0,0,0.5,0.65,1,APPROVED
2026-09-21 13:22:06.309281+05:30,23425.85,23425.85,23425.85,23425.85,25000.0,0.2081,LOW_TOXICITY,5e-05,0.0518,HOLD,0,0,0.5,0.65,1,APPROVED
2026-09-21 13:23:00.003798+05:30,23426.15,23426.15,23426.15,23426.15,25000.0,0.2081,LOW_TOXICITY,6.8e-05,0.0494,HOLD,0,0,0.5,0.65,1,APPROVED
2026-09-21 13:23:03.100717+05:30,23425.6,23425.6,23425.6,23425.6,25000.0,0.2321,LOW_TOXICITY,6.6e-05,0.0481,HOLD,0,0,0.5,0.649,1,APPROVED
2026-09-21 13:23:07.127501+05:30,23427.55,23427.55,23427.55,23427.55,25000.0,0.1884,LOW_TOXICITY,6.9e-05,0.0474,HOLD,0,0,0.5,0.653,1,APPROVED
2026-09-21 13:23:08.243441+05:30,23428.3,23428.3,23428.3,23428.3,25000.0,0.1922,LOW_TOXICITY,7e-05,0.0473,HOLD,0,0,0.5,0.655,1,APPROVED
2026-09-21 13:24:03.207678+05:30,23426.45,23426.45,23426.45,23426.45,25000.0,0.2081,LOW_TOXICITY,6.4e-05,0.0474,HOLD,0,0,0.5,0.651,1,APPROVED
2026-09-21 13:24:03.752683+05:30,23426.5,23426.5,23426.5,23426.5,25000.0,0.2321,LOW_TOXICITY,6.4e-05,0.0461,HOLD,0,0,0.5,0.651,1,APPROVED
2026-09-21 13:24:07.731038+05:30,23427.85,23427.85,23427.85,23427.85,25000.0,0.1884,LOW_TOXICITY,6.7e-05,0.0462,HOLD,0,0,0.5,0.654,1,APPROVED
2026-09-21 13:24:08.886521+05:30,23427.1,23427.1,23427.1,23427.1,25000.0,0.1922,LOW_TOXICITY,6.5e-05,0.046,HOLD,0,0,0.5,0.652,1,APPROVED
2026-09-21 13:25:04.375634+05:30,23425.55,23425.55,23425.55,23425.55,25000.0,0.2321,LOW_TOXICITY,7.6e-05,0.0453,HOLD,0,0,0.5,0.649,1,APPROVED
2026-09-21 13:25:06.380983+05:30,23426.15,23426.15,23426.15,23426.15,25000.0,0.2081,LOW_TOXICITY,7.8e-05,0.0459,HOLD,0,0,0.5,0.65,1,APPROVED
2026-09-21 13:25:08.376847+05:30,23425.3,23425.3,23425.3,23425.3,25000.0,0.1884,LOW_TOXICITY,7.7e-05,0.0475,HOLD,0,0,0.5,0.649,1,APPROVED
2026-09-21 13:25:09.526557+05:30,23425.8,23425.8,23425.8,23425.8,25000.0,0.1922,LOW_TOXICITY,7.6e-05,0.0455,HOLD,0,0,0.5,0.65,1,APPROVED
2026-09-21 13:26:00.049324+05:30,23426.55,23426.55,23426.55,23426.55,25000.0,0.1922,LOW_TOXICITY,6.3e-05,0.0444,HOLD,0,0,0.5,0.651,1,APPROVED
2026-09-21 13:26:04.957800+05:30,23426.55,23426.55,23426.55,23426.55,25000.0,0.2321,LOW_TOXICITY,6.7e-05,0.0445,HOLD,0,0,0.5,0.651,1,APPROVED
2026-09-21 13:26:09.188793+05:30,23426.55,23426.55,23426.55,23426.55,25000.0,0.1884,LOW_TOXICITY,6.7e-05,0.0462,HOLD,0,0,0.5,0.651,1,APPROVED
2026-09-21 13:26:09.640107+05:30,23427.75,23427.75,23427.75,23427.75,25000.0,0.2081,LOW_TOXICITY,7e-05,0.0453,HOLD,0,0,0.5,0.654,1,APPROVED
2026-09-21 13:27:00.654593+05:30,23429.25,23429.25,23429.25,23429.25,25000.0,0.1922,LOW_TOXICITY,7.8e-05,0.0462,HOLD,0,0,0.5,0.657,1,APPROVED
2026-09-21 13:27:02.385524+05:30,23428.9,23428.9,23428.9,23428.9,25000.0,0.2081,LOW_TOXICITY,7.6e-05,0.0445,HOLD,0,0,0.5,0.656,1,APPROVED
2026-09-21 13:27:05.589677+05:30,23429.85,23429.85,23429.85,23429.85,25000.0,0.2321,LOW_TOXICITY,7.9e-05,0.0473,HOLD,0,0,0.5,0.658,1,APPROVED
2026-09-21 13:27:09.788707+05:30,23429.8,23429.8,23429.8,23429.8,25000.0,0.1884,LOW_TOXICITY,7.6e-05,0.0483,HOLD,0,0,0.5,0.658,1,APPROVED
2026-09-21 13:28:00.300042+05:30,23429.4,23429.4,23429.4,23429.4,25000.0,0.1884,LOW_TOXICITY,6.8e-05,0.0465,HOLD,0,0,0.5,0.657,1,APPROVED
2026-09-21 13:28:01.268613+05:30,23430.05,23430.05,23430.05,23430.05,25000.0,0.1922,LOW_TOXICITY,7.2e-05,0.0449,HOLD,0,0,0.5,0.659,1,APPROVED
2026-09-21 13:28:05.581887+05:30,23429.35,23429.35,23429.35,23429.35,25000.0,0.2081,LOW_TOXICITY,7e-05,0.0433,HOLD,0,0,0.5,0.657,1,APPROVED
2026-09-21 13:28:06.184236+05:30,23429.35,23429.35,23429.35,23429.35,25000.0,0.2321,LOW_TOXICITY,6.9e-05,0.0458,HOLD,0,0,0.5,0.657,1,APPROVED
2026-09-21 13:29:00.943586+05:30,23431.6,23431.6,23431.6,23431.6,25000.0,0.1884,LOW_TOXICITY,6.7e-05,0.0465,HOLD,0,0,0.5,0.662,1,APPROVED
2026-09-21 13:29:01.863931+05:30,23430.85,23430.85,23430.85,23430.85,25000.0,0.1922,LOW_TOXICITY,6.2e-05,0.0441,HOLD,0,0,0.5,0.66,1,APPROVED
2026-09-21 13:29:06.761799+05:30,23428.8,23428.8,23428.8,23428.8,25000.0,0.2321,LOW_TOXICITY,5.9e-05,0.0448,HOLD,0,0,0.5,0.656,1,APPROVED
2026-09-21 13:29:08.790951+05:30,23428.25,23428.25,23428.25,23428.25,25000.0,0.2081,LOW_TOXICITY,5.6e-05,0.0431,HOLD,0,0,0.5,0.655,1,APPROVED
2026-09-21 13:30:01.550276+05:30,23431.45,23431.45,23431.45,23431.45,25000.0,0.1884,LOW_TOXICITY,6.1e-05,0.0451,HOLD,0,0,0.5,0.661,1,APPROVED
2026-09-21 13:30:01.468724+05:30,23431.45,23431.45,23431.45,23431.45,25000.0,0.2081,LOW_TOXICITY,6.1e-05,0.0453,HOLD,0,0,0.5,0.661,1,APPROVED
2026-09-21 13:30:02.474938+05:30,23430.4,23430.4,23430.4,23430.4,25000.0,0.1922,LOW_TOXICITY,5.7e-05,0.0435,HOLD,0,0,0.5,0.659,1,APPROVED
2026-09-21 13:30:07.369316+05:30,23431.1,23431.1,23431.1,23431.1,25000.0,0.2321,LOW_TOXICITY,5.8e-05,0.0455,HOLD,0,0,0.5,0.661,1,APPROVED
2026-09-21 13:31:02.149104+05:30,23427.6,23427.6,23427.6,23427.6,25000.0,0.1884,LOW_TOXICITY,3.2e-05,0.0499,HOLD,0,0,0.5,0.653,1,APPROVED
2026-09-21 13:31:03.097569+05:30,23427.35,23427.35,23427.35,23427.35,25000.0,0.1922,LOW_TOXICITY,3.1e-05,0.0472,HOLD,0,0,0.5,0.653,1,APPROVED
2026-09-21 13:31:04.645802+05:30,23427.15,23427.15,23427.15,23427.15,25000.0,0.2081,LOW_TOXICITY,2.6e-05,0.05,HOLD,0,0,0.5,0.652,1,APPROVED
2026-09-21 13:31:07.976359+05:30,23426.7,23426.7,23426.7,23426.7,25000.0,0.2321,LOW_TOXICITY,2.5e-05,0.0519,HOLD,0,0,0.5,0.651,1,APPROVED
2026-09-21 13:32:02.809888+05:30,23428.65,23428.65,23428.65,23428.65,25000.0,0.1884,LOW_TOXICITY,2.8e-05,0.0478,HOLD,0,0,0.5,0.656,1,APPROVED
2026-09-21 13:32:03.684583+05:30,23428.4,23428.4,23428.4,23428.4,25000.0,0.1922,LOW_TOXICITY,2.9e-05,0.0458,HOLD,0,0,0.5,0.655,1,APPROVED
2026-09-21 13:32:07.825362+05:30,23429.3,23429.3,23429.3,23429.3,25000.0,0.2081,LOW_TOXICITY,3e-05,0.0489,HOLD,0,0,0.5,0.657,1,APPROVED
2026-09-21 13:32:09.104187+05:30,23429.3,23429.3,23429.3,23429.3,25000.0,0.2321,LOW_TOXICITY,3.1e-05,0.051,HOLD,0,0,0.5,0.657,1,APPROVED
2026-09-21 13:33:00.525968+05:30,23431.95,23431.95,23431.95,23431.95,25000.0,0.2081,LOW_TOXICITY,3.9e-05,0.0487,HOLD,0,0,0.5,0.663,1,APPROVED
2026-09-21 13:33:03.432692+05:30,23432.15,23432.15,23432.15,23432.15,25000.0,0.1884,LOW_TOXICITY,4e-05,0.0499,HOLD,0,0,0.5,0.663,1,APPROVED
2026-09-21 13:33:04.289261+05:30,23432.15,23432.15,23432.15,23432.15,25000.0,0.1922,LOW_TOXICITY,4e-05,0.0495,HOLD,0,0,0.5,0.663,1,APPROVED
2026-09-21 13:33:09.703801+05:30,23432.75,23432.75,23432.75,23432.75,25000.0,0.2321,LOW_TOXICITY,4e-05,0.052,HOLD,0,0,0.5,0.664,1,APPROVED
2026-09-21 13:34:00.232618+05:30,23432.95,23432.95,23432.95,23432.95,25000.0,0.2321,LOW_TOXICITY,3.6e-05,0.0473,HOLD,0,0,0.5,0.665,1,APPROVED
2026-09-21 13:34:04.039468+05:30,23433.6,23433.6,23433.6,23433.6,25000.0,0.1884,LOW_TOXICITY,4e-05,0.0473,HOLD,0,0,0.5,0.666,1,APPROVED
2026-09-21 13:34:03.761263+05:30,23433.7,23433.7,23433.7,23433.7,25000.0,0.2081,LOW_TOXICITY,3.4e-05,0.0476,HOLD,0,0,0.5,0.666,1,APPROVED
2026-09-21 13:34:04.909926+05:30,23433.1,23433.1,23433.1,23433.1,25000.0,0.1922,LOW_TOXICITY,3.3e-05,0.0471,HOLD,0,0,0.5,0.665,1,APPROVED
2026-09-21 13:35:00.849907+05:30,23435.95,23435.95,23435.95,23435.95,25000.0,0.2321,LOW_TOXICITY,3.5e-05,0.0479,HOLD,0,0,0.5,0.671,1,APPROVED
2026-09-21 13:35:04.704085+05:30,23435.7,23435.7,23435.7,23435.7,25000.0,0.1884,LOW_TOXICITY,3.2e-05,0.0467,HOLD,0,0,0.5,0.67,1,APPROVED
2026-09-21 13:35:05.570591+05:30,23437.05,23437.05,23437.05,23437.05,25000.0,0.1922,LOW_TOXICITY,3.8e-05,0.051,HOLD,0,0,0.5,0.673,1,APPROVED
2026-09-21 13:35:07.051997+05:30,23436.0,23436.0,23436.0,23436.0,25000.0,0.2081,LOW_TOXICITY,3.2e-05,0.0473,HOLD,0,0,0.5,0.671,1,APPROVED
2026-09-21 13:36:01.464399+05:30,23435.65,23435.65,23435.65,23435.65,25000.0,0.2321,LOW_TOXICITY,2.5e-05,0.0457,HOLD,0,0,0.5,0.67,1,APPROVED
2026-09-21 13:36:06.092684+05:30,23436.35,23436.35,23436.35,23436.35,25000.0,0.1884,LOW_TOXICITY,3.5e-05,0.0449,HOLD,0,0,0.5,0.672,1,APPROVED
2026-09-21 13:36:06.173684+05:30,23436.35,23436.35,23436.35,23436.35,25000.0,0.1922,LOW_TOXICITY,3.5e-05,0.0481,HOLD,0,0,0.5,0.672,1,APPROVED
2026-09-21 13:36:10.330007+05:30,23436.6,23436.6,23436.6,23436.6,25000.0,0.2081,LOW_TOXICITY,3.9e-05,0.0457,HOLD,0,0,0.5,0.672,1,APPROVED
2026-09-21 13:37:02.192966+05:30,23433.35,23433.35,23433.35,23433.35,25000.0,0.2321,LOW_TOXICITY,2.4e-05,0.0463,HOLD,0,0,0.5,0.665,1,APPROVED
2026-09-21 13:37:02.990712+05:30,23434.25,23434.25,23434.25,23434.25,25000.0,0.2081,LOW_TOXICITY,2.4e-05,0.0463,HOLD,0,0,0.5,0.667,1,APPROVED
2026-09-21 13:37:06.740621+05:30,23434.45,23434.45,23434.45,23434.45,25000.0,0.1884,LOW_TOXICITY,2.4e-05,0.0454,HOLD,0,0,0.5,0.668,1,APPROVED
2026-09-21 13:37:06.760474+05:30,23434.45,23434.45,23434.45,23434.45,25000.0,0.1922,LOW_TOXICITY,2.4e-05,0.0476,HOLD,0,0,0.5,0.668,1,APPROVED
2026-09-21 13:38:02.843869+05:30,23434.15,23434.15,23434.15,23434.15,25000.0,0.2321,LOW_TOXICITY,2.4e-05,0.0445,HOLD,0,0,0.5,0.667,1,APPROVED
2026-09-21 13:38:06.887230+05:30,23434.7,23434.7,23434.7,23434.7,25000.0,0.2081,LOW_TOXICITY,2.4e-05,0.0438,HOLD,0,0,0.5,0.668,1,APPROVED
2026-09-21 13:38:07.415449+05:30,23434.35,23434.35,23434.35,23434.35,25000.0,0.1884,LOW_TOXICITY,1.9e-05,0.044,HOLD,0,0,0.5,0.668,1,APPROVED
2026-09-21 13:38:08.106027+05:30,23435.2,23435.2,23435.2,23435.2,25000.0,0.1922,LOW_TOXICITY,2e-05,0.0457,HOLD,0,0,0.5,0.669,1,APPROVED
2026-09-21 13:39:03.451713+05:30,23434.4,23434.4,23434.4,23434.4,25000.0,0.2321,LOW_TOXICITY,2.2e-05,0.0431,HOLD,0,0,0.5,0.668,1,APPROVED
2026-09-21 13:39:08.058661+05:30,23433.7,23433.7,23433.7,23433.7,25000.0,0.1884,LOW_TOXICITY,1.7e-05,0.0433,HOLD,0,0,0.5,0.666,1,APPROVED
2026-09-21 13:39:08.749635+05:30,23433.8,23433.8,23433.8,23433.8,25000.0,0.1922,LOW_TOXICITY,1.9e-05,0.0454,HOLD,0,0,0.5,0.666,1,APPROVED
2026-09-21 13:39:10.188969+05:30,23433.1,23433.1,23433.1,23433.1,25000.0,0.2081,LOW_TOXICITY,1.9e-05,0.0438,HOLD,0,0,0.5,0.665,1,APPROVED
2026-09-21 13:40:02.903485+05:30,23433.4,23433.4,23433.4,23433.4,25000.0,0.2081,LOW_TOXICITY,2.1e-05,0.0426,HOLD,0,0,0.5,0.666,1,APPROVED
2026-09-21 13:40:04.065607+05:30,23433.45,23433.45,23433.45,23433.45,25000.0,0.2321,LOW_TOXICITY,2.2e-05,0.0426,HOLD,0,0,0.5,0.666,1,APPROVED
2026-09-21 13:40:08.703955+05:30,23432.45,23432.45,23432.45,23432.45,25000.0,0.1884,LOW_TOXICITY,2e-05,0.0434,HOLD,0,0,0.5,0.664,1,APPROVED
2026-09-21 13:40:09.393804+05:30,23433.2,23433.2,23433.2,23433.2,25000.0,0.1922,LOW_TOXICITY,2.1e-05,0.0443,HOLD,0,0,0.5,0.665,1,APPROVED
2026-09-21 13:41:04.646352+05:30,23430.0,23430.0,23430.0,23430.0,25000.0,0.2321,LOW_TOXICITY,1e-05,0.047,HOLD,0,0,0.5,0.658,1,APPROVED
2026-09-21 13:41:06.155682+05:30,23429.85,23429.85,23429.85,23429.85,25000.0,0.2081,LOW_TOXICITY,6e-06,0.0471,HOLD,0,0,0.5,0.658,1,APPROVED
2026-09-21 13:41:09.347846+05:30,23430.95,23430.95,23430.95,23430.95,25000.0,0.1878,LOW_TOXICITY,1.3e-05,0.0438,HOLD,0,0,0.5,0.66,1,APPROVED
2026-09-21 13:41:10.030868+05:30,23430.0,23430.0,23430.0,23430.0,25000.0,0.1922,LOW_TOXICITY,1e-05,0.0483,HOLD,0,0,0.5,0.658,1,APPROVED
2026-09-21 13:42:00.538200+05:30,23430.1,23430.1,23430.1,23430.1,25000.0,0.1922,LOW_TOXICITY,2e-06,0.046,HOLD,0,0,0.5,0.659,1,APPROVED
2026-09-21 13:42:05.271267+05:30,23430.8,23430.8,23430.8,23430.8,25000.0,0.2321,LOW_TOXICITY,3e-06,0.045,HOLD,0,0,0.5,0.66,1,APPROVED
2026-09-21 13:42:09.370497+05:30,23432.75,23432.75,23432.75,23432.75,25000.0,0.2081,LOW_TOXICITY,1.1e-05,0.0477,HOLD,0,0,0.5,0.664,1,APPROVED
2026-09-21 13:42:10.020146+05:30,23432.75,23432.75,23432.75,23432.75,25000.0,0.1878,LOW_TOXICITY,8e-06,0.044,HOLD,0,0,0.5,0.664,1,APPROVED
2026-09-21 13:43:00.586216+05:30,23428.1,23428.1,23428.1,23428.1,25000.0,0.1878,LOW_TOXICITY,-4e-06,0.0523,HOLD,0,0,0.5,0.654,1,APPROVED
2026-09-21 13:43:01.159339+05:30,23428.75,23428.75,23428.75,23428.75,25000.0,0.1922,LOW_TOXICITY,-4e-06,0.0455,HOLD,0,0,0.5,0.656,1,APPROVED
2026-09-21 13:43:02.030209+05:30,23429.05,23429.05,23429.05,23429.05,25000.0,0.2081,LOW_TOXICITY,-1e-06,0.0508,HOLD,0,0,0.5,0.656,1,APPROVED
2026-09-21 13:43:05.883897+05:30,23428.45,23428.45,23428.45,23428.45,25000.0,0.2321,LOW_TOXICITY,-3e-06,0.046,HOLD,0,0,0.5,0.655,1,APPROVED
2026-09-21 13:44:01.223796+05:30,23427.75,23427.75,23427.75,23427.75,25000.0,0.1878,LOW_TOXICITY,-1.1e-05,0.0485,HOLD,0,0,0.5,0.654,1,APPROVED
2026-09-21 13:44:01.772957+05:30,23426.4,23426.4,23426.4,23426.4,25000.0,0.1922,LOW_TOXICITY,-1.3e-05,0.0466,HOLD,0,0,0.5,0.651,1,APPROVED
2026-09-21 13:44:05.259852+05:30,23427.15,23427.15,23427.15,23427.15,25000.0,0.2081,LOW_TOXICITY,-3e-06,0.0492,HOLD,0,0,0.5,0.652,1,APPROVED
2026-09-21 13:44:06.495349+05:30,23426.85,23426.85,23426.85,23426.85,25000.0,0.2321,LOW_TOXICITY,-6e-06,0.0462,HOLD,0,0,0.5,0.652,1,APPROVED
2026-09-21 13:45:01.892692+05:30,23428.35,23428.35,23428.35,23428.35,25000.0,0.1878,LOW_TOXICITY,-9e-06,0.046,HOLD,0,0,0.5,0.655,1,APPROVED
2026-09-21 13:45:02.427338+05:30,23427.9,23427.9,23427.9,23427.9,25000.0,0.1922,LOW_TOXICITY,-7e-06,0.0456,HOLD,0,0,0.5,0.654,1,APPROVED
2026-09-21 13:45:07.140883+05:30,23428.5,23428.5,23428.5,23428.5,25000.0,0.2321,LOW_TOXICITY,-7e-06,0.0453,HOLD,0,0,0.5,0.655,1,APPROVED
2026-09-21 13:45:08.599281+05:30,23428.45,23428.45,23428.45,23428.45,25000.0,0.2081,LOW_TOXICITY,-9e-06,0.0469,HOLD,0,0,0.5,0.655,1,APPROVED
2026-09-21 13:46:01.252614+05:30,23429.05,23429.05,23429.05,23429.05,25000.0,0.2081,LOW_TOXICITY,5e-06,0.0449,HOLD,0,0,0.5,0.656,1,APPROVED
2026-09-21 13:46:02.528482+05:30,23430.6,23430.6,23430.6,23430.6,25000.0,0.1878,LOW_TOXICITY,9e-06,0.0461,HOLD,0,0,0.5,0.66,1,APPROVED
2026-09-21 13:46:03.058381+05:30,23428.35,23428.35,23428.35,23428.35,25000.0,0.1922,LOW_TOXICITY,3e-06,0.0442,HOLD,0,0,0.5,0.655,1,APPROVED
2026-09-21 13:46:09.497705+05:30,23431.55,23431.55,23431.55,23431.55,25000.0,0.2321,LOW_TOXICITY,1.4e-05,0.0474,HOLD,0,0,0.5,0.662,1,APPROVED
2026-09-21 13:47:00.822626+05:30,23429.85,23429.85,23429.85,23429.85,25000.0,0.2321,LOW_TOXICITY,2e-06,0.0466,HOLD,0,0,0.5,0.658,1,APPROVED
2026-09-21 13:47:04.921016+05:30,23430.1,23430.1,23430.1,23430.1,25000.0,0.1878,LOW_TOXICITY,4e-06,0.0445,HOLD,0,0,0.5,0.659,1,APPROVED
2026-09-21 13:47:05.448783+05:30,23429.5,23429.5,23429.5,23429.5,25000.0,0.1922,LOW_TOXICITY,3e-06,0.0437,HOLD,0,0,0.5,0.657,1,APPROVED
2026-09-21 13:47:06.258725+05:30,23430.5,23430.5,23430.5,23430.5,25000.0,0.2081,LOW_TOXICITY,3e-06,0.044,HOLD,0,0,0.5,0.659,1,APPROVED
2026-09-21 13:48:01.449888+05:30,23429.2,23429.2,23429.2,23429.2,25000.0,0.2321,LOW_TOXICITY,-1e-05,0.0449,HOLD,0,0,0.5,0.657,1,APPROVED
2026-09-21 13:48:05.553994+05:30,23431.0,23431.0,23431.0,23431.0,25000.0,0.1878,LOW_TOXICITY,-3e-06,0.0435,HOLD,0,0,0.5,0.661,1,APPROVED
2026-09-21 13:48:06.093765+05:30,23431.05,23431.05,23431.05,23431.05,25000.0,0.1922,LOW_TOXICITY,-3e-06,0.0438,HOLD,0,0,0.5,0.661,1,APPROVED
2026-09-21 13:48:09.513908+05:30,23432.55,23432.55,23432.55,23432.55,25000.0,0.2081,LOW_TOXICITY,2e-06,0.0429,HOLD,0,0,0.5,0.664,1,APPROVED
2026-09-21 13:49:02.054416+05:30,23429.75,23429.75,23429.75,23429.75,25000.0,0.2321,LOW_TOXICITY,-9e-06,0.0436,HOLD,0,0,0.5,0.658,1,APPROVED
2026-09-21 13:49:02.215779+05:30,23428.8,23428.8,23428.8,23428.8,25000.0,0.2081,LOW_TOXICITY,-1.4e-05,0.0474,HOLD,0,0,0.5,0.656,1,APPROVED
2026-09-21 13:49:06.185977+05:30,23429.4,23429.4,23429.4,23429.4,25000.0,0.1878,LOW_TOXICITY,-1.2e-05,0.0439,HOLD,0,0,0.5,0.657,1,APPROVED
2026-09-21 13:49:06.730261+05:30,23429.05,23429.05,23429.05,23429.05,25000.0,0.1922,LOW_TOXICITY,-1.2e-05,0.0451,HOLD,0,0,0.5,0.656,1,APPROVED
2026-09-21 13:50:02.656780+05:30,23433.2,23433.2,23433.2,23433.2,25000.0,0.2321,LOW_TOXICITY,-8e-06,0.0474,HOLD,0,0,0.5,0.665,1,APPROVED
2026-09-21 13:50:05.393030+05:30,23433.6,23433.6,23433.6,23433.6,25000.0,0.2081,LOW_TOXICITY,-7e-06,0.0525,HOLD,0,0,0.5,0.666,1,APPROVED
2026-09-21 13:50:07.345055+05:30,23433.4,23433.4,23433.4,23433.4,25000.0,0.1922,LOW_TOXICITY,-1e-05,0.0511,HOLD,0,0,0.5,0.666,1,APPROVED
2026-09-21 13:50:06.796164+05:30,23433.3,23433.3,23433.3,23433.3,25000.0,0.1878,LOW_TOXICITY,-7e-06,0.0487,HOLD,0,0,0.5,0.665,1,APPROVED
2026-09-21 13:51:03.264906+05:30,23436.85,23436.85,23436.85,23436.85,25000.0,0.2321,LOW_TOXICITY,3e-06,0.0502,HOLD,0,0,0.5,0.673,1,APPROVED
2026-09-21 13:51:07.954438+05:30,23438.05,23438.05,23438.05,23438.05,25000.0,0.1922,LOW_TOXICITY,5e-06,0.0555,HOLD,0,0,0.5,0.675,1,APPROVED
2026-09-21 13:51:08.347702+05:30,23437.7,23437.7,23437.7,23437.7,25000.0,0.1878,LOW_TOXICITY,4e-06,0.0529,HOLD,0,0,0.5,0.675,1,APPROVED
2026-09-21 13:51:08.617766+05:30,23437.65,23437.65,23437.65,23437.65,25000.0,0.2081,LOW_TOXICITY,3e-06,0.0537,HOLD,0,0,0.5,0.674,1,APPROVED
2026-09-21 13:52:01.306113+05:30,23437.75,23437.75,23437.75,23437.75,25000.0,0.2081,LOW_TOXICITY,1e-05,0.0496,HOLD,0,0,0.5,0.675,1,APPROVED
2026-09-21 13:52:03.861853+05:30,23437.1,23437.1,23437.1,23437.1,25000.0,0.2321,LOW_TOXICITY,1.1e-05,0.047,HOLD,0,0,0.5,0.673,1,APPROVED
2026-09-21 13:52:08.956741+05:30,23437.55,23437.55,23437.55,23437.55,25000.0,0.1878,LOW_TOXICITY,9e-06,0.049,HOLD,0,0,0.5,0.674,1,APPROVED
2026-09-21 13:52:08.584704+05:30,23438.45,23438.45,23438.45,23438.45,25000.0,0.1922,LOW_TOXICITY,1.1e-05,0.0507,HOLD,0,0,0.5,0.676,1,APPROVED
2026-09-21 13:53:04.455866+05:30,23438.05,23438.05,23438.05,23438.05,25000.0,0.2321,LOW_TOXICITY,1.1e-05,0.0451,HOLD,0,0,0.5,0.675,1,APPROVED
2026-09-21 13:53:05.404047+05:30,23439.15,23439.15,23439.15,23439.15,25000.0,0.2081,LOW_TOXICITY,1.3e-05,0.047,HOLD,0,0,0.5,0.678,1,APPROVED
2026-09-21 13:53:09.551539+05:30,23440.75,23440.75,23440.75,23440.75,25000.0,0.1878,LOW_TOXICITY,1.8e-05,0.0499,HOLD,0,0,0.5,0.681,1,APPROVED
2026-09-21 13:53:10.093870+05:30,23438.4,23438.4,23438.4,23438.4,25000.0,0.1922,LOW_TOXICITY,9e-06,0.0475,HOLD,0,0,0.5,0.676,1,APPROVED
2026-09-21 13:54:00.114235+05:30,23436.5,23436.5,23436.5,23436.5,25000.0,0.1878,LOW_TOXICITY,8e-06,0.0538,HOLD,0,0,0.5,0.672,1,APPROVED
2026-09-21 13:54:00.627873+05:30,23438.4,23438.4,23438.4,23438.4,25000.0,0.1922,LOW_TOXICITY,1.3e-05,0.0429,HOLD,0,0,0.5,0.676,1,APPROVED
2026-09-21 13:54:05.087615+05:30,23438.85,23438.85,23438.85,23438.85,25000.0,0.2321,LOW_TOXICITY,1.3e-05,0.0432,HOLD,0,0,0.5,0.677,1,APPROVED
2026-09-21 13:54:08.652817+05:30,23438.1,23438.1,23438.1,23438.1,25000.0,0.2081,LOW_TOXICITY,1.4e-05,0.0451,HOLD,0,0,0.5,0.675,1,APPROVED
2026-09-21 13:55:00.789015+05:30,23437.0,23437.0,23437.0,23437.0,25000.0,0.1878,LOW_TOXICITY,1.3e-05,0.0496,HOLD,0,0,0.5,0.673,1,APPROVED
2026-09-21 13:55:01.296916+05:30,23437.25,23437.25,23437.25,23437.25,25000.0,0.1922,LOW_TOXICITY,1.2e-05,0.0421,HOLD,0,0,0.5,0.674,1,APPROVED
2026-09-21 13:55:01.420769+05:30,23437.3,23437.3,23437.3,23437.3,25000.0,0.2081,LOW_TOXICITY,1.1e-05,0.0434,HOLD,0,0,0.5,0.674,1,APPROVED
2026-09-21 13:55:05.715744+05:30,23438.5,23438.5,23438.5,23438.5,25000.0,0.2321,LOW_TOXICITY,1.4e-05,0.0423,HOLD,0,0,0.5,0.676,1,APPROVED
2026-09-21 13:56:01.416698+05:30,23444.2,23444.2,23444.2,23444.2,25000.0,0.1878,LOW_TOXICITY,3.8e-05,0.0632,HOLD,0,0,0.5,0.688,1,APPROVED
2026-09-21 13:56:01.936994+05:30,23443.85,23443.85,23443.85,23443.85,25000.0,0.1922,LOW_TOXICITY,3.9e-05,0.0556,HOLD,0,0,0.5,0.687,1,APPROVED
2026-09-21 13:56:04.847280+05:30,23444.45,23444.45,23444.45,23444.45,25000.0,0.2081,LOW_TOXICITY,4.2e-05,0.0587,HOLD,0,0,0.5,0.689,1,APPROVED
2026-09-21 13:56:06.335480+05:30,23444.3,23444.3,23444.3,23444.3,25000.0,0.2321,LOW_TOXICITY,4.1e-05,0.0529,HOLD,0,0,0.5,0.688,1,APPROVED
2026-09-21 13:57:02.066869+05:30,23446.15,23446.15,23446.15,23446.15,25000.0,0.1878,LOW_TOXICITY,3.8e-05,0.0573,HOLD,0,0,0.5,0.692,1,APPROVED
2026-09-21 13:57:02.558638+05:30,23445.95,23445.95,23445.95,23445.95,25000.0,0.1922,LOW_TOXICITY,4.5e-05,0.0522,HOLD,0,0,0.5,0.692,1,APPROVED
2026-09-21 13:57:07.208114+05:30,23446.65,23446.65,23446.65,23446.65,25000.0,0.2321,LOW_TOXICITY,4.5e-05,0.0509,HOLD,0,0,0.5,0.693,1,APPROVED
2026-09-21 13:57:08.077428+05:30,23446.85,23446.85,23446.85,23446.85,25000.0,0.2081,LOW_TOXICITY,4e-05,0.055,HOLD,0,0,0.5,0.694,1,APPROVED
2026-09-21 13:58:00.723239+05:30,23452.65,23452.65,23452.65,23452.65,25000.0,0.2081,LOW_TOXICITY,6.7e-05,0.0614,HOLD,0,0,0.5,0.706,1,APPROVED
2026-09-21 13:58:02.671373+05:30,23452.75,23452.75,23452.75,23452.75,25000.0,0.1878,LOW_TOXICITY,7e-05,0.065,HOLD,0,0,0.5,0.706,1,APPROVED
2026-09-21 13:58:03.213239+05:30,23452.95,23452.95,23452.95,23452.95,25000.0,0.1922,LOW_TOXICITY,6.9e-05,0.0628,HOLD,0,0,0.5,0.707,1,APPROVED
2026-09-21 13:58:07.908580+05:30,23454.2,23454.2,23454.2,23454.2,25000.0,0.2321,LOW_TOXICITY,7.3e-05,0.0643,HOLD,0,0,0.5,0.709,1,APPROVED
2026-09-21 13:59:03.322919+05:30,23456.5,23456.5,23456.5,23456.5,25000.0,0.1878,LOW_TOXICITY,8.2e-05,0.0615,BUY,1,1,0.5,0.714,1,VETO
2026-09-21 13:59:03.845042+05:30,23456.3,23456.3,23456.3,23456.3,25000.0,0.1922,LOW_TOXICITY,8.5e-05,0.0594,BUY,1,1,0.5,0.714,1,VETO
2026-09-21 13:59:03.996981+05:30,23456.9,23456.9,23456.9,23456.9,25000.0,0.2081,LOW_TOXICITY,8.5e-05,0.0607,BUY,1,1,0.5,0.715,1,VETO
2026-09-21 13:59:08.556174+05:30,23457.15,23457.15,23457.15,23457.15,25000.0,0.2321,LOW_TOXICITY,8.6e-05,0.0601,BUY,1,1,0.5,0.715,1,VETO
2026-09-21 14:00:03.920244+05:30,23465.2,23465.2,23465.2,23465.2,25000.0,0.1878,LOW_TOXICITY,0.000105,0.0755,BUY,1,1,0.5,0.732,1,VETO
2026-09-21 14:00:04.452239+05:30,23465.5,23465.5,23465.5,23465.5,25000.0,0.1922,LOW_TOXICITY,0.000107,0.0755,BUY,1,1,0.5,0.733,1,VETO
2026-09-21 14:00:07.228702+05:30,23466.15,23466.15,23466.15,23466.15,25000.0,0.2081,LOW_TOXICITY,0.000107,0.077,BUY,1,1,0.5,0.734,1,VETO
2026-09-21 14:00:09.209632+05:30,23465.6,23465.6,23465.6,23465.6,25000.0,0.2321,LOW_TOXICITY,0.000105,0.073,BUY,1,1,0.5,0.733,1,VETO
2026-09-21 14:01:04.553025+05:30,23463.6,23463.6,23463.6,23463.6,25000.0,0.1878,LOW_TOXICITY,9.4e-05,0.0661,BUY,1,1,0.5,0.729,1,VETO
2026-09-21 14:01:05.058652+05:30,23463.95,23463.95,23463.95,23463.95,25000.0,0.1922,LOW_TOXICITY,0.000101,0.0672,BUY,1,1,0.5,0.73,1,VETO
2026-09-21 14:01:09.855433+05:30,23462.9,23462.9,23462.9,23462.9,25000.0,0.2321,LOW_TOXICITY,8.9e-05,0.0669,BUY,1,1,0.5,0.727,1,VETO
2026-09-21 14:01:10.494447+05:30,23462.35,23462.35,23462.35,23462.35,25000.0,0.2081,LOW_TOXICITY,9.5e-05,0.0715,BUY,1,1,0.5,0.726,1,VETO
2026-09-21 14:02:01.194408+05:30,23463.35,23463.35,23463.35,23463.35,25000.0,0.2321,LOW_TOXICITY,9.5e-05,0.06,BUY,1,1,0.5,0.728,1,VETO
2026-09-21 14:02:03.166712+05:30,23463.85,23463.85,23463.85,23463.85,25000.0,0.2081,LOW_TOXICITY,9.5e-05,0.0641,BUY,1,1,0.5,0.729,1,VETO
2026-09-21 14:02:05.179213+05:30,23463.4,23463.4,23463.4,23463.4,25000.0,0.1878,LOW_TOXICITY,9.5e-05,0.0584,BUY,1,1,0.5,0.728,1,VETO
2026-09-21 14:02:05.686140+05:30,23464.1,23464.1,23464.1,23464.1,25000.0,0.1922,LOW_TOXICITY,9.8e-05,0.0599,BUY,1,1,0.5,0.73,1,VETO
2026-09-21 14:03:01.810469+05:30,23464.2,23464.2,23464.2,23464.2,25000.0,0.2321,LOW_TOXICITY,0.0001,0.0548,BUY,1,1,0.5,0.73,1,VETO
2026-09-21 14:03:05.825729+05:30,23462.8,23462.8,23462.8,23462.8,25000.0,0.1878,LOW_TOXICITY,9e-05,0.053,BUY,1,1,0.5,0.727,1,VETO
2026-09-21 14:03:06.321285+05:30,23462.9,23462.9,23462.9,23462.9,25000.0,0.1922,LOW_TOXICITY,9.1e-05,0.0548,BUY,1,1,0.5,0.727,1,VETO
2026-09-21 14:03:06.353860+05:30,23463.35,23463.35,23463.35,23463.35,25000.0,0.2081,LOW_TOXICITY,8.8e-05,0.0578,BUY,1,1,0.5,0.728,1,VETO
2026-09-21 14:04:02.425132+05:30,23463.2,23463.2,23463.2,23463.2,25000.0,0.2321,LOW_TOXICITY,9.5e-05,0.049,BUY,1,1,0.5,0.728,1,VETO
2026-09-21 14:04:06.448453+05:30,23462.6,23462.6,23462.6,23462.6,25000.0,0.1878,LOW_TOXICITY,9.4e-05,0.0496,BUY,1,1,0.5,0.727,1,VETO
2026-09-21 14:04:06.938649+05:30,23463.2,23463.2,23463.2,23463.2,25000.0,0.1922,LOW_TOXICITY,9.7e-05,0.0503,BUY,1,1,0.5,0.728,1,VETO
2026-09-21 14:04:09.594248+05:30,23462.2,23462.2,23462.2,23462.2,25000.0,0.2081,LOW_TOXICITY,9.5e-05,0.0533,BUY,1,1,0.748,0.726,1,APPROVED
2026-09-21 14:05:02.298739+05:30,23459.95,23459.95,23459.95,23459.95,25000.0,0.2081,LOW_TOXICITY,7.5e-05,0.0512,HOLD,0,0,0.5,0.721,1,APPROVED
2026-09-21 14:05:03.121330+05:30,23459.75,23459.75,23459.75,23459.75,25000.0,0.2321,LOW_TOXICITY,7.5e-05,0.0515,HOLD,0,0,0.5,0.721,1,APPROVED
2026-09-21 14:05:07.588057+05:30,23459.75,23459.75,23459.75,23459.75,25000.0,0.1922,LOW_TOXICITY,7.5e-05,0.0517,HOLD,0,0,0.5,0.721,1,APPROVED
2026-09-21 14:05:07.106741+05:30,23459.05,23459.05,23459.05,23459.05,25000.0,0.1878,LOW_TOXICITY,7.3e-05,0.0512,HOLD,0,0,0.5,0.719,1,APPROVED
2026-09-21 14:06:03.747597+05:30,23458.3,23458.3,23458.3,23458.3,25000.0,0.2321,LOW_TOXICITY,6.1e-05,0.0489,HOLD,0,0,0.5,0.718,1,APPROVED
2026-09-21 14:06:05.664823+05:30,23457.8,23457.8,23457.8,23457.8,25000.0,0.2081,LOW_TOXICITY,5.7e-05,0.0496,HOLD,0,0,0.5,0.717,1,APPROVED
2026-09-21 14:06:08.169415+05:30,23458.2,23458.2,23458.2,23458.2,25000.0,0.1922,LOW_TOXICITY,5.7e-05,0.0491,HOLD,0,0,0.5,0.718,1,APPROVED
2026-09-21 14:06:08.715380+05:30,23457.45,23457.45,23457.45,23457.45,25000.0,0.1878,LOW_TOXICITY,5.6e-05,0.0487,HOLD,0,0,0.5,0.716,1,APPROVED
2026-09-21 14:07:04.382016+05:30,23460.15,23460.15,23460.15,23460.15,25000.0,0.2321,LOW_TOXICITY,6.6e-05,0.0472,HOLD,0,0,0.5,0.722,1,APPROVED
2026-09-21 14:07:09.391313+05:30,23460.1,23460.1,23460.1,23460.1,25000.0,0.1878,LOW_TOXICITY,6.4e-05,0.048,HOLD,0,0,0.5,0.722,1,APPROVED
2026-09-21 14:07:08.805433+05:30,23458.85,23458.85,23458.85,23458.85,25000.0,0.1922,LOW_TOXICITY,5.8e-05,0.0461,HOLD,0,0,0.5,0.719,1,APPROVED
2026-09-21 14:07:09.006118+05:30,23459.15,23459.15,23459.15,23459.15,25000.0,0.2081,LOW_TOXICITY,6.1e-05,0.0472,HOLD,0,0,0.5,0.72,1,APPROVED
2026-09-21 14:08:00.391139+05:30,23456.7,23456.7,23456.7,23456.7,25000.0,0.1922,LOW_TOXICITY,5.2e-05,0.046,HOLD,0,0,0.5,0.714,1,APPROVED
2026-09-21 14:08:03.362510+05:30,23456.9,23456.9,23456.9,23456.9,25000.0,0.2081,LOW_TOXICITY,5e-05,0.0464,HOLD,0,0,0.5,0.715,1,APPROVED
2026-09-21 14:08:05.005633+05:30,23456.5,23456.5,23456.5,23456.5,25000.0,0.2321,LOW_TOXICITY,5.2e-05,0.051,HOLD,0,0,0.5,0.714,1,APPROVED
2026-09-21 14:08:09.995482+05:30,23458.05,23458.05,23458.05,23458.05,25000.0,0.1878,LOW_TOXICITY,4.9e-05,0.047,HOLD,0,0,0.5,0.717,1,APPROVED
2026-09-21 14:09:00.524153+05:30,23455.75,23455.75,23455.75,23455.75,25000.0,0.1878,LOW_TOXICITY,5.5e-05,0.0467,HOLD,0,0,0.5,0.712,1,APPROVED
2026-09-21 14:09:00.950176+05:30,23455.55,23455.55,23455.55,23455.55,25000.0,0.1922,LOW_TOXICITY,4.9e-05,0.0445,HOLD,0,0,0.5,0.712,1,APPROVED
2026-09-21 14:09:05.617294+05:30,23455.05,23455.05,23455.05,23455.05,25000.0,0.2321,LOW_TOXICITY,4.6e-05,0.0486,HOLD,0,0,0.5,0.711,1,APPROVED
2026-09-21 14:09:06.991084+05:30,23456.35,23456.35,23456.35,23456.35,25000.0,0.2081,LOW_TOXICITY,5.2e-05,0.0443,HOLD,0,0,0.5,0.714,1,APPROVED
2026-09-21 14:10:01.162332+05:30,23452.95,23452.95,23452.95,23452.95,25000.0,0.1878,LOW_TOXICITY,4.5e-05,0.0475,HOLD,0,0,0.5,0.707,1,APPROVED
2026-09-21 14:10:01.574159+05:30,23453.5,23453.5,23453.5,23453.5,25000.0,0.1922,LOW_TOXICITY,4.6e-05,0.0447,HOLD,0,0,0.5,0.708,1,APPROVED
2026-09-21 14:10:06.194209+05:30,23454.6,23454.6,23454.6,23454.6,25000.0,0.2321,LOW_TOXICITY,4.6e-05,0.0461,HOLD,0,0,0.5,0.71,1,APPROVED
2026-09-21 14:10:10.231860+05:30,23453.55,23453.55,23453.55,23453.55,25000.0,0.2081,LOW_TOXICITY,4.6e-05,0.0459,HOLD,0,0,0.5,0.708,1,APPROVED
2026-09-21 14:11:01.791501+05:30,23452.2,23452.2,23452.2,23452.2,25000.0,0.1878,LOW_TOXICITY,2.3e-05,0.0451,HOLD,0,0,0.5,0.705,1,APPROVED
2026-09-21 14:11:02.124278+05:30,23450.6,23450.6,23450.6,23450.6,25000.0,0.1922,LOW_TOXICITY,1.9e-05,0.0465,HOLD,0,0,0.5,0.702,1,APPROVED
2026-09-21 14:11:02.927569+05:30,23451.7,23451.7,23451.7,23451.7,25000.0,0.2081,LOW_TOXICITY,2.1e-05,0.0452,HOLD,0,0,0.5,0.704,1,APPROVED
2026-09-21 14:11:06.790470+05:30,23451.5,23451.5,23451.5,23451.5,25000.0,0.2321,LOW_TOXICITY,2e-05,0.0489,HOLD,0,0,0.5,0.704,1,APPROVED
2026-09-21 14:12:02.407940+05:30,23455.0,23455.0,23455.0,23455.0,25000.0,0.1878,LOW_TOXICITY,2.5e-05,0.0458,HOLD,0,0,0.5,0.711,1,APPROVED
2026-09-21 14:12:02.692001+05:30,23455.15,23455.15,23455.15,23455.15,25000.0,0.1922,LOW_TOXICITY,2.6e-05,0.051,HOLD,0,0,0.5,0.711,1,APPROVED
2026-09-21 14:12:06.608266+05:30,23457.65,23457.65,23457.65,23457.65,25000.0,0.2081,LOW_TOXICITY,3.1e-05,0.055,HOLD,0,0,0.5,0.716,1,APPROVED
2026-09-21 14:12:07.397731+05:30,23457.15,23457.15,23457.15,23457.15,25000.0,0.2321,LOW_TOXICITY,3e-05,0.0572,HOLD,0,0,0.5,0.715,1,APPROVED
2026-09-21 14:13:03.015879+05:30,23458.35,23458.35,23458.35,23458.35,25000.0,0.1878,LOW_TOXICITY,1.6e-05,0.0473,HOLD,0,0,0.5,0.718,1,APPROVED
2026-09-21 14:13:03.307103+05:30,23458.1,23458.1,23458.1,23458.1,25000.0,0.1922,LOW_TOXICITY,1.5e-05,0.0501,HOLD,0,0,0.5,0.717,1,APPROVED
2026-09-21 14:13:07.990793+05:30,23458.45,23458.45,23458.45,23458.45,25000.0,0.2321,LOW_TOXICITY,1.2e-05,0.0521,HOLD,0,0,0.5,0.718,1,APPROVED
2026-09-21 14:13:09.920639+05:30,23457.2,23457.2,23457.2,23457.2,25000.0,0.2081,LOW_TOXICITY,1.3e-05,0.0506,HOLD,0,0,0.5,0.715,1,APPROVED
2026-09-21 14:14:02.630749+05:30,23455.7,23455.7,23455.7,23455.7,25000.0,0.2081,LOW_TOXICITY,-3e-06,0.0482,HOLD,0,0,0.5,0.712,1,APPROVED
2026-09-21 14:14:03.586071+05:30,23456.55,23456.55,23456.55,23456.55,25000.0,0.1878,LOW_TOXICITY,0.0,0.0474,HOLD,0,0,0.5,0.714,1,APPROVED
2026-09-21 14:14:03.928191+05:30,23457.55,23457.55,23457.55,23457.55,25000.0,0.1922,LOW_TOXICITY,4e-06,0.0482,HOLD,0,0,0.5,0.716,1,APPROVED
2026-09-21 14:14:08.608118+05:30,23456.95,23456.95,23456.95,23456.95,25000.0,0.2321,LOW_TOXICITY,-1e-06,0.0482,HOLD,0,0,0.5,0.715,1,APPROVED
2026-09-21 14:15:04.264319+05:30,23454.65,23454.65,23454.65,23454.65,25000.0,0.1878,LOW_TOXICITY,-3e-05,0.0468,HOLD,0,0,0.5,0.71,1,APPROVED
2026-09-21 14:15:04.651658+05:30,23454.45,23454.45,23454.45,23454.45,25000.0,0.1922,LOW_TOXICITY,-3.1e-05,0.05,HOLD,0,0,0.5,0.71,1,APPROVED
2026-09-21 14:15:05.854555+05:30,23454.4,23454.4,23454.4,23454.4,25000.0,0.2081,LOW_TOXICITY,-3.3e-05,0.0462,HOLD,0,0,0.5,0.71,1,APPROVED
2026-09-21 14:15:09.224100+05:30,23454.55,23454.55,23454.55,23454.55,25000.0,0.2321,LOW_TOXICITY,-3.1e-05,0.0479,HOLD,0,0,0.5,0.71,1,APPROVED
2026-09-21 14:16:04.954364+05:30,23450.85,23450.85,23450.85,23450.85,25000.0,0.1878,LOW_TOXICITY,-3.6e-05,0.0508,HOLD,0,0,0.5,0.702,1,APPROVED
2026-09-21 14:16:05.310528+05:30,23450.8,23450.8,23450.8,23450.8,25000.0,0.1922,LOW_TOXICITY,-3.7e-05,0.0525,HOLD,0,0,0.5,0.702,1,APPROVED
2026-09-21 14:16:09.078788+05:30,23451.15,23451.15,23451.15,23451.15,25000.0,0.2081,LOW_TOXICITY,-3.2e-05,0.0482,HOLD,0,0,0.5,0.703,1,APPROVED
2026-09-21 14:16:09.828807+05:30,23451.2,23451.2,23451.2,23451.2,25000.0,0.2321,LOW_TOXICITY,-3.3e-05,0.0497,HOLD,0,0,0.5,0.703,1,APPROVED
2026-09-21 14:17:01.054747+05:30,23452.95,23452.95,23452.95,23452.95,25000.0,0.2321,LOW_TOXICITY,-3e-05,0.0473,HOLD,0,0,0.5,0.707,1,APPROVED
2026-09-21 14:17:01.798498+05:30,23453.35,23453.35,23453.35,23453.35,25000.0,0.2081,LOW_TOXICITY,-3e-05,0.047,HOLD,0,0,0.5,0.707,1,APPROVED
2026-09-21 14:17:05.572629+05:30,23452.85,23452.85,23452.85,23452.85,25000.0,0.1878,LOW_TOXICITY,-3e-05,0.0486,HOLD,0,0,0.5,0.706,1,APPROVED
2026-09-21 14:17:05.929841+05:30,23452.4,23452.4,23452.4,23452.4,25000.0,0.1922,LOW_TOXICITY,-3.3e-05,0.0493,HOLD,0,0,0.5,0.705,1,APPROVED
2026-09-21 14:17:18.964154+05:30,23455.3,23455.3,23455.3,23455.3,25000.0,0.2336,LOW_TOXICITY,-2.1e-05,0.0415,HOLD,0,0,0.5,0.711,1,APPROVED
2026-09-21 14:18:05.049759+05:30,23456.1,23456.1,23456.1,23456.1,25000.0,0.2081,LOW_TOXICITY,-2.1e-05,0.0467,HOLD,0,0,0.5,0.713,1,APPROVED
2026-09-21 14:18:06.231472+05:30,23456.85,23456.85,23456.85,23456.85,25000.0,0.1878,LOW_TOXICITY,-1.7e-05,0.0516,HOLD,0,0,0.5,0.715,1,APPROVED
2026-09-21 14:18:06.603738+05:30,23456.65,23456.65,23456.65,23456.65,25000.0,0.1922,LOW_TOXICITY,-1.8e-05,0.053,HOLD,0,0,0.5,0.714,1,APPROVED
2026-09-21 14:18:09.356884+05:30,23457.3,23457.3,23457.3,23457.3,25000.0,0.2336,LOW_TOXICITY,-8e-06,0.0416,HOLD,0,0,0.5,0.716,1,APPROVED
2026-09-21 14:19:06.663883+05:30,23461.5,23461.5,23461.5,23461.5,25000.0,0.2466,LOW_TOXICITY,9e-06,0.0432,HOLD,0,0,0.5,0.724,1,APPROVED
2026-09-21 14:19:06.846988+05:30,23461.05,23461.05,23461.05,23461.05,25000.0,0.1878,LOW_TOXICITY,-4e-06,0.0539,HOLD,0,0,0.5,0.724,1,APPROVED
2026-09-21 14:19:07.222528+05:30,23460.95,23460.95,23460.95,23460.95,25000.0,0.1922,LOW_TOXICITY,-6e-06,0.0553,HOLD,0,0,0.5,0.723,1,APPROVED
2026-09-21 14:19:08.235793+05:30,23460.3,23460.3,23460.3,23460.3,25000.0,0.2081,LOW_TOXICITY,-5e-06,0.0501,HOLD,0,0,0.5,0.722,1,APPROVED
2026-09-21 14:20:00.934649+05:30,23459.5,23459.5,23459.5,23459.5,25000.0,0.2081,LOW_TOXICITY,-1e-06,0.0471,HOLD,0,0,0.5,0.72,1,APPROVED
2026-09-21 14:20:07.175004+05:30,23461.4,23461.4,23461.4,23461.4,25000.0,0.2466,LOW_TOXICITY,5e-06,0.0416,HOLD,0,0,0.5,0.724,1,APPROVED
2026-09-21 14:20:07.868532+05:30,23458.45,23458.45,23458.45,23458.45,25000.0,0.1922,LOW_TOXICITY,-4e-06,0.0529,HOLD,0,0,0.5,0.718,1,APPROVED
2026-09-21 14:20:07.456701+05:30,23460.65,23460.65,23460.65,23460.65,25000.0,0.1878,LOW_TOXICITY,5e-06,0.0495,HOLD,0,0,0.5,0.723,1,APPROVED
2026-09-21 14:21:04.208343+05:30,23461.65,23461.65,23461.65,23461.65,25000.0,0.2081,LOW_TOXICITY,1.1e-05,0.0459,HOLD,0,0,0.5,0.725,1,APPROVED
2026-09-21 14:21:07.618496+05:30,23461.85,23461.85,23461.85,23461.85,25000.0,0.2466,LOW_TOXICITY,1.4e-05,0.0404,HOLD,0,0,0.5,0.725,1,APPROVED
2026-09-21 14:21:08.464058+05:30,23461.55,23461.55,23461.55,23461.55,25000.0,0.1922,LOW_TOXICITY,1e-05,0.0521,HOLD,0,0,0.5,0.725,1,APPROVED
2026-09-21 14:21:08.932774+05:30,23461.15,23461.15,23461.15,23461.15,25000.0,0.1878,LOW_TOXICITY,1.1e-05,0.0464,HOLD,0,0,0.5,0.724,1,APPROVED
2026-09-21 14:22:08.124787+05:30,23455.8,23455.8,23455.8,23455.8,25000.0,0.2466,LOW_TOXICITY,1e-06,0.0538,HOLD,0,0,0.5,0.713,1,APPROVED
2026-09-21 14:22:07.413885+05:30,23456.15,23456.15,23456.15,23456.15,25000.0,0.2081,LOW_TOXICITY,-9e-06,0.0548,HOLD,0,0,0.5,0.713,1,APPROVED
2026-09-21 14:22:09.554482+05:30,23456.3,23456.3,23456.3,23456.3,25000.0,0.1878,LOW_TOXICITY,-1.1e-05,0.0541,HOLD,0,0,0.5,0.714,1,APPROVED
2026-09-21 14:22:09.054543+05:30,23455.45,23455.45,23455.45,23455.45,25000.0,0.1922,LOW_TOXICITY,-1e-05,0.0622,HOLD,0,0,0.5,0.712,1,APPROVED
2026-09-21 14:23:00.099054+05:30,23452.55,23452.55,23452.55,23452.55,25000.0,0.1878,LOW_TOXICITY,-1.6e-05,0.055,HOLD,0,0,0.5,0.706,1,APPROVED
2026-09-21 14:23:00.207322+05:30,23453.1,23453.1,23453.1,23453.1,25000.0,0.1922,LOW_TOXICITY,-1e-05,0.0571,HOLD,0,0,0.5,0.707,1,APPROVED
2026-09-21 14:23:00.988688+05:30,23452.4,23452.4,23452.4,23452.4,25000.0,0.2081,LOW_TOXICITY,-1.3e-05,0.0552,HOLD,0,0,0.5,0.705,1,APPROVED
2026-09-21 14:23:08.604167+05:30,23453.9,23453.9,23453.9,23453.9,25000.0,0.2466,LOW_TOXICITY,0.0,0.0509,HOLD,0,0,0.5,0.709,1,APPROVED
2026-09-21 14:24:00.747221+05:30,23456.85,23456.85,23456.85,23456.85,25000.0,0.1878,LOW_TOXICITY,3e-06,0.056,HOLD,0,0,0.5,0.715,1,APPROVED
2026-09-21 14:24:00.859342+05:30,23456.9,23456.9,23456.9,23456.9,25000.0,0.1922,LOW_TOXICITY,4e-06,0.055,HOLD,0,0,0.5,0.715,1,APPROVED
2026-09-21 14:24:04.184944+05:30,23454.85,23454.85,23454.85,23454.85,25000.0,0.2081,LOW_TOXICITY,-4e-06,0.0523,HOLD,0,0,0.5,0.711,1,APPROVED
2026-09-21 14:24:09.052666+05:30,23455.5,23455.5,23455.5,23455.5,25000.0,0.2466,LOW_TOXICITY,1e-05,0.0474,HOLD,0,0,0.5,0.712,1,APPROVED
2026-09-21 14:25:01.407366+05:30,23456.7,23456.7,23456.7,23456.7,25000.0,0.1878,LOW_TOXICITY,1.1e-05,0.0507,HOLD,0,0,0.5,0.714,1,APPROVED
2026-09-21 14:25:01.531190+05:30,23455.45,23455.45,23455.45,23455.45,25000.0,0.1922,LOW_TOXICITY,6e-06,0.0511,HOLD,0,0,0.5,0.712,1,APPROVED
2026-09-21 14:25:07.403855+05:30,23455.55,23455.55,23455.55,23455.55,25000.0,0.2081,LOW_TOXICITY,6e-06,0.0485,HOLD,0,0,0.5,0.712,1,APPROVED
2026-09-21 14:25:09.577533+05:30,23456.1,23456.1,23456.1,23456.1,25000.0,0.2466,LOW_TOXICITY,3e-06,0.0446,HOLD,0,0,0.5,0.713,1,APPROVED
2026-09-21 14:26:00.113619+05:30,23452.8,23452.8,23452.8,23452.8,25000.0,0.2081,LOW_TOXICITY,3e-06,0.0486,HOLD,0,0,0.5,0.706,1,APPROVED
2026-09-21 14:26:02.056877+05:30,23453.1,23453.1,23453.1,23453.1,25000.0,0.1878,LOW_TOXICITY,3e-06,0.0526,HOLD,0,0,0.5,0.707,1,APPROVED
2026-09-21 14:26:02.083682+05:30,23453.1,23453.1,23453.1,23453.1,25000.0,0.1922,LOW_TOXICITY,7e-06,0.0495,HOLD,0,0,0.5,0.707,1,APPROVED
2026-09-21 14:26:10.056477+05:30,23454.15,23454.15,23454.15,23454.15,25000.0,0.2466,LOW_TOXICITY,-8e-06,0.0442,HOLD,0,0,0.5,0.709,1,APPROVED
2026-09-21 14:26:42.681675+05:30,23455.4,23455.4,23455.4,23455.4,25000.0,0.2464,LOW_TOXICITY,-5e-06,0.0439,HOLD,0,0,0.5,0.712,1,APPROVED
2026-09-21 14:27:02.665810+05:30,23456.7,23456.7,23456.7,23456.7,25000.0,0.1878,LOW_TOXICITY,5e-06,0.0529,HOLD,0,0,0.5,0.714,1,APPROVED
2026-09-21 14:27:02.679257+05:30,23456.7,23456.7,23456.7,23456.7,25000.0,0.1922,LOW_TOXICITY,4e-06,0.0503,HOLD,0,0,0.5,0.714,1,APPROVED
2026-09-21 14:27:02.824926+05:30,23456.8,23456.8,23456.8,23456.8,25000.0,0.2464,LOW_TOXICITY,1e-06,0.0425,HOLD,0,0,0.5,0.715,1,APPROVED
2026-09-21 14:27:03.304773+05:30,23457.05,23457.05,23457.05,23457.05,25000.0,0.2081,LOW_TOXICITY,-2e-06,0.0515,HOLD,0,0,0.5,0.715,1,APPROVED
2026-09-21 14:28:03.283568+05:30,23458.95,23458.95,23458.95,23458.95,25000.0,0.1878,LOW_TOXICITY,2e-06,0.0503,HOLD,0,0,0.5,0.719,1,APPROVED
2026-09-21 14:28:03.272001+05:30,23458.95,23458.95,23458.95,23458.95,25000.0,0.1922,LOW_TOXICITY,2e-06,0.0483,HOLD,0,0,0.5,0.719,1,APPROVED
2026-09-21 14:28:03.436088+05:30,23458.4,23458.4,23458.4,23458.4,25000.0,0.2464,LOW_TOXICITY,1.6e-05,0.0418,HOLD,0,0,0.5,0.718,1,APPROVED
2026-09-21 14:28:06.486643+05:30,23459.5,23459.5,23459.5,23459.5,25000.0,0.2081,LOW_TOXICITY,7e-06,0.0507,HOLD,0,0,0.5,0.72,1,APPROVED
2026-09-21 14:29:03.872428+05:30,23451.0,23451.0,23451.0,23451.0,25000.0,0.1878,LOW_TOXICITY,-1.6e-05,0.0688,HOLD,0,0,0.5,0.702,1,APPROVED
2026-09-21 14:29:03.982198+05:30,23451.15,23451.15,23451.15,23451.15,25000.0,0.2464,LOW_TOXICITY,-2e-06,0.0594,HOLD,0,0,0.5,0.703,1,APPROVED
2026-09-21 14:29:04.093606+05:30,23451.0,23451.0,23451.0,23451.0,25000.0,0.1922,LOW_TOXICITY,-1.9e-05,0.0655,HOLD,0,0,0.5,0.702,1,APPROVED
2026-09-21 14:29:09.708930+05:30,23448.05,23448.05,23448.05,23448.05,25000.0,0.2081,LOW_TOXICITY,-2.2e-05,0.0775,HOLD,0,0,0.5,0.696,1,APPROVED
2026-09-21 14:30:02.292285+05:30,23448.5,23448.5,23448.5,23448.5,25000.0,0.2081,LOW_TOXICITY,-1.7e-05,0.0699,HOLD,0,0,0.5,0.697,1,APPROVED
2026-09-21 14:30:04.424069+05:30,23448.95,23448.95,23448.95,23448.95,25000.0,0.2464,LOW_TOXICITY,-1.3e-05,0.0555,HOLD,0,0,0.5,0.698,1,APPROVED
2026-09-21 14:30:04.477111+05:30,23449.55,23449.55,23449.55,23449.55,25000.0,0.1878,LOW_TOXICITY,-1.4e-05,0.0605,HOLD,0,0,0.5,0.699,1,APPROVED
2026-09-21 14:30:04.698375+05:30,23449.45,23449.45,23449.45,23449.45,25000.0,0.1922,LOW_TOXICITY,-1.4e-05,0.0593,HOLD,0,0,0.5,0.699,1,APPROVED
2026-09-21 14:31:04.853299+05:30,23445.55,23445.55,23445.55,23445.55,25000.0,0.2464,LOW_TOXICITY,-2.8e-05,0.0548,HOLD,0,0,0.5,0.691,1,APPROVED
2026-09-21 14:31:05.166075+05:30,23444.55,23444.55,23444.55,23444.55,25000.0,0.1878,LOW_TOXICITY,-1.8e-05,0.0626,HOLD,0,0,0.5,0.689,1,APPROVED
2026-09-21 14:31:05.391717+05:30,23444.55,23444.55,23444.55,23444.55,25000.0,0.1922,LOW_TOXICITY,-1.8e-05,0.0612,HOLD,0,0,0.5,0.689,1,APPROVED
2026-09-21 14:31:05.423486+05:30,23446.45,23446.45,23446.45,23446.45,25000.0,0.2081,LOW_TOXICITY,-1.3e-05,0.0647,HOLD,0,0,0.5,0.693,1,APPROVED
2026-09-21 14:32:05.320805+05:30,23447.95,23447.95,23447.95,23447.95,25000.0,0.2464,LOW_TOXICITY,-3.3e-05,0.0518,HOLD,0,0,0.5,0.696,1,APPROVED
2026-09-21 14:32:05.740399+05:30,23447.6,23447.6,23447.6,23447.6,25000.0,0.1878,LOW_TOXICITY,-1.5e-05,0.0582,HOLD,0,0,0.5,0.695,1,APPROVED
2026-09-21 14:32:05.929344+05:30,23447.6,23447.6,23447.6,23447.6,25000.0,0.1922,LOW_TOXICITY,-1.4e-05,0.0576,HOLD,0,0,0.5,0.695,1,APPROVED
2026-09-21 14:32:08.723618+05:30,23447.7,23447.7,23447.7,23447.7,25000.0,0.2081,LOW_TOXICITY,-1.6e-05,0.0596,HOLD,0,0,0.5,0.696,1,APPROVED
2026-09-21 14:33:01.398424+05:30,23448.5,23448.5,23448.5,23448.5,25000.0,0.2081,LOW_TOXICITY,-2.2e-05,0.0554,HOLD,0,0,0.5,0.697,1,APPROVED
2026-09-21 14:33:05.726633+05:30,23448.35,23448.35,23448.35,23448.35,25000.0,0.2464,LOW_TOXICITY,-3e-05,0.0478,HOLD,0,0,0.5,0.697,1,APPROVED
2026-09-21 14:33:06.361180+05:30,23449.5,23449.5,23449.5,23449.5,25000.0,0.1878,LOW_TOXICITY,-2.1e-05,0.0533,HOLD,0,0,0.5,0.699,1,APPROVED
2026-09-21 14:33:06.503219+05:30,23449.3,23449.3,23449.3,23449.3,25000.0,0.1922,LOW_TOXICITY,-2.1e-05,0.053,HOLD,0,0,0.5,0.699,1,APPROVED
2026-09-21 14:34:04.612897+05:30,23448.35,23448.35,23448.35,23448.35,25000.0,0.2081,LOW_TOXICITY,-3.4e-05,0.0519,HOLD,0,0,0.5,0.697,1,APPROVED
2026-09-21 14:34:06.168351+05:30,23448.25,23448.25,23448.25,23448.25,25000.0,0.2464,LOW_TOXICITY,-4e-05,0.0453,HOLD,0,0,0.5,0.697,1,APPROVED
2026-09-21 14:34:07.008815+05:30,23448.15,23448.15,23448.15,23448.15,25000.0,0.1878,LOW_TOXICITY,-3.7e-05,0.0499,HOLD,0,0,0.5,0.696,1,APPROVED
2026-09-21 14:34:07.078281+05:30,23448.45,23448.45,23448.45,23448.45,25000.0,0.1922,LOW_TOXICITY,-3.6e-05,0.0491,HOLD,0,0,0.5,0.697,1,APPROVED
2026-09-21 14:35:06.655763+05:30,23445.25,23445.25,23445.25,23445.25,25000.0,0.2464,LOW_TOXICITY,-3.3e-05,0.047,HOLD,0,0,0.5,0.69,1,APPROVED
2026-09-21 14:35:07.985466+05:30,23446.2,23446.2,23446.2,23446.2,25000.0,0.1922,LOW_TOXICITY,-3.5e-05,0.0486,HOLD,0,0,0.5,0.692,1,APPROVED
2026-09-21 14:35:07.811575+05:30,23446.2,23446.2,23446.2,23446.2,25000.0,0.2081,LOW_TOXICITY,-3.8e-05,0.0506,HOLD,0,0,0.5,0.692,1,APPROVED
2026-09-21 14:35:08.172550+05:30,23446.3,23446.3,23446.3,23446.3,25000.0,0.1878,LOW_TOXICITY,-4.1e-05,0.0482,HOLD,0,0,0.5,0.693,1,APPROVED
2026-09-21 14:36:00.570182+05:30,23443.15,23443.15,23443.15,23443.15,25000.0,0.2081,LOW_TOXICITY,-5.3e-05,0.0509,HOLD,0,0,0.5,0.686,1,APPROVED
2026-09-21 14:36:07.231930+05:30,23444.35,23444.35,23444.35,23444.35,25000.0,0.2464,LOW_TOXICITY,-2.2e-05,0.0448,HOLD,0,0,0.5,0.689,1,APPROVED
2026-09-21 14:36:08.584923+05:30,23444.75,23444.75,23444.75,23444.75,25000.0,0.1922,LOW_TOXICITY,-4.8e-05,0.0469,HOLD,0,0,0.5,0.689,1,APPROVED
2026-09-21 14:36:09.589068+05:30,23444.6,23444.6,23444.6,23444.6,25000.0,0.1878,LOW_TOXICITY,-4.7e-05,0.0469,HOLD,0,0,0.5,0.689,1,APPROVED
2026-09-21 14:37:00.124520+05:30,23446.3,23446.3,23446.3,23446.3,25000.0,0.1878,LOW_TOXICITY,-2.8e-05,0.0456,HOLD,0,0,0.5,0.693,1,APPROVED
2026-09-21 14:37:03.786940+05:30,23445.35,23445.35,23445.35,23445.35,25000.0,0.2081,LOW_TOXICITY,-3.1e-05,0.0495,HOLD,0,0,0.5,0.691,1,APPROVED
2026-09-21 14:37:07.710527+05:30,23446.05,23446.05,23446.05,23446.05,25000.0,0.2464,LOW_TOXICITY,-2.4e-05,0.0436,HOLD,0,0,0.5,0.692,1,APPROVED
2026-09-21 14:37:09.234156+05:30,23446.75,23446.75,23446.75,23446.75,25000.0,0.1922,LOW_TOXICITY,-2.5e-05,0.0462,HOLD,0,0,0.5,0.694,1,APPROVED
2026-09-21 14:38:00.672615+05:30,23449.05,23449.05,23449.05,23449.05,25000.0,0.1922,LOW_TOXICITY,-1.2e-05,0.0463,HOLD,0,0,0.5,0.698,1,APPROVED
2026-09-21 14:38:00.736857+05:30,23448.65,23448.65,23448.65,23448.65,25000.0,0.1878,LOW_TOXICITY,-1.1e-05,0.0458,HOLD,0,0,0.5,0.698,1,APPROVED
2026-09-21 14:38:08.180869+05:30,23449.85,23449.85,23449.85,23449.85,25000.0,0.2464,LOW_TOXICITY,-1.5e-05,0.0469,HOLD,0,0,0.5,0.7,1,APPROVED
2026-09-21 14:38:07.930688+05:30,23449.6,23449.6,23449.6,23449.6,25000.0,0.2081,LOW_TOXICITY,-8e-06,0.0506,HOLD,0,0,0.5,0.7,1,APPROVED
2026-09-21 14:39:00.683895+05:30,23452.5,23452.5,23452.5,23452.5,25000.0,0.2081,LOW_TOXICITY,-7e-06,0.0497,HOLD,0,0,0.5,0.706,1,APPROVED
2026-09-21 14:39:01.359117+05:30,23452.45,23452.45,23452.45,23452.45,25000.0,0.1922,LOW_TOXICITY,-1.3e-05,0.0489,HOLD,0,0,0.5,0.706,1,APPROVED
2026-09-21 14:39:01.406496+05:30,23452.45,23452.45,23452.45,23452.45,25000.0,0.1878,LOW_TOXICITY,-1.3e-05,0.0493,HOLD,0,0,0.5,0.706,1,APPROVED
2026-09-21 14:39:08.636406+05:30,23450.75,23450.75,23450.75,23450.75,25000.0,0.2464,LOW_TOXICITY,-6e-06,0.0445,HOLD,0,0,0.5,0.702,1,APPROVED
2026-09-21 14:40:02.044704+05:30,23447.85,23447.85,23447.85,23447.85,25000.0,0.1878,LOW_TOXICITY,-2.5e-05,0.0547,HOLD,0,0,0.5,0.696,1,APPROVED
2026-09-21 14:40:02.060178+05:30,23447.85,23447.85,23447.85,23447.85,25000.0,0.1922,LOW_TOXICITY,-2.2e-05,0.0549,HOLD,0,0,0.5,0.696,1,APPROVED
2026-09-21 14:40:04.109690+05:30,23447.95,23447.95,23447.95,23447.95,25000.0,0.2081,LOW_TOXICITY,-2.2e-05,0.054,HOLD,0,0,0.5,0.696,1,APPROVED
2026-09-21 14:40:09.124229+05:30,23447.25,23447.25,23447.25,23447.25,25000.0,0.2464,LOW_TOXICITY,-2.1e-05,0.0477,HOLD,0,0,0.5,0.695,1,APPROVED
2026-09-21 14:41:01.185123+05:30,23450.5,23450.5,23450.5,23450.5,25000.0,0.2464,LOW_TOXICITY,-1.4e-05,0.0483,HOLD,0,0,0.5,0.701,1,APPROVED
2026-09-21 14:41:03.001430+05:30,23450.75,23450.75,23450.75,23450.75,25000.0,0.1878,LOW_TOXICITY,-7e-06,0.0527,HOLD,0,0,0.5,0.702,1,APPROVED
2026-09-21 14:41:03.064662+05:30,23450.65,23450.65,23450.65,23450.65,25000.0,0.1922,LOW_TOXICITY,-7e-06,0.0526,HOLD,0,0,0.5,0.702,1,APPROVED
2026-09-21 14:41:07.961530+05:30,23450.85,23450.85,23450.85,23450.85,25000.0,0.2081,LOW_TOXICITY,-6e-06,0.0522,HOLD,0,0,0.5,0.702,1,APPROVED
2026-09-21 14:42:01.720084+05:30,23449.1,23449.1,23449.1,23449.1,25000.0,0.2464,LOW_TOXICITY,-2.2e-05,0.0463,HOLD,0,0,0.5,0.698,1,APPROVED
2026-09-21 14:42:01.147838+05:30,23449.1,23449.1,23449.1,23449.1,25000.0,0.2081,LOW_TOXICITY,-2.3e-05,0.0495,HOLD,0,0,0.5,0.698,1,APPROVED
2026-09-21 14:42:03.742876+05:30,23448.75,23448.75,23448.75,23448.75,25000.0,0.1878,LOW_TOXICITY,-2.3e-05,0.0503,HOLD,0,0,0.5,0.698,1,APPROVED
2026-09-21 14:42:03.790442+05:30,23448.75,23448.75,23448.75,23448.75,25000.0,0.1922,LOW_TOXICITY,-2.3e-05,0.0501,HOLD,0,0,0.5,0.698,1,APPROVED
2026-09-21 14:43:02.323976+05:30,23450.75,23450.75,23450.75,23450.75,25000.0,0.2464,LOW_TOXICITY,-2.2e-05,0.0446,HOLD,0,0,0.5,0.702,1,APPROVED
2026-09-21 14:43:04.394007+05:30,23451.3,23451.3,23451.3,23451.3,25000.0,0.1878,LOW_TOXICITY,-2.2e-05,0.0491,HOLD,0,0,0.5,0.703,1,APPROVED
2026-09-21 14:43:04.477284+05:30,23451.2,23451.2,23451.2,23451.2,25000.0,0.1922,LOW_TOXICITY,-2.2e-05,0.049,HOLD,0,0,0.5,0.703,1,APPROVED
2026-09-21 14:43:05.115584+05:30,23451.15,23451.15,23451.15,23451.15,25000.0,0.2081,LOW_TOXICITY,-2.4e-05,0.0476,HOLD,0,0,0.5,0.703,1,APPROVED
2026-09-21 14:44:02.821148+05:30,23451.45,23451.45,23451.45,23451.45,25000.0,0.2464,LOW_TOXICITY,1e-06,0.0422,HOLD,0,0,0.5,0.703,1,APPROVED
2026-09-21 14:44:05.094736+05:30,23451.4,23451.4,23451.4,23451.4,25000.0,0.1878,LOW_TOXICITY,1e-06,0.0449,HOLD,0,0,0.5,0.703,1,APPROVED
2026-09-21 14:44:05.153553+05:30,23451.6,23451.6,23451.6,23451.6,25000.0,0.1922,LOW_TOXICITY,2e-06,0.0445,HOLD,0,0,0.5,0.704,1,APPROVED
2026-09-21 14:44:09.011317+05:30,23450.2,23450.2,23450.2,23450.2,25000.0,0.2081,LOW_TOXICITY,6e-06,0.0453,HOLD,0,0,0.5,0.701,1,APPROVED
2026-09-21 14:45:02.242841+05:30,23450.2,23450.2,23450.2,23450.2,25000.0,0.2081,LOW_TOXICITY,5e-06,0.0431,HOLD,0,0,0.5,0.701,1,APPROVED
2026-09-21 14:45:03.498890+05:30,23451.1,23451.1,23451.1,23451.1,25000.0,0.2464,LOW_TOXICITY,6e-06,0.0408,HOLD,0,0,0.5,0.703,1,APPROVED
2026-09-21 14:45:05.855445+05:30,23450.55,23450.55,23450.55,23450.55,25000.0,0.1878,LOW_TOXICITY,3e-06,0.0429,HOLD,0,0,0.5,0.702,1,APPROVED
2026-09-21 14:45:05.919337+05:30,23450.55,23450.55,23450.55,23450.55,25000.0,0.1922,LOW_TOXICITY,3e-06,0.0429,HOLD,0,0,0.5,0.702,1,APPROVED
2026-09-21 14:46:04.032600+05:30,23450.6,23450.6,23450.6,23450.6,25000.0,0.2464,LOW_TOXICITY,1.4e-05,0.0398,HOLD,0,0,0.5,0.702,1,APPROVED
2026-09-21 14:46:06.519441+05:30,23450.75,23450.75,23450.75,23450.75,25000.0,0.1878,LOW_TOXICITY,1.8e-05,0.0411,HOLD,0,0,0.5,0.702,1,APPROVED
2026-09-21 14:46:06.566213+05:30,23450.75,23450.75,23450.75,23450.75,25000.0,0.1922,LOW_TOXICITY,1.8e-05,0.0411,HOLD,0,0,0.5,0.702,1,APPROVED
2026-09-21 14:46:06.161287+05:30,23450.85,23450.85,23450.85,23450.85,25000.0,0.2081,LOW_TOXICITY,1.3e-05,0.0416,HOLD,0,0,0.5,0.702,1,APPROVED
2026-09-21 14:47:04.549529+05:30,23447.5,23447.5,23447.5,23447.5,25000.0,0.2464,LOW_TOXICITY,-1e-06,0.0435,HOLD,0,0,0.5,0.695,1,APPROVED
2026-09-21 14:47:07.192103+05:30,23449.45,23449.45,23449.45,23449.45,25000.0,0.1878,LOW_TOXICITY,5e-06,0.0406,HOLD,0,0,0.5,0.699,1,APPROVED
2026-09-21 14:47:07.224046+05:30,23449.45,23449.45,23449.45,23449.45,25000.0,0.1922,LOW_TOXICITY,5e-06,0.0407,HOLD,0,0,0.5,0.699,1,APPROVED
2026-09-21 14:47:09.894394+05:30,23448.6,23448.6,23448.6,23448.6,25000.0,0.2081,LOW_TOXICITY,3e-06,0.0428,HOLD,0,0,0.5,0.697,1,APPROVED
2026-09-21 14:48:03.308309+05:30,23451.75,23451.75,23451.75,23451.75,25000.0,0.2081,LOW_TOXICITY,9e-06,0.0446,HOLD,0,0,0.5,0.704,1,APPROVED
2026-09-21 14:48:05.109084+05:30,23451.75,23451.75,23451.75,23451.75,25000.0,0.2464,LOW_TOXICITY,1e-05,0.0479,HOLD,0,0,0.5,0.704,1,APPROVED
2026-09-21 14:48:07.817311+05:30,23451.85,23451.85,23451.85,23451.85,25000.0,0.1878,LOW_TOXICITY,7e-06,0.0416,HOLD,0,0,0.5,0.704,1,APPROVED
2026-09-21 14:48:07.896071+05:30,23451.6,23451.6,23451.6,23451.6,25000.0,0.1922,LOW_TOXICITY,7e-06,0.0412,HOLD,0,0,0.5,0.704,1,APPROVED
2026-09-21 14:49:07.181561+05:30,23450.75,23450.75,23450.75,23450.75,25000.0,0.2081,LOW_TOXICITY,7e-06,0.0431,HOLD,0,0,0.5,0.702,1,APPROVED
2026-09-21 14:49:08.502011+05:30,23449.95,23449.95,23449.95,23449.95,25000.0,0.1878,LOW_TOXICITY,5e-06,0.0419,HOLD,0,0,0.5,0.7,1,APPROVED
2026-09-21 14:49:08.565357+05:30,23449.95,23449.95,23449.95,23449.95,25000.0,0.1922,LOW_TOXICITY,4e-06,0.0413,HOLD,0,0,0.5,0.7,1,APPROVED
2026-09-21 14:49:18.497606+05:30,23450.3,23450.3,23450.3,23450.3,25000.0,0.1933,LOW_TOXICITY,2e-05,0.041,HOLD,0,0,0.5,0.701,1,APPROVED
2026-09-21 14:50:00.328109+05:30,23451.2,23451.2,23451.2,23451.2,25000.0,0.2081,LOW_TOXICITY,1.4e-05,0.0414,HOLD,0,0,0.5,0.703,1,APPROVED
2026-09-21 14:50:08.932670+05:30,23452.4,23452.4,23452.4,23452.4,25000.0,0.1933,LOW_TOXICITY,1.8e-05,0.0425,HOLD,0,0,0.5,0.705,1,APPROVED
2026-09-21 14:50:09.220943+05:30,23452.4,23452.4,23452.4,23452.4,25000.0,0.1922,LOW_TOXICITY,1.8e-05,0.0422,HOLD,0,0,0.5,0.705,1,APPROVED
2026-09-21 14:50:09.141700+05:30,23452.3,23452.3,23452.3,23452.3,25000.0,0.1878,LOW_TOXICITY,1.7e-05,0.0423,HOLD,0,0,0.5,0.705,1,APPROVED
2026-09-21 14:51:02.546457+05:30,23452.0,23452.0,23452.0,23452.0,25000.0,0.1878,LOW_TOXICITY,2.1e-05,0.0407,HOLD,0,0,0.5,0.705,1,APPROVED
2026-09-21 14:51:04.296618+05:30,23450.85,23450.85,23450.85,23450.85,25000.0,0.2081,LOW_TOXICITY,2.2e-05,0.0403,HOLD,0,0,0.5,0.702,1,APPROVED
2026-09-21 14:51:09.502898+05:30,23450.5,23450.5,23450.5,23450.5,25000.0,0.1933,LOW_TOXICITY,6e-06,0.0437,HOLD,0,0,0.5,0.701,1,APPROVED
2026-09-21 14:51:09.947441+05:30,23450.6,23450.6,23450.6,23450.6,25000.0,0.1922,LOW_TOXICITY,1.7e-05,0.0421,HOLD,0,0,0.5,0.702,1,APPROVED
2026-09-21 14:52:00.014065+05:30,23450.35,23450.35,23450.35,23450.35,25000.0,0.1933,LOW_TOXICITY,-5e-06,0.0425,HOLD,0,0,0.5,0.701,1,APPROVED
2026-09-21 14:52:00.457296+05:30,23451.5,23451.5,23451.5,23451.5,25000.0,0.1922,LOW_TOXICITY,1.4e-05,0.0408,HOLD,0,0,0.5,0.704,1,APPROVED
2026-09-21 14:52:03.311176+05:30,23452.65,23452.65,23452.65,23452.65,25000.0,0.1878,LOW_TOXICITY,1.8e-05,0.0396,HOLD,0,0,0.5,0.706,1,APPROVED
2026-09-21 14:52:08.051868+05:30,23451.55,23451.55,23451.55,23451.55,25000.0,0.2081,LOW_TOXICITY,1.8e-05,0.0395,HOLD,0,0,0.5,0.704,1,APPROVED
2026-09-21 14:53:00.500959+05:30,23450.45,23450.45,23450.45,23450.45,25000.0,0.1933,LOW_TOXICITY,8e-06,0.0417,HOLD,0,0,0.5,0.701,1,APPROVED
2026-09-21 14:53:03.099906+05:30,23450.7,23450.7,23450.7,23450.7,25000.0,0.1922,LOW_TOXICITY,5e-06,0.04,HOLD,0,0,0.5,0.702,1,APPROVED
2026-09-21 14:53:03.208784+05:30,23450.85,23450.85,23450.85,23450.85,25000.0,0.2081,LOW_TOXICITY,4e-06,0.0392,HOLD,0,0,0.5,0.702,1,APPROVED
2026-09-21 14:53:03.984720+05:30,23450.85,23450.85,23450.85,23450.85,25000.0,0.1878,LOW_TOXICITY,6e-06,0.0403,HOLD,0,0,0.5,0.702,1,APPROVED
2026-09-21 14:54:01.007353+05:30,23448.8,23448.8,23448.8,23448.8,25000.0,0.1933,LOW_TOXICITY,-5e-06,0.0392,HOLD,0,0,0.5,0.698,1,APPROVED
2026-09-21 14:54:03.824914+05:30,23449.8,23449.8,23449.8,23449.8,25000.0,0.1922,LOW_TOXICITY,-8e-06,0.0425,HOLD,0,0,0.5,0.7,1,APPROVED
2026-09-21 14:54:04.688723+05:30,23450.3,23450.3,23450.3,23450.3,25000.0,0.1878,LOW_TOXICITY,-6e-06,0.0395,HOLD,0,0,0.5,0.701,1,APPROVED
2026-09-21 14:54:07.030610+05:30,23449.55,23449.55,23449.55,23449.55,25000.0,0.2081,LOW_TOXICITY,-8e-06,0.0395,HOLD,0,0,0.5,0.699,1,APPROVED
2026-09-21 14:55:00.330882+05:30,23452.0,23452.0,23452.0,23452.0,25000.0,0.2081,LOW_TOXICITY,1.2e-05,0.0411,HOLD,0,0,0.5,0.705,1,APPROVED
2026-09-21 14:55:01.685662+05:30,23452.65,23452.65,23452.65,23452.65,25000.0,0.1933,LOW_TOXICITY,1.1e-05,0.044,HOLD,0,0,0.5,0.706,1,APPROVED
2026-09-21 14:55:04.709966+05:30,23451.55,23451.55,23451.55,23451.55,25000.0,0.1922,LOW_TOXICITY,1.1e-05,0.043,HOLD,0,0,0.5,0.704,1,APPROVED
2026-09-21 14:55:05.550934+05:30,23452.5,23452.5,23452.5,23452.5,25000.0,0.1878,LOW_TOXICITY,1.3e-05,0.0403,HOLD,0,0,0.5,0.706,1,APPROVED
2026-09-21 14:56:02.177912+05:30,23451.1,23451.1,23451.1,23451.1,25000.0,0.1933,LOW_TOXICITY,1e-06,0.0431,HOLD,0,0,0.5,0.703,1,APPROVED
2026-09-21 14:56:04.219214+05:30,23450.2,23450.2,23450.2,23450.2,25000.0,0.2081,LOW_TOXICITY,-2e-06,0.0416,HOLD,0,0,0.5,0.701,1,APPROVED
2026-09-21 14:56:05.408703+05:30,23449.75,23449.75,23449.75,23449.75,25000.0,0.1922,LOW_TOXICITY,-3e-06,0.0438,HOLD,0,0,0.5,0.7,1,APPROVED
2026-09-21 14:56:06.226124+05:30,23450.2,23450.2,23450.2,23450.2,25000.0,0.1878,LOW_TOXICITY,-2e-06,0.0417,HOLD,0,0,0.5,0.701,1,APPROVED
2026-09-21 14:57:02.653706+05:30,23452.65,23452.65,23452.65,23452.65,25000.0,0.1933,LOW_TOXICITY,3e-06,0.0419,HOLD,0,0,0.5,0.706,1,APPROVED
2026-09-21 14:57:06.033845+05:30,23452.1,23452.1,23452.1,23452.1,25000.0,0.1922,LOW_TOXICITY,1e-05,0.0447,HOLD,0,0,0.5,0.705,1,APPROVED
2026-09-21 14:57:06.986621+05:30,23452.8,23452.8,23452.8,23452.8,25000.0,0.1878,LOW_TOXICITY,1.2e-05,0.0426,HOLD,0,0,0.5,0.706,1,APPROVED
2026-09-21 14:57:07.890185+05:30,23452.35,23452.35,23452.35,23452.35,25000.0,0.2081,LOW_TOXICITY,9e-06,0.042,HOLD,0,0,0.5,0.705,1,APPROVED
2026-09-21 14:58:01.084237+05:30,23452.6,23452.6,23452.6,23452.6,25000.0,0.2081,LOW_TOXICITY,4e-06,0.0407,HOLD,0,0,0.5,0.706,1,APPROVED
2026-09-21 14:58:03.217224+05:30,23452.6,23452.6,23452.6,23452.6,25000.0,0.1933,LOW_TOXICITY,7e-06,0.0404,HOLD,0,0,0.5,0.706,1,APPROVED
2026-09-21 14:58:06.680930+05:30,23451.65,23451.65,23451.65,23451.65,25000.0,0.1922,LOW_TOXICITY,1e-06,0.0433,HOLD,0,0,0.5,0.704,1,APPROVED
2026-09-21 14:58:07.908343+05:30,23450.9,23450.9,23450.9,23450.9,25000.0,0.1878,LOW_TOXICITY,-1e-06,0.0426,HOLD,0,0,0.5,0.702,1,APPROVED
2026-09-21 14:59:03.899241+05:30,23447.35,23447.35,23447.35,23447.35,25000.0,0.1933,LOW_TOXICITY,-1e-05,0.0505,HOLD,0,0,0.5,0.695,1,APPROVED
2026-09-21 14:59:05.239354+05:30,23446.3,23446.3,23446.3,23446.3,25000.0,0.2081,LOW_TOXICITY,-1.1e-05,0.0548,HOLD,0,0,0.5,0.693,1,APPROVED
2026-09-21 14:59:07.351205+05:30,23445.4,23445.4,23445.4,23445.4,25000.0,0.1922,LOW_TOXICITY,-1.8e-05,0.0584,HOLD,0,0,0.5,0.691,1,APPROVED
2026-09-21 14:59:08.551353+05:30,23445.55,23445.55,23445.55,23445.55,25000.0,0.1878,LOW_TOXICITY,-1.7e-05,0.0521,HOLD,0,0,0.5,0.691,1,APPROVED
2026-09-21 15:00:04.471535+05:30,23446.2,23446.2,23446.2,23446.2,25000.0,0.1933,LOW_TOXICITY,-8e-06,0.0474,HOLD,0,0,0.5,0.692,1,APPROVED
2026-09-21 15:00:08.083045+05:30,23446.25,23446.25,23446.25,23446.25,25000.0,0.1922,LOW_TOXICITY,-1.2e-05,0.0523,HOLD,0,0,0.5,0.693,1,APPROVED
2026-09-21 15:00:09.292642+05:30,23444.75,23444.75,23444.75,23444.75,25000.0,0.1878,LOW_TOXICITY,-1.6e-05,0.0482,HOLD,0,0,0.5,0.689,1,APPROVED
2026-09-21 15:00:08.993247+05:30,23445.9,23445.9,23445.9,23445.9,25000.0,0.2081,LOW_TOXICITY,-1.2e-05,0.0502,HOLD,0,0,0.5,0.692,1,APPROVED
2026-09-21 15:01:02.404852+05:30,23447.75,23447.75,23447.75,23447.75,25000.0,0.2081,LOW_TOXICITY,-9e-06,0.0478,HOLD,0,0,0.5,0.696,1,APPROVED
2026-09-21 15:01:05.052502+05:30,23447.75,23447.75,23447.75,23447.75,25000.0,0.1933,LOW_TOXICITY,-7e-06,0.0451,HOLD,0,0,0.5,0.696,1,APPROVED
2026-09-21 15:01:08.767933+05:30,23447.75,23447.75,23447.75,23447.75,25000.0,0.1922,LOW_TOXICITY,-9e-06,0.0487,HOLD,0,0,0.5,0.696,1,APPROVED
2026-09-21 15:01:09.943135+05:30,23446.7,23446.7,23446.7,23446.7,25000.0,0.1878,LOW_TOXICITY,-1.2e-05,0.0462,HOLD,0,0,0.5,0.693,1,APPROVED
2026-09-21 15:02:00.739528+05:30,23445.55,23445.55,23445.55,23445.55,25000.0,0.1878,LOW_TOXICITY,-1.1e-05,0.0441,HOLD,0,0,0.5,0.691,1,APPROVED
2026-09-21 15:02:05.718910+05:30,23443.35,23443.35,23443.35,23443.35,25000.0,0.1933,LOW_TOXICITY,-1.9e-05,0.0504,HOLD,0,0,0.5,0.686,1,APPROVED
2026-09-21 15:02:06.478091+05:30,23443.5,23443.5,23443.5,23443.5,25000.0,0.2081,LOW_TOXICITY,-1.5e-05,0.0517,HOLD,0,0,0.5,0.687,1,APPROVED
2026-09-21 15:02:09.397860+05:30,23442.25,23442.25,23442.25,23442.25,25000.0,0.1922,LOW_TOXICITY,-2e-05,0.0579,HOLD,0,0,0.5,0.684,1,APPROVED
2026-09-21 15:03:01.476655+05:30,23442.15,23442.15,23442.15,23442.15,25000.0,0.1878,LOW_TOXICITY,-2.8e-05,0.0469,HOLD,0,0,0.5,0.684,1,APPROVED
2026-09-21 15:03:06.356551+05:30,23442.55,23442.55,23442.55,23442.55,25000.0,0.1933,LOW_TOXICITY,-2.1e-05,0.047,HOLD,0,0,0.5,0.685,1,APPROVED
2026-09-21 15:03:10.069791+05:30,23443.55,23443.55,23443.55,23443.55,25000.0,0.1922,LOW_TOXICITY,-2.3e-05,0.0522,HOLD,0,0,0.5,0.687,1,APPROVED
2026-09-21 15:03:10.579601+05:30,23444.5,23444.5,23444.5,23444.5,25000.0,0.2081,LOW_TOXICITY,-2.1e-05,0.0481,HOLD,0,0,0.5,0.689,1,APPROVED
2026-09-21 15:04:00.586697+05:30,23443.45,23443.45,23443.45,23443.45,25000.0,0.1922,LOW_TOXICITY,-1.8e-05,0.0477,HOLD,0,0,0.5,0.687,1,APPROVED
2026-09-21 15:04:02.154914+05:30,23442.5,23442.5,23442.5,23442.5,25000.0,0.1878,LOW_TOXICITY,-2.1e-05,0.044,HOLD,0,0,0.5,0.685,1,APPROVED
2026-09-21 15:04:03.977651+05:30,23443.0,23443.0,23443.0,23443.0,25000.0,0.2081,LOW_TOXICITY,-2.2e-05,0.0461,HOLD,0,0,0.5,0.686,1,APPROVED
2026-09-21 15:04:08.760989+05:30,23442.65,23442.65,23442.65,23442.65,25000.0,0.1933,LOW_TOXICITY,-2.2e-05,0.0442,HOLD,0,0,0.5,0.685,1,APPROVED
2026-09-21 15:05:01.468232+05:30,23441.05,23441.05,23441.05,23441.05,25000.0,0.1922,LOW_TOXICITY,-3.2e-05,0.0474,HOLD,0,0,0.5,0.682,1,APPROVED
2026-09-21 15:05:02.937057+05:30,23440.6,23440.6,23440.6,23440.6,25000.0,0.1878,LOW_TOXICITY,-3.3e-05,0.0436,HOLD,0,0,0.5,0.681,1,APPROVED
2026-09-21 15:05:07.671019+05:30,23441.25,23441.25,23441.25,23441.25,25000.0,0.2081,LOW_TOXICITY,-2.8e-05,0.045,HOLD,0,0,0.5,0.682,1,APPROVED
2026-09-21 15:05:09.410933+05:30,23440.65,23440.65,23440.65,23440.65,25000.0,0.1933,LOW_TOXICITY,-3.3e-05,0.0439,HOLD,0,0,0.5,0.681,1,APPROVED
2026-09-21 15:06:00.334646+05:30,23442.0,23442.0,23442.0,23442.0,25000.0,0.2081,LOW_TOXICITY,-2.5e-05,0.043,HOLD,0,0,0.5,0.684,1,APPROVED
2026-09-21 15:06:02.112360+05:30,23442.15,23442.15,23442.15,23442.15,25000.0,0.1922,LOW_TOXICITY,-2.4e-05,0.0448,HOLD,0,0,0.5,0.684,1,APPROVED
2026-09-21 15:06:04.729666+05:30,23441.3,23441.3,23441.3,23441.3,25000.0,0.1878,LOW_TOXICITY,-3e-05,0.0417,HOLD,0,0,0.5,0.682,1,APPROVED
2026-09-21 15:06:09.887722+05:30,23440.1,23440.1,23440.1,23440.1,25000.0,0.1933,LOW_TOXICITY,-3e-05,0.042,HOLD,0,0,0.5,0.68,1,APPROVED
2026-09-21 15:07:00.278443+05:30,23439.95,23439.95,23439.95,23439.95,25000.0,0.1933,LOW_TOXICITY,-3e-05,0.0405,HOLD,0,0,0.5,0.679,1,APPROVED
2026-09-21 15:07:02.738886+05:30,23440.9,23440.9,23440.9,23440.9,25000.0,0.1922,LOW_TOXICITY,-3e-05,0.0435,HOLD,0,0,0.5,0.681,1,APPROVED
2026-09-21 15:07:03.684031+05:30,23439.35,23439.35,23439.35,23439.35,25000.0,0.2081,LOW_TOXICITY,-3.5e-05,0.0444,HOLD,0,0,0.5,0.678,1,APPROVED
2026-09-21 15:07:05.401689+05:30,23440.8,23440.8,23440.8,23440.8,25000.0,0.1878,LOW_TOXICITY,-3.4e-05,0.0404,HOLD,0,0,0.5,0.681,1,APPROVED
2026-09-21 15:08:00.785508+05:30,23436.35,23436.35,23436.35,23436.35,25000.0,0.1933,LOW_TOXICITY,-4e-05,0.0452,SELL,-1,-1,0.9879,0.672,1,APPROVED
2026-09-21 15:08:04.417317+05:30,23435.45,23435.45,23435.45,23435.45,25000.0,0.1922,LOW_TOXICITY,-4.3e-05,0.0533,HOLD,0,0,0.5,0.67,1,APPROVED
2026-09-21 15:08:06.047894+05:30,23435.5,23435.5,23435.5,23435.5,25000.0,0.1878,LOW_TOXICITY,-4.4e-05,0.0507,HOLD,0,0,0.5,0.67,1,APPROVED
2026-09-21 15:08:07.754713+05:30,23435.45,23435.45,23435.45,23435.45,25000.0,0.2081,LOW_TOXICITY,-4.4e-05,0.0482,HOLD,0,0,0.5,0.67,1,APPROVED
2026-09-21 15:09:00.700784+05:30,23436.3,23436.3,23436.3,23436.3,25000.0,0.2081,LOW_TOXICITY,-3.8e-05,0.0453,HOLD,0,0,0.5,0.672,1,APPROVED
2026-09-21 15:09:01.890104+05:30,23436.0,23436.0,23436.0,23436.0,25000.0,0.1933,LOW_TOXICITY,-3.6e-05,0.0428,HOLD,0,0,0.5,0.671,1,APPROVED
2026-09-21 15:09:05.797020+05:30,23433.25,23433.25,23433.25,23433.25,25000.0,0.1922,LOW_TOXICITY,-4.7e-05,0.051,HOLD,0,0,0.5,0.665,1,APPROVED
2026-09-21 15:09:06.685082+05:30,23434.95,23434.95,23434.95,23434.95,25000.0,0.1878,LOW_TOXICITY,-4.4e-05,0.0471,HOLD,0,0,0.5,0.669,1,APPROVED
2026-09-21 15:10:00.493226+05:30,23438.75,23438.75,23438.75,23438.75,25000.0,0.1933,LOW_TOXICITY,-4e-05,0.0437,HOLD,0,0,0.5,0.677,1,APPROVED
2026-09-21 15:10:03.938144+05:30,23438.3,23438.3,23438.3,23438.3,25000.0,0.2081,LOW_TOXICITY,-3.9e-05,0.0443,HOLD,0,0,0.5,0.676,1,APPROVED
2026-09-21 15:10:06.431318+05:30,23438.9,23438.9,23438.9,23438.9,25000.0,0.1922,LOW_TOXICITY,-3.6e-05,0.057,HOLD,0,0,0.5,0.677,1,APPROVED
2026-09-21 15:10:07.344959+05:30,23438.4,23438.4,23438.4,23438.4,25000.0,0.1878,LOW_TOXICITY,-4e-05,0.0482,HOLD,0,0,0.5,0.676,1,APPROVED
2026-09-21 15:11:07.075253+05:30,23438.75,23438.75,23438.75,23438.75,25000.0,0.1922,LOW_TOXICITY,-3.1e-05,0.0519,HOLD,0,0,0.5,0.677,1,APPROVED
2026-09-21 15:11:07.123531+05:30,23438.75,23438.75,23438.75,23438.75,25000.0,0.1933,LOW_TOXICITY,-3.5e-05,0.0417,HOLD,0,0,0.5,0.677,1,APPROVED
2026-09-21 15:11:07.009106+05:30,23438.3,23438.3,23438.3,23438.3,25000.0,0.2081,LOW_TOXICITY,-3.4e-05,0.0422,HOLD,0,0,0.5,0.676,1,APPROVED
2026-09-21 15:11:07.982484+05:30,23437.35,23437.35,23437.35,23437.35,25000.0,0.1878,LOW_TOXICITY,-3.7e-05,0.0455,HOLD,0,0,0.5,0.674,1,APPROVED
2026-09-21 15:12:05.358419+05:30,23434.75,23434.75,23434.75,23434.75,25000.0,0.1933,LOW_TOXICITY,-5.1e-05,0.0471,SELL,-1,-1,0.9879,0.668,1,APPROVED
2026-09-21 15:12:07.698279+05:30,23434.2,23434.2,23434.2,23434.2,25000.0,0.1922,LOW_TOXICITY,-5.1e-05,0.0555,HOLD,0,0,0.5,0.667,1,APPROVED
2026-09-21 15:12:08.642673+05:30,23433.25,23433.25,23433.25,23433.25,25000.0,0.1878,LOW_TOXICITY,-5.6e-05,0.0498,HOLD,0,0,0.5,0.665,1,APPROVED
2026-09-21 15:12:10.163399+05:30,23434.7,23434.7,23434.7,23434.7,25000.0,0.2081,LOW_TOXICITY,-5e-05,0.0461,HOLD,0,0,0.5,0.668,1,APPROVED
2026-09-21 15:13:02.756365+05:30,23431.65,23431.65,23431.65,23431.65,25000.0,0.2081,LOW_TOXICITY,-6e-05,0.0474,HOLD,0,0,0.5,0.662,1,APPROVED
2026-09-21 15:13:04.058092+05:30,23434.2,23434.2,23434.2,23434.2,25000.0,0.1933,LOW_TOXICITY,-5.2e-05,0.0444,SELL,1,-1,0.9888,0.667,1,VETO
2026-09-21 15:13:08.303416+05:30,23430.2,23430.2,23430.2,23430.2,25000.0,0.1922,LOW_TOXICITY,-6.1e-05,0.0564,HOLD,0,0,0.5,0.659,1,APPROVED
2026-09-21 15:13:09.252820+05:30,23431.9,23431.9,23431.9,23431.9,25000.0,0.1878,LOW_TOXICITY,-5.4e-05,0.047,HOLD,0,0,0.5,0.662,1,APPROVED
2026-09-21 15:14:05.303613+05:30,23434.25,23434.25,23434.25,23434.25,25000.0,0.1933,LOW_TOXICITY,-3.7e-05,0.0434,HOLD,0,0,0.5,0.667,1,APPROVED
2026-09-21 15:14:05.769268+05:30,23437.1,23437.1,23437.1,23437.1,25000.0,0.2081,LOW_TOXICITY,-2.6e-05,0.0543,HOLD,0,0,0.5,0.673,1,APPROVED
2026-09-21 15:14:08.942326+05:30,23435.2,23435.2,23435.2,23435.2,25000.0,0.1922,LOW_TOXICITY,-2.9e-05,0.0578,HOLD,0,0,0.5,0.669,1,APPROVED
2026-09-21 15:14:09.830290+05:30,23434.0,23434.0,23434.0,23434.0,25000.0,0.1878,LOW_TOXICITY,-3.3e-05,0.0453,HOLD,0,0,0.5,0.667,1,APPROVED
2026-09-21 15:15:00.367248+05:30,23429.0,23429.0,23429.0,23429.0,25000.0,0.1878,LOW_TOXICITY,-4.5e-05,0.0523,HOLD,0,0,0.5,0.656,1,APPROVED
2026-09-21 15:15:05.776187+05:30,23429.0,23429.0,23429.0,23429.0,25000.0,0.1933,LOW_TOXICITY,-4.9e-05,0.0543,SELL,-1,-1,0.9949,0.656,1,APPROVED
2026-09-21 15:15:08.856249+05:30,23429.0,23429.0,23429.0,23429.0,25000.0,0.2081,LOW_TOXICITY,-4.8e-05,0.0693,HOLD,0,0,0.5,0.656,1,APPROVED
2026-09-21 15:15:09.577331+05:30,23429.0,23429.0,23429.0,23429.0,25000.0,0.1922,LOW_TOXICITY,-4.9e-05,0.0642,HOLD,0,0,0.5,0.656,1,APPROVED
2026-09-21 15:16:00.130864+05:30,23429.0,23429.0,23429.0,23429.0,25000.0,0.1922,LOW_TOXICITY,-5.3e-05,0.0573,HOLD,0,0,0.5,0.656,1,APPROVED
2026-09-21 15:16:01.005159+05:30,23429.0,23429.0,23429.0,23429.0,25000.0,0.1878,LOW_TOXICITY,-5e-05,0.0481,HOLD,0,0,0.5,0.656,1,APPROVED
2026-09-21 15:16:01.420263+05:30,23429.0,23429.0,23429.0,23429.0,25000.0,0.2081,LOW_TOXICITY,-5.3e-05,0.0614,HOLD,0,0,0.5,0.656,1,APPROVED
2026-09-21 15:16:05.999631+05:30,23429.0,23429.0,23429.0,23429.0,25000.0,0.1933,LOW_TOXICITY,-5.3e-05,0.0489,SELL,1,1,0.9948,0.656,1,VETO
2026-09-21 15:17:00.743238+05:30,23429.0,23429.0,23429.0,23429.0,25000.0,0.1922,LOW_TOXICITY,-3.8e-05,0.0519,HOLD,0,0,0.5,0.656,1,APPROVED
2026-09-21 15:17:01.606479+05:30,23429.0,23429.0,23429.0,23429.0,25000.0,0.1878,LOW_TOXICITY,-4.7e-05,0.0449,HOLD,0,0,0.5,0.656,1,APPROVED
2026-09-21 15:17:04.252946+05:30,23429.0,23429.0,23429.0,23429.0,25000.0,0.1933,LOW_TOXICITY,-4.1e-05,0.0453,SELL,1,1,0.9948,0.656,1,VETO
2026-09-21 15:17:04.576198+05:30,23429.0,23429.0,23429.0,23429.0,25000.0,0.2081,LOW_TOXICITY,-4.1e-05,0.0552,HOLD,0,0,0.5,0.656,1,APPROVED
2026-09-21 15:18:01.384017+05:30,23429.0,23429.0,23429.0,23429.0,25000.0,0.1922,LOW_TOXICITY,-4.1e-05,0.0477,HOLD,0,0,0.5,0.656,1,APPROVED
2026-09-21 15:18:02.248141+05:30,23429.0,23429.0,23429.0,23429.0,25000.0,0.1878,LOW_TOXICITY,-3.7e-05,0.0425,HOLD,0,0,0.5,0.656,1,APPROVED
2026-09-21 15:18:02.476002+05:30,23429.0,23429.0,23429.0,23429.0,25000.0,0.1933,LOW_TOXICITY,-3.9e-05,0.0431,HOLD,0,0,0.5,0.656,1,APPROVED
2026-09-21 15:18:07.973445+05:30,23429.0,23429.0,23429.0,23429.0,25000.0,0.2081,LOW_TOXICITY,-4.4e-05,0.0503,HOLD,0,0,0.5,0.656,1,APPROVED
2026-09-21 15:19:00.576648+05:30,23429.0,23429.0,23429.0,23429.0,25000.0,0.2081,LOW_TOXICITY,-4e-05,0.0466,HOLD,0,0,0.5,0.656,1,APPROVED
2026-09-21 15:19:01.816582+05:30,23429.0,23429.0,23429.0,23429.0,25000.0,0.1933,LOW_TOXICITY,-3.9e-05,0.0417,HOLD,0,0,0.5,0.656,1,APPROVED
2026-09-21 15:19:02.007776+05:30,23429.0,23429.0,23429.0,23429.0,25000.0,0.1922,LOW_TOXICITY,-4.1e-05,0.0446,HOLD,0,0,0.5,0.656,1,APPROVED
2026-09-21 15:19:02.903328+05:30,23429.0,23429.0,23429.0,23429.0,25000.0,0.1878,LOW_TOXICITY,-3.8e-05,0.0408,HOLD,0,0,0.5,0.656,1,APPROVED
2026-09-21 15:19:34.535569+05:30,23429.0,23429.0,23429.0,23429.0,25000.0,0.201,LOW_TOXICITY,-3.5e-05,0.0416,HOLD,0,0,0.5,0.656,1,APPROVED
2026-09-21 15:20:02.690554+05:30,23429.0,23429.0,23429.0,23429.0,25000.0,0.1922,LOW_TOXICITY,-3.4e-05,0.0422,HOLD,0,0,0.5,0.656,1,APPROVED
2026-09-21 15:20:03.678841+05:30,23429.0,23429.0,23429.0,23429.0,25000.0,0.2081,LOW_TOXICITY,-3.5e-05,0.0439,HOLD,0,0,0.5,0.656,1,APPROVED
2026-09-21 15:20:04.807765+05:30,23429.0,23429.0,23429.0,23429.0,25000.0,0.201,LOW_TOXICITY,-2.7e-05,0.0402,HOLD,0,0,0.5,0.656,1,APPROVED
2026-09-21 15:20:03.500370+05:30,23429.0,23429.0,23429.0,23429.0,25000.0,0.1878,LOW_TOXICITY,-3.3e-05,0.0395,HOLD,0,0,0.5,0.656,1,APPROVED
2026-09-21 15:21:03.302034+05:30,23429.0,23429.0,23429.0,23429.0,25000.0,0.1922,LOW_TOXICITY,-3.7e-05,0.0405,HOLD,0,0,0.5,0.656,1,APPROVED
2026-09-21 15:21:05.304099+05:30,23429.0,23429.0,23429.0,23429.0,25000.0,0.201,LOW_TOXICITY,-1.9e-05,0.0392,HOLD,0,0,0.5,0.656,1,APPROVED
2026-09-21 15:21:05.492606+05:30,23429.0,23429.0,23429.0,23429.0,25000.0,0.1878,LOW_TOXICITY,-3.5e-05,0.0386,HOLD,0,0,0.5,0.656,1,APPROVED
2026-09-21 15:21:06.826592+05:30,23429.0,23429.0,23429.0,23429.0,25000.0,0.2081,LOW_TOXICITY,-3.7e-05,0.0418,HOLD,0,0,0.5,0.656,1,APPROVED
2026-09-21 15:22:03.919456+05:30,23429.0,23429.0,23429.0,23429.0,25000.0,0.1922,LOW_TOXICITY,-3.4e-05,0.0393,HOLD,0,0,0.5,0.656,1,APPROVED
2026-09-21 15:22:05.791342+05:30,23429.0,23429.0,23429.0,23429.0,25000.0,0.201,LOW_TOXICITY,-1.9e-05,0.0385,HOLD,0,0,0.5,0.656,1,APPROVED
2026-09-21 15:22:06.148689+05:30,23429.0,23429.0,23429.0,23429.0,25000.0,0.1878,LOW_TOXICITY,-3.4e-05,0.038,HOLD,0,0,0.5,0.656,1,APPROVED
2026-09-21 15:22:09.902947+05:30,23429.0,23429.0,23429.0,23429.0,25000.0,0.2081,LOW_TOXICITY,-2.9e-05,0.0403,HOLD,0,0,0.5,0.656,1,APPROVED
2026-09-21 15:23:03.173057+05:30,23429.0,23429.0,23429.0,23429.0,25000.0,0.2081,LOW_TOXICITY,-1.8e-05,0.0393,HOLD,0,0,0.5,0.656,1,APPROVED
2026-09-21 15:23:05.285013+05:30,23429.0,23429.0,23429.0,23429.0,25000.0,0.1922,LOW_TOXICITY,-1.8e-05,0.0384,HOLD,0,0,0.5,0.656,1,APPROVED
2026-09-21 15:23:06.256469+05:30,23429.0,23429.0,23429.0,23429.0,25000.0,0.201,LOW_TOXICITY,-2.5e-05,0.0379,HOLD,0,0,0.5,0.656,1,APPROVED
2026-09-21 15:23:06.749764+05:30,23429.0,23429.0,23429.0,23429.0,25000.0,0.1878,LOW_TOXICITY,-1.8e-05,0.0375,HOLD,0,0,0.5,0.656,1,APPROVED
2026-09-21 15:24:06.004214+05:30,23429.0,23429.0,23429.0,23429.0,25000.0,0.1922,LOW_TOXICITY,-1.2e-05,0.0375,HOLD,0,0,0.5,0.656,1,APPROVED
2026-09-21 15:24:06.254368+05:30,23429.0,23429.0,23429.0,23429.0,25000.0,0.2081,LOW_TOXICITY,-2.1e-05,0.0385,HOLD,0,0,0.5,0.656,1,APPROVED
2026-09-21 15:24:06.760744+05:30,23429.0,23429.0,23429.0,23429.0,25000.0,0.201,LOW_TOXICITY,-2.4e-05,0.0392,HOLD,0,0,0.5,0.656,1,APPROVED
2026-09-21 15:24:07.375295+05:30,23429.0,23429.0,23429.0,23429.0,25000.0,0.1878,LOW_TOXICITY,-1.7e-05,0.0394,HOLD,0,0,0.5,0.656,1,APPROVED
2026-09-21 15:25:06.585829+05:30,23429.0,23429.0,23429.0,23429.0,25000.0,0.1922,LOW_TOXICITY,-2.8e-05,0.037,HOLD,0,0,0.5,0.656,1,APPROVED
2026-09-21 15:25:07.291150+05:30,23429.0,23429.0,23429.0,23429.0,25000.0,0.201,LOW_TOXICITY,-1.9e-05,0.0392,HOLD,0,0,0.5,0.656,1,APPROVED
2026-09-21 15:25:08.019025+05:30,23429.0,23429.0,23429.0,23429.0,25000.0,0.1878,LOW_TOXICITY,-2.7e-05,0.0393,HOLD,0,0,0.5,0.656,1,APPROVED
2026-09-21 15:25:09.300949+05:30,23429.0,23429.0,23429.0,23429.0,25000.0,0.2081,LOW_TOXICITY,-2.6e-05,0.038,HOLD,0,0,0.5,0.656,1,APPROVED
2026-09-21 15:26:01.891571+05:30,23429.0,23429.0,23429.0,23429.0,25000.0,0.2081,LOW_TOXICITY,-2.6e-05,0.0376,HOLD,0,0,0.5,0.656,1,APPROVED
2026-09-21 15:26:07.061366+05:30,23429.0,23429.0,23429.0,23429.0,25000.0,0.1922,LOW_TOXICITY,-2.8e-05,0.0367,HOLD,0,0,0.5,0.656,1,APPROVED
2026-09-21 15:26:07.724807+05:30,23429.0,23429.0,23429.0,23429.0,25000.0,0.201,LOW_TOXICITY,-1e-06,0.0391,HOLD,0,0,0.5,0.656,1,APPROVED
2026-09-21 15:26:08.606191+05:30,23429.0,23429.0,23429.0,23429.0,25000.0,0.1878,LOW_TOXICITY,-2.4e-05,0.0393,HOLD,0,0,0.5,0.656,1,APPROVED
2026-09-21 15:27:04.932713+05:30,23429.0,23429.0,23429.0,23429.0,25000.0,0.2081,LOW_TOXICITY,-1.6e-05,0.0373,HOLD,0,0,0.5,0.656,1,APPROVED
2026-09-21 15:27:07.564603+05:30,23429.0,23429.0,23429.0,23429.0,25000.0,0.1922,LOW_TOXICITY,-1.5e-05,0.0365,HOLD,0,0,0.5,0.656,1,APPROVED
2026-09-21 15:27:08.212870+05:30,23429.0,23429.0,23429.0,23429.0,25000.0,0.201,LOW_TOXICITY,-1.8e-05,0.0391,HOLD,0,0,0.5,0.656,1,APPROVED
2026-09-21 15:27:09.248129+05:30,23429.0,23429.0,23429.0,23429.0,25000.0,0.1878,LOW_TOXICITY,-1.2e-05,0.0392,HOLD,0,0,0.5,0.656,1,APPROVED
2026-09-21 15:28:08.085632+05:30,23429.0,23429.0,23429.0,23429.0,25000.0,0.1922,LOW_TOXICITY,-3e-06,0.0363,HOLD,0,0,0.5,0.656,1,APPROVED
2026-09-21 15:28:08.014240+05:30,23429.0,23429.0,23429.0,23429.0,25000.0,0.2081,LOW_TOXICITY,-8e-06,0.0369,HOLD,0,0,0.5,0.656,1,APPROVED
2026-09-21 15:28:08.690737+05:30,23429.0,23429.0,23429.0,23429.0,25000.0,0.201,LOW_TOXICITY,0.0,0.0391,HOLD,0,0,0.5,0.656,1,APPROVED
2026-09-21 15:28:09.861821+05:30,23429.0,23429.0,23429.0,23429.0,25000.0,0.1878,LOW_TOXICITY,-8e-06,0.0392,HOLD,0,0,0.5,0.656,1,APPROVED
2026-09-21 15:29:00.387896+05:30,23414.3,23414.3,23414.3,23414.3,25000.0,0.1878,LOW_TOXICITY,-5.6e-05,0.1012,HOLD,0,0,0.5,0.625,1,APPROVED
2026-09-21 15:29:00.675225+05:30,23414.3,23414.3,23414.3,23414.3,25000.0,0.2081,LOW_TOXICITY,-6.5e-05,0.0944,HOLD,0,0,0.5,0.625,1,APPROVED
2026-09-21 15:29:08.561185+05:30,23414.3,23414.3,23414.3,23414.3,25000.0,0.1922,LOW_TOXICITY,-5.9e-05,0.0943,HOLD,0,0,0.5,0.625,1,APPROVED
2026-09-21 15:29:09.160225+05:30,23414.3,23414.3,23414.3,23414.3,25000.0,0.201,LOW_TOXICITY,-4.2e-05,0.1057,SELL,-1,-1,0.9914,0.625,1,APPROVED
