timestamp,open,high,low,close,volume,vpin,vpin_regime,garch_mu,garch_vol,garch_signal,svm_pred,xgb_pred,xgb_conf,week_pos,trend_15m,decision
2026-09-17 09:15:00.179190+05:30,23216.85,23222.8,23193.65,23216.85,1789420.0,0.1512,LOW_TOXICITY,-2.1e-05,0.073,HOLD,0,0,0.5,0.211,-1,APPROVED
2026-09-17 09:15:00.909017+05:30,23215.85,23234.5,23193.65,23215.85,2252573.0,0.1512,LOW_TOXICITY,-2.4e-05,0.0733,HOLD,0,0,0.5,0.209,-1,APPROVED
2026-09-17 09:16:04.646656+05:30,23210.7,23213.9,23209.9,23210.7,203240.0,0.1512,LOW_TOXICITY,-3.9e-05,0.0783,HOLD,0,0,0.5,0.198,-1,APPROVED
2026-09-17 09:16:06.252500+05:30,23205.7,23213.9,23205.7,23205.7,278206.0,0.1512,LOW_TOXICITY,-5.3e-05,0.0909,HOLD,0,0,0.5,0.188,-1,APPROVED
2026-09-17 09:17:00.957489+05:30,23218.8,23220.3,23217.1,23218.8,97927.0,0.1512,LOW_TOXICITY,-1.5e-05,0.0907,HOLD,0,0,0.5,0.215,-1,APPROVED
2026-09-17 09:17:02.548045+05:30,23220.05,23221.15,23217.1,23220.05,115275.0,0.1512,LOW_TOXICITY,-1.2e-05,0.1218,HOLD,0,0,0.5,0.218,-1,APPROVED
2026-09-17 09:18:05.302936+05:30,23249.1,23250.2,23243.35,23249.1,143582.0,0.1512,LOW_TOXICITY,7.2e-05,0.2002,HOLD,0,0,0.5,0.279,-1,APPROVED
2026-09-17 09:18:06.924194+05:30,23252.3,23252.4,23243.35,23252.3,180102.0,0.1512,LOW_TOXICITY,8.1e-05,0.2212,BUY,1,1,0.9946,0.286,-1,APPROVED
2026-09-17 09:19:01.668405+05:30,23256.3,23259.2,23254.0,23256.3,50112.0,0.1512,LOW_TOXICITY,9.2e-05,0.1766,BUY,1,1,0.9946,0.294,-1,APPROVED
2026-09-17 09:19:02.015215+05:30,23256.3,23259.3,23254.0,23256.3,77537.0,0.1512,LOW_TOXICITY,9.2e-05,0.1896,BUY,1,1,0.9945,0.294,-1,APPROVED
2026-09-17 09:20:04.509125+05:30,23253.8,23257.45,23251.2,23253.8,149976.0,0.1512,LOW_TOXICITY,8.5e-05,0.1255,BUY,-1,-1,0.9926,0.289,-1,VETO
2026-09-17 09:20:06.262161+05:30,23251.4,23257.45,23251.1,23251.4,161146.0,0.1512,LOW_TOXICITY,7.8e-05,0.1327,HOLD,0,0,0.5,0.284,-1,APPROVED
2026-09-17 09:21:00.759205+05:30,23257.5,23258.05,23254.05,23257.5,66796.0,0.1512,LOW_TOXICITY,9.6e-05,0.1041,BUY,1,1,0.9945,0.297,-1,APPROVED
2026-09-17 09:21:01.278851+05:30,23258.85,23259.15,23254.05,23258.85,99706.0,0.1512,LOW_TOXICITY,0.0001,0.1163,BUY,1,1,0.9946,0.299,-1,APPROVED
2026-09-17 09:22:04.232099+05:30,23254.45,23256.45,23253.85,23254.45,118950.0,0.1512,LOW_TOXICITY,8.7e-05,0.0907,BUY,-1,-1,0.9943,0.29,-1,VETO
2026-09-17 09:22:05.591521+05:30,23254.0,23256.45,23253.55,23254.0,126302.0,0.1512,LOW_TOXICITY,8.6e-05,0.1,BUY,-1,-1,0.9936,0.289,-1,VETO
2026-09-17 09:23:00.563962+05:30,23239.35,23242.25,23239.2,23239.35,32136.0,0.1512,LOW_TOXICITY,4.4e-05,0.1275,HOLD,0,0,0.5,0.259,-1,APPROVED
2026-09-17 09:23:07.242468+05:30,23241.55,23242.25,23237.6,23241.55,173879.0,0.1512,LOW_TOXICITY,5e-05,0.1155,HOLD,0,0,0.5,0.263,-1,APPROVED
2026-09-17 09:24:01.383478+05:30,23239.0,23240.1,23236.2,23239.0,159605.0,0.1512,LOW_TOXICITY,4.3e-05,0.0963,HOLD,0,0,0.5,0.258,-1,APPROVED
2026-09-17 09:24:02.363222+05:30,23238.05,23240.1,23236.2,23238.05,177016.0,0.1512,LOW_TOXICITY,4e-05,0.102,HOLD,0,0,0.5,0.256,-1,APPROVED
2026-09-17 09:25:00.544188+05:30,23228.45,23230.45,23227.45,23228.45,22019.0,0.1512,LOW_TOXICITY,1.2e-05,0.1077,HOLD,0,0,0.5,0.236,-1,APPROVED
2026-09-17 09:25:02.142161+05:30,23227.9,23230.45,23227.45,23227.9,97601.0,0.1512,LOW_TOXICITY,1.1e-05,0.1087,HOLD,0,0,0.5,0.235,-1,APPROVED
2026-09-17 09:26:04.901889+05:30,23235.05,23235.5,23232.6,23235.05,154710.0,0.1512,LOW_TOXICITY,3.1e-05,0.1011,HOLD,0,0,0.5,0.25,-1,APPROVED
2026-09-17 09:26:06.482219+05:30,23234.5,23235.75,23232.6,23234.5,164563.0,0.1512,LOW_TOXICITY,3e-05,0.1016,HOLD,0,0,0.5,0.248,-1,APPROVED
2026-09-17 09:27:01.283212+05:30,23239.9,23239.9,23237.5,23239.9,41157.0,0.1512,LOW_TOXICITY,4.5e-05,0.0934,HOLD,0,0,0.5,0.26,-1,APPROVED
2026-09-17 09:27:02.859738+05:30,23241.15,23241.3,23237.5,23241.15,87407.0,0.1512,LOW_TOXICITY,4.9e-05,0.0983,HOLD,0,0,0.5,0.262,-1,APPROVED
2026-09-17 09:28:05.651103+05:30,23254.35,23254.35,23249.6,23254.35,110783.0,0.1512,LOW_TOXICITY,8.7e-05,0.1264,BUY,1,1,0.9946,0.29,-1,APPROVED
2026-09-17 09:28:07.203489+05:30,23254.85,23255.35,23249.6,23254.85,129382.0,0.1512,LOW_TOXICITY,8.8e-05,0.125,BUY,1,1,0.9946,0.291,-1,APPROVED
2026-09-17 09:29:01.917396+05:30,23258.4,23259.2,23257.55,23258.4,105433.0,0.1512,LOW_TOXICITY,0.000117,0.1052,BUY,1,1,0.9945,0.298,-1,APPROVED
2026-09-17 09:29:03.163927+05:30,23257.7,23259.2,23257.4,23257.7,116114.0,0.1512,LOW_TOXICITY,0.000115,0.1024,BUY,1,1,0.9945,0.297,-1,APPROVED
2026-09-17 09:29:52.382496+05:30,23249.75,23259.2,23246.9,23249.75,613041.0,0.1986,LOW_TOXICITY,0.000108,0.0937,BUY,1,1,0.9925,0.28,-1,APPROVED
2026-09-17 09:30:00.341826+05:30,23254.55,23254.55,23155.04,23254.55,12701.0,0.1512,LOW_TOXICITY,0.000108,0.0933,BUY,-1,-1,0.7238,0.29,-1,VETO
2026-09-17 09:30:01.092387+05:30,23253.1,23254.55,23252.15,23253.1,167757.0,0.1986,LOW_TOXICITY,9.9e-05,0.0869,BUY,1,1,0.9925,0.287,-1,APPROVED
2026-09-17 09:30:00.610972+05:30,23253.1,23254.55,23252.15,23253.1,167757.0,0.1512,LOW_TOXICITY,0.000107,0.0931,BUY,-1,-1,0.8903,0.287,-1,VETO
2026-09-17 09:31:05.752356+05:30,23263.85,23264.65,23260.7,23263.85,96418.0,0.1512,LOW_TOXICITY,0.000167,0.1096,BUY,1,1,0.697,0.31,-1,APPROVED
2026-09-17 09:31:07.279588+05:30,23262.8,23262.8,23166.34,23262.8,12701.0,0.1986,LOW_TOXICITY,5.1e-05,0.102,HOLD,0,0,0.5,0.308,-1,APPROVED
2026-09-17 09:31:07.347203+05:30,23264.1,23264.65,23260.7,23264.1,113299.0,0.1512,LOW_TOXICITY,0.000153,0.1046,BUY,1,1,0.6713,0.31,-1,APPROVED
2026-09-17 09:31:46.339619+05:30,23263.95,23265.3,23259.5,23263.95,378157.0,0.199,LOW_TOXICITY,5.4e-05,0.0863,HOLD,0,0,0.5,0.31,-1,APPROVED
2026-09-17 09:32:02.656159+05:30,23263.95,23271.2,23263.95,23263.95,33798.0,0.199,LOW_TOXICITY,2.2e-05,0.0799,HOLD,0,0,0.5,0.31,-1,APPROVED
2026-09-17 09:32:01.901105+05:30,23270.35,23271.25,23268.8,23270.35,43398.0,0.1512,LOW_TOXICITY,0.000144,0.1021,BUY,1,1,0.697,0.324,-1,APPROVED
2026-09-17 09:32:04.420180+05:30,23270.75,23271.25,23268.8,23270.75,106245.0,0.1512,LOW_TOXICITY,0.000149,0.0999,BUY,1,1,0.6713,0.324,-1,APPROVED
2026-09-17 09:32:03.833396+05:30,23268.3,23271.25,23268.3,23268.3,117687.0,0.1986,LOW_TOXICITY,3.4e-05,0.0956,HOLD,0,0,0.5,0.319,-1,APPROVED
2026-09-17 09:33:03.884269+05:30,23281.9,23282.0,23280.35,23281.9,90350.0,0.1512,LOW_TOXICITY,8.5e-05,0.1166,BUY,1,1,0.9039,0.348,-1,APPROVED
2026-09-17 09:33:07.012087+05:30,23282.7,23282.7,23280.35,23282.7,200173.0,0.199,LOW_TOXICITY,7.7e-05,0.1424,HOLD,0,0,0.5,0.349,-1,APPROVED
2026-09-17 09:33:06.404850+05:30,23282.5,23283.15,23280.35,23282.5,259190.0,0.1512,LOW_TOXICITY,9.6e-05,0.1163,BUY,1,1,0.576,0.349,-1,APPROVED
2026-09-17 09:33:07.492417+05:30,23282.3,23282.3,23183.62,23282.3,12701.0,0.1986,LOW_TOXICITY,7.5e-05,0.1238,HOLD,0,0,0.5,0.349,-1,APPROVED
2026-09-17 09:34:03.397509+05:30,23275.85,23279.6,23275.25,23275.85,204985.0,0.199,LOW_TOXICITY,6e-05,0.1199,HOLD,0,0,0.5,0.335,-1,APPROVED
2026-09-17 09:34:02.327041+05:30,23274.65,23279.6,23274.65,23274.65,234253.0,0.1986,LOW_TOXICITY,5.6e-05,0.1113,HOLD,0,0,0.5,0.333,-1,APPROVED
2026-09-17 09:34:02.184237+05:30,23276.1,23279.6,23274.65,23276.1,252811.0,0.1512,LOW_TOXICITY,5.7e-05,0.1038,HOLD,0,0,0.5,0.336,-1,APPROVED
2026-09-17 09:34:06.113711+05:30,23276.45,23279.6,23274.65,23276.45,276467.0,0.1512,LOW_TOXICITY,5.8e-05,0.1018,HOLD,0,0,0.5,0.336,-1,APPROVED
2026-09-17 09:35:07.807561+05:30,23275.85,23287.0,23275.85,23275.85,132669.0,0.199,LOW_TOXICITY,5.7e-05,0.0989,HOLD,0,0,0.5,0.335,-1,APPROVED
2026-09-17 09:35:05.989784+05:30,23285.7,23285.7,23188.15,23285.7,12701.0,0.1986,LOW_TOXICITY,8.5e-05,0.1179,BUY,1,1,0.9961,0.356,-1,APPROVED
2026-09-17 09:35:05.788821+05:30,23285.4,23285.4,23189.59,23285.4,12701.0,0.1512,LOW_TOXICITY,9.1e-05,0.1082,BUY,1,1,0.8982,0.355,-1,APPROVED
2026-09-17 09:35:07.615803+05:30,23291.7,23292.65,23283.65,23291.7,166015.0,0.1512,LOW_TOXICITY,0.000115,0.1335,BUY,1,1,0.697,0.368,-1,APPROVED
2026-09-17 09:36:01.901319+05:30,23301.4,23301.5,23299.75,23301.4,104360.0,0.1986,LOW_TOXICITY,0.000174,0.1403,BUY,1,1,0.9925,0.389,-1,APPROVED
2026-09-17 09:36:04.203163+05:30,23275.85,23301.75,23275.85,23275.85,109877.0,0.199,LOW_TOXICITY,0.000101,0.0867,BUY,1,1,0.9939,0.335,-1,APPROVED
2026-09-17 09:36:05.192380+05:30,23300.45,23301.8,23299.75,23300.45,136388.0,0.1512,LOW_TOXICITY,0.000119,0.121,BUY,1,1,0.697,0.387,-1,APPROVED
2026-09-17 09:36:04.511111+05:30,23300.25,23301.8,23299.75,23300.25,139915.0,0.1512,LOW_TOXICITY,0.000122,0.1334,BUY,1,1,0.6301,0.386,-1,APPROVED
2026-09-17 09:37:02.556903+05:30,23292.25,23294.5,23291.15,23292.25,98425.0,0.199,LOW_TOXICITY,0.000156,0.1322,BUY,1,1,0.9942,0.369,-1,APPROVED
2026-09-17 09:38:03.066630+05:30,23292.3,23295.2,23291.8,23292.3,38091.0,0.199,LOW_TOXICITY,0.000182,0.1062,BUY,1,1,0.9942,0.37,-1,APPROVED
2026-09-17 09:39:07.469006+05:30,23278.05,23284.9,23277.55,23278.05,147702.0,0.199,LOW_TOXICITY,0.00013,0.1265,BUY,-1,-1,0.9963,0.34,-1,VETO
2026-09-17 09:40:03.859086+05:30,23272.5,23275.2,23271.6,23272.5,55844.0,0.199,LOW_TOXICITY,0.0001,0.1089,BUY,-1,-1,0.9963,0.328,-1,VETO
2026-09-17 09:41:00.221506+05:30,23272.25,23274.55,23272.2,23272.25,79006.0,0.199,LOW_TOXICITY,6.6e-05,0.0933,HOLD,0,0,0.5,0.328,-1,APPROVED
2026-09-17 09:42:04.573825+05:30,23258.25,23262.1,23258.1,23258.25,126785.0,0.199,LOW_TOXICITY,3e-06,0.1199,HOLD,0,0,0.5,0.298,-1,APPROVED
2026-09-17 09:43:00.953254+05:30,23236.6,23237.25,23234.9,23236.6,30826.0,0.199,LOW_TOXICITY,-4.4e-05,0.1661,HOLD,0,0,0.5,0.253,-1,APPROVED
2026-09-17 09:44:05.384515+05:30,23249.4,23251.6,23248.65,23249.4,44177.0,0.199,LOW_TOXICITY,-3.8e-05,0.1523,HOLD,0,0,0.5,0.28,-1,APPROVED
2026-09-17 09:45:01.771942+05:30,23255.25,23255.25,23252.5,23255.25,26553.0,0.199,LOW_TOXICITY,-1.6e-05,0.1259,HOLD,0,0,0.5,0.292,-1,APPROVED
2026-09-17 09:46:07.027874+05:30,23248.0,23250.0,23246.85,23248.0,37360.0,0.199,LOW_TOXICITY,-4.6e-05,0.1122,HOLD,0,0,0.5,0.277,-1,APPROVED
2026-09-17 09:47:03.391332+05:30,23252.65,23253.4,23251.45,23252.65,16846.0,0.199,LOW_TOXICITY,-3.2e-05,0.1,HOLD,0,0,0.5,0.286,-1,APPROVED
2026-09-17 09:48:07.752712+05:30,23262.95,23263.85,23258.95,23262.95,61281.0,0.199,LOW_TOXICITY,-5.7e-05,0.1098,HOLD,0,0,0.5,0.308,-1,APPROVED
2026-09-17 09:49:04.104079+05:30,23265.35,23265.35,23262.3,23265.35,71248.0,0.199,LOW_TOXICITY,-3e-05,0.0957,HOLD,0,0,0.5,0.313,-1,APPROVED
2026-09-17 09:50:00.514967+05:30,23265.4,23268.4,23265.25,23265.4,8770.0,0.199,LOW_TOXICITY,-3e-05,0.0857,HOLD,0,0,0.5,0.313,-1,APPROVED
2026-09-17 09:51:04.866614+05:30,23267.25,23267.85,23264.1,23267.25,44402.0,0.199,LOW_TOXICITY,-2.5e-05,0.0813,HOLD,0,0,0.5,0.317,-1,APPROVED
2026-09-17 09:52:01.279404+05:30,23269.8,23270.8,23269.0,23269.8,18781.0,0.199,LOW_TOXICITY,-6.4e-05,0.0799,HOLD,0,0,0.5,0.322,-1,APPROVED
2026-09-17 09:53:05.689232+05:30,23275.4,23279.6,23275.15,23275.4,69120.0,0.199,LOW_TOXICITY,-4.8e-05,0.0854,HOLD,0,0,0.5,0.334,-1,APPROVED
2026-09-17 09:54:02.041192+05:30,23277.8,23277.9,23276.2,23277.8,27650.0,0.199,LOW_TOXICITY,-1e-06,0.0818,HOLD,0,0,0.5,0.339,-1,APPROVED
2026-09-17 09:55:06.824291+05:30,23286.3,23286.3,23283.0,23286.3,79846.0,0.199,LOW_TOXICITY,4e-05,0.0954,HOLD,0,0,0.5,0.357,-1,APPROVED
2026-09-17 09:56:03.163207+05:30,23286.6,23287.85,23285.3,23286.6,103138.0,0.199,LOW_TOXICITY,4.1e-05,0.0856,HOLD,0,0,0.5,0.358,-1,APPROVED
2026-09-17 09:57:07.515765+05:30,23275.35,23276.35,23274.25,23275.35,114265.0,0.199,LOW_TOXICITY,4.9e-05,0.1057,HOLD,0,0,0.5,0.334,-1,APPROVED
2026-09-17 09:58:03.918440+05:30,23284.5,23286.3,23284.3,23284.5,34276.0,0.199,LOW_TOXICITY,0.000137,0.1087,BUY,1,1,0.9758,0.353,-1,APPROVED
2026-09-17 09:59:04.473741+05:30,23285.85,23287.05,23285.7,23285.85,86789.0,0.199,LOW_TOXICITY,0.000104,0.0933,BUY,1,1,0.9758,0.356,-1,APPROVED
2026-09-17 10:00:04.045575+05:30,23284.2,23286.65,23283.45,23284.2,61507.0,0.199,LOW_TOXICITY,8.3e-05,0.085,BUY,-1,-1,0.9916,0.353,-1,VETO
2026-09-17 10:01:04.423736+05:30,23283.7,23284.4,23282.4,23283.7,39991.0,0.199,LOW_TOXICITY,0.000102,0.08,BUY,1,-1,0.9791,0.352,-1,VETO
2026-09-17 10:02:03.945889+05:30,23288.9,23289.0,23287.45,23288.9,41877.0,0.199,LOW_TOXICITY,0.000104,0.0845,BUY,1,-1,0.5763,0.362,-1,APPROVED
2026-09-17 10:03:03.813444+05:30,23293.95,23294.55,23292.55,23293.95,65182.0,0.199,LOW_TOXICITY,8.9e-05,0.0863,BUY,1,-1,0.5746,0.373,-1,APPROVED
2026-09-17 10:04:03.976944+05:30,23295.35,23295.7,23293.8,23295.35,41019.0,0.199,LOW_TOXICITY,8.6e-05,0.0814,BUY,1,-1,0.5813,0.376,-1,APPROVED
2026-09-17 10:05:03.868713+05:30,23296.55,23297.85,23293.6,23296.55,80151.0,0.199,LOW_TOXICITY,8.9e-05,0.0786,BUY,1,-1,0.6268,0.379,-1,APPROVED
2026-09-17 10:06:03.801041+05:30,23306.65,23308.25,23305.85,23306.65,26678.0,0.199,LOW_TOXICITY,0.000113,0.1002,BUY,1,1,0.6743,0.4,-1,APPROVED
2026-09-17 10:07:03.221362+05:30,23303.9,23311.05,23303.9,23303.9,104252.0,0.199,LOW_TOXICITY,9.8e-05,0.0897,BUY,-1,-1,0.9791,0.394,-1,VETO
2026-09-17 10:08:03.221282+05:30,23302.9,23303.75,23301.6,23302.9,22196.0,0.199,LOW_TOXICITY,7.9e-05,0.0827,HOLD,0,0,0.5,0.392,-1,APPROVED
2026-09-17 10:09:02.910730+05:30,23307.9,23308.15,23306.6,23307.9,23201.0,0.199,LOW_TOXICITY,8.6e-05,0.0851,BUY,1,-1,0.5746,0.402,-1,APPROVED
2026-09-17 10:10:02.931152+05:30,23310.15,23310.65,23307.85,23310.15,85262.0,0.199,LOW_TOXICITY,6.8e-05,0.0815,HOLD,0,0,0.5,0.407,-1,APPROVED
2026-09-17 10:11:02.960035+05:30,23319.25,23319.75,23316.05,23319.25,79610.0,0.199,LOW_TOXICITY,9.3e-05,0.0973,BUY,1,1,0.6759,0.426,-1,APPROVED
2026-09-17 10:12:03.518817+05:30,23320.75,23322.5,23320.2,23320.75,42194.0,0.199,LOW_TOXICITY,0.00013,0.0872,BUY,1,-1,0.5831,0.429,-1,APPROVED
2026-09-17 10:13:04.277323+05:30,23316.5,23320.05,23315.5,23316.5,142602.0,0.199,LOW_TOXICITY,9.2e-05,0.0851,BUY,-1,-1,0.9791,0.42,-1,VETO
2026-09-17 10:14:04.781755+05:30,23315.45,23318.95,23314.85,23315.45,41224.0,0.199,LOW_TOXICITY,8.5e-05,0.0802,BUY,-1,-1,0.9791,0.418,-1,VETO
2026-09-17 10:15:05.365464+05:30,23313.7,23314.75,23311.05,23313.7,70006.0,0.199,LOW_TOXICITY,8.4e-05,0.0782,BUY,-1,-1,0.9791,0.414,-1,VETO
2026-09-17 10:16:01.017362+05:30,23312.05,23314.05,23312.0,23312.05,35431.0,0.199,LOW_TOXICITY,8.1e-05,0.0771,BUY,-1,-1,0.5285,0.411,-1,VETO
2026-09-17 10:17:01.017430+05:30,23310.55,23311.4,23309.95,23310.55,22563.0,0.199,LOW_TOXICITY,6.2e-05,0.0764,HOLD,0,0,0.5,0.408,-1,APPROVED
2026-09-17 10:18:02.575398+05:30,23302.9,23304.45,23302.4,23302.9,52553.0,0.199,LOW_TOXICITY,2.6e-05,0.0889,HOLD,0,0,0.5,0.392,-1,APPROVED
2026-09-17 10:19:02.663617+05:30,23300.4,23302.2,23300.2,23300.4,71180.0,0.199,LOW_TOXICITY,1.4e-05,0.0833,HOLD,0,0,0.5,0.387,-1,APPROVED
2026-09-17 10:20:02.919573+05:30,23294.05,23297.15,23293.7,23294.05,28684.0,0.199,LOW_TOXICITY,-7e-06,0.0879,HOLD,0,0,0.5,0.373,-1,APPROVED
2026-09-17 10:21:03.522176+05:30,23302.45,23304.1,23300.55,23302.45,64633.0,0.199,LOW_TOXICITY,-1.2e-05,0.0976,HOLD,0,0,0.5,0.391,-1,APPROVED
2026-09-17 10:22:04.229582+05:30,23300.85,23302.55,23300.15,23300.85,39634.0,0.199,LOW_TOXICITY,-9e-06,0.0873,HOLD,0,0,0.5,0.388,-1,APPROVED
2026-09-17 10:23:05.019316+05:30,23295.35,23298.2,23294.95,23295.35,57585.0,0.199,LOW_TOXICITY,-2.2e-05,0.0877,HOLD,0,0,0.5,0.376,-1,APPROVED
2026-09-17 10:24:05.671161+05:30,23294.05,23294.25,23291.75,23294.05,159393.0,0.199,LOW_TOXICITY,-4e-05,0.0817,HOLD,0,0,0.5,0.373,-1,APPROVED
2026-09-17 10:25:06.523602+05:30,23294.6,23295.5,23291.95,23294.6,66711.0,0.199,LOW_TOXICITY,-4.4e-05,0.0784,HOLD,0,0,0.5,0.374,-1,APPROVED
2026-09-17 10:26:00.418018+05:30,23288.95,23290.35,23288.3,23288.95,16906.0,0.199,LOW_TOXICITY,-8.7e-05,0.0838,SELL,-1,-1,0.6346,0.363,-1,APPROVED
2026-09-17 10:27:02.258874+05:30,23294.3,23294.35,23290.6,23294.3,42398.0,0.199,LOW_TOXICITY,-7.6e-05,0.0866,HOLD,0,0,0.5,0.374,-1,APPROVED
2026-09-17 10:28:02.742687+05:30,23293.8,23296.65,23293.1,23293.8,32444.0,0.199,LOW_TOXICITY,-6.5e-05,0.0809,HOLD,0,0,0.5,0.373,-1,APPROVED
2026-09-17 10:29:03.265559+05:30,23289.0,23292.35,23288.55,23289.0,34255.0,0.199,LOW_TOXICITY,-7.6e-05,0.0927,HOLD,0,0,0.5,0.363,-1,APPROVED
2026-09-17 10:30:03.928949+05:30,23293.65,23295.45,23293.2,23293.65,31066.0,0.199,LOW_TOXICITY,-5.7e-05,0.094,HOLD,0,0,0.5,0.372,-1,APPROVED
2026-09-17 10:31:06.030505+05:30,23287.0,23291.65,23286.1,23287.0,56563.0,0.199,LOW_TOXICITY,-7.2e-05,0.0978,HOLD,0,0,0.5,0.358,-1,APPROVED
2026-09-17 10:32:06.484903+05:30,23281.0,23282.05,23277.95,23281.0,63935.0,0.199,LOW_TOXICITY,-8.5e-05,0.0983,SELL,-1,1,0.7909,0.346,-1,VETO
2026-09-17 10:33:00.181068+05:30,23279.25,23280.25,23278.75,23279.25,20233.0,0.199,LOW_TOXICITY,-6.8e-05,0.0929,HOLD,0,0,0.5,0.342,-1,APPROVED
2026-09-17 10:34:01.416149+05:30,23277.7,23280.0,23277.0,23277.7,17048.0,0.199,LOW_TOXICITY,-6.5e-05,0.09,HOLD,0,0,0.5,0.339,-1,APPROVED
2026-09-17 10:35:01.955407+05:30,23274.85,23275.35,23272.85,23274.85,20009.0,0.199,LOW_TOXICITY,-5.5e-05,0.0895,HOLD,0,0,0.5,0.333,-1,APPROVED
2026-09-17 10:36:02.366876+05:30,23284.95,23285.35,23284.15,23284.95,58873.0,0.199,LOW_TOXICITY,-5e-05,0.1068,HOLD,0,0,0.5,0.354,-1,APPROVED
2026-09-17 10:37:02.484737+05:30,23295.5,23298.45,23294.55,23295.5,26667.0,0.199,LOW_TOXICITY,-1.5e-05,0.1159,HOLD,0,0,0.5,0.376,-1,APPROVED
2026-09-17 10:38:00.969220+05:30,23287.8,23288.7,23287.3,23287.8,19955.0,0.199,LOW_TOXICITY,-2.2e-05,0.1112,HOLD,0,0,0.5,0.36,-1,APPROVED
2026-09-17 10:39:05.377367+05:30,23280.15,23281.5,23279.5,23280.15,69979.0,0.1934,LOW_TOXICITY,-4e-05,0.1043,HOLD,0,0,0.5,0.344,-1,APPROVED
2026-09-17 10:40:03.501250+05:30,23280.4,23281.65,23279.5,23280.4,25941.0,0.1934,LOW_TOXICITY,-4.1e-05,0.0937,HOLD,0,0,0.5,0.345,-1,APPROVED
2026-09-17 10:41:01.615326+05:30,23277.5,23278.8,23276.9,23277.5,16331.0,0.1934,LOW_TOXICITY,-3.3e-05,0.0895,HOLD,0,0,0.5,0.339,-1,APPROVED
2026-09-17 10:42:05.768495+05:30,23275.9,23277.2,23275.5,23275.9,30026.0,0.1934,LOW_TOXICITY,-5.3e-05,0.0864,HOLD,0,0,0.5,0.335,-1,APPROVED
2026-09-17 10:43:03.920325+05:30,23270.85,23271.05,23267.95,23270.85,54786.0,0.1934,LOW_TOXICITY,-6.6e-05,0.089,HOLD,0,0,0.5,0.325,-1,APPROVED
2026-09-17 10:44:01.758744+05:30,23270.5,23272.55,23269.3,23270.5,34176.0,0.1934,LOW_TOXICITY,-5.3e-05,0.0858,HOLD,0,0,0.5,0.324,-1,APPROVED
2026-09-17 10:45:05.535864+05:30,23264.3,23268.85,23263.4,23264.3,66366.0,0.1934,LOW_TOXICITY,-8.4e-05,0.0911,SELL,-1,-1,0.985,0.311,-1,APPROVED
2026-09-17 10:46:00.846131+05:30,23262.3,23262.9,23261.8,23262.3,30902.0,0.1934,LOW_TOXICITY,-7.1e-05,0.0874,HOLD,0,0,0.5,0.307,-1,APPROVED
2026-09-17 10:47:00.289912+05:30,23270.3,23271.9,23269.45,23270.3,21998.0,0.1934,LOW_TOXICITY,-3.1e-05,0.0974,HOLD,0,0,0.5,0.323,-1,APPROVED
2026-09-17 10:48:04.897825+05:30,23273.85,23273.85,23175.85,23273.85,12701.0,0.1934,LOW_TOXICITY,-1.5e-05,0.0926,HOLD,0,0,0.5,0.331,-1,APPROVED
2026-09-17 10:49:04.130374+05:30,23264.2,23267.35,23263.9,23264.2,130955.0,0.1934,LOW_TOXICITY,-3.9e-05,0.1081,HOLD,0,0,0.5,0.311,-1,APPROVED
2026-09-17 10:50:16.334091+05:30,23264.2,23270.4,23264.2,23264.2,235822.0,0.1934,LOW_TOXICITY,-3.1e-05,0.0982,HOLD,0,0,0.5,0.311,-1,APPROVED
2026-09-17 10:51:25.831347+05:30,23271.85,23272.6,23267.1,23271.85,303269.0,0.1934,LOW_TOXICITY,-3.8e-05,0.1039,HOLD,0,0,0.5,0.327,-1,APPROVED
2026-09-17 10:52:06.137945+05:30,23274.25,23274.8,23271.95,23274.25,83670.0,0.1934,LOW_TOXICITY,-6.1e-05,0.0972,HOLD,0,0,0.5,0.332,-1,APPROVED
2026-09-17 10:53:06.315463+05:30,23271.25,23272.5,23269.15,23271.25,319025.0,0.1934,LOW_TOXICITY,-4.7e-05,0.0937,HOLD,0,0,0.5,0.325,-1,APPROVED
2026-09-17 10:54:06.224383+05:30,23269.25,23272.15,23268.25,23269.25,98143.0,0.1934,LOW_TOXICITY,-3.1e-05,0.0911,HOLD,0,0,0.5,0.321,-1,APPROVED
2026-09-17 10:55:00.098315+05:30,23270.45,23272.25,23270.4,23270.45,32675.0,0.1934,LOW_TOXICITY,-2.8e-05,0.0896,HOLD,0,0,0.5,0.324,-1,APPROVED
2026-09-17 10:56:06.281024+05:30,23273.15,23273.3,23270.75,23273.15,112067.0,0.1934,LOW_TOXICITY,-1.2e-05,0.0901,HOLD,0,0,0.5,0.329,-1,APPROVED
2026-09-17 10:57:06.587207+05:30,23281.05,23281.5,23276.65,23281.05,87811.0,0.1934,LOW_TOXICITY,1.5e-05,0.1009,HOLD,0,0,0.5,0.346,-1,APPROVED
2026-09-17 10:58:06.627717+05:30,23275.25,23277.7,23274.9,23275.25,59977.0,0.1934,LOW_TOXICITY,1.3e-05,0.0998,HOLD,0,0,0.5,0.334,0,APPROVED
2026-09-17 10:59:06.507389+05:30,23272.25,23272.85,23271.2,23272.25,37153.0,0.1934,LOW_TOXICITY,5e-06,0.0949,HOLD,0,0,0.5,0.328,0,APPROVED
2026-09-17 11:00:06.341934+05:30,23266.7,23268.9,23266.05,23266.7,110879.0,0.1934,LOW_TOXICITY,7e-06,0.0964,HOLD,0,0,0.5,0.316,0,APPROVED
2026-09-17 11:01:00.715159+05:30,23258.55,23260.15,23258.4,23258.55,17158.0,0.1934,LOW_TOXICITY,-1.1e-05,0.1032,HOLD,0,0,0.5,0.299,0,APPROVED
2026-09-17 11:02:00.279125+05:30,23256.0,23256.55,23255.65,23256.0,21865.0,0.1934,LOW_TOXICITY,-4.1e-05,0.0965,HOLD,0,0,0.5,0.293,0,APPROVED
2026-09-17 11:03:05.974161+05:30,23254.4,23257.4,23254.05,23254.4,60369.0,0.1934,LOW_TOXICITY,-5.6e-05,0.0923,HOLD,0,0,0.5,0.29,0,APPROVED
2026-09-17 11:04:03.718494+05:30,23238.05,23242.0,23237.9,23238.05,62388.0,0.1934,LOW_TOXICITY,-7.5e-05,0.131,HOLD,0,0,0.5,0.256,0,APPROVED
2026-09-17 11:05:01.765014+05:30,23235.8,23239.55,23235.45,23235.8,53855.0,0.1934,LOW_TOXICITY,-8.1e-05,0.1119,SELL,-1,-1,0.9834,0.251,0,APPROVED
2026-09-17 11:06:06.324262+05:30,23235.85,23237.95,23235.1,23235.85,83633.0,0.1934,LOW_TOXICITY,-0.000103,0.1003,SELL,1,1,0.978,0.251,0,VETO
2026-09-17 11:07:04.072591+05:30,23224.3,23230.7,23223.85,23224.3,98813.0,0.1934,LOW_TOXICITY,-0.000143,0.1155,SELL,-1,-1,0.9799,0.227,0,APPROVED
2026-09-17 11:08:02.663648+05:30,23216.9,23221.35,23216.55,23216.9,49210.0,0.1934,LOW_TOXICITY,-0.000156,0.1108,SELL,-1,-1,0.9797,0.211,0,APPROVED
2026-09-17 11:09:01.377782+05:30,23217.95,23218.65,23216.0,23217.95,14095.0,0.1934,LOW_TOXICITY,-0.000147,0.0995,SELL,1,1,0.9819,0.214,0,VETO
2026-09-17 11:10:05.708357+05:30,23216.55,23220.45,23214.8,23216.55,137409.0,0.1934,LOW_TOXICITY,-0.000155,0.0935,SELL,-1,-1,0.985,0.211,0,APPROVED
2026-09-17 11:11:04.121744+05:30,23213.9,23215.55,23210.3,23213.9,141858.0,0.1934,LOW_TOXICITY,-0.00017,0.0912,SELL,-1,-1,0.9808,0.205,0,APPROVED
2026-09-17 11:12:02.384801+05:30,23213.8,23214.55,23212.95,23213.8,72124.0,0.1934,LOW_TOXICITY,-0.000193,0.0889,SELL,1,-1,0.9804,0.205,0,VETO
2026-09-17 11:13:00.910979+05:30,23223.5,23224.05,23222.7,23223.5,42137.0,0.1934,LOW_TOXICITY,-0.000148,0.1057,SELL,1,1,0.9857,0.225,0,VETO
2026-09-17 11:14:05.701233+05:30,23229.0,23230.3,23228.2,23229.0,76299.0,0.1934,LOW_TOXICITY,-0.000124,0.1024,SELL,1,1,0.982,0.237,0,VETO
2026-09-17 11:15:03.790408+05:30,23223.55,23226.05,23222.6,23223.55,52941.0,0.1934,LOW_TOXICITY,-0.000124,0.0996,SELL,-1,-1,0.9846,0.225,0,APPROVED
2026-09-17 11:16:03.068909+05:30,23226.05,23228.15,23226.05,23226.05,51748.0,0.1934,LOW_TOXICITY,-9.3e-05,0.0948,SELL,1,1,0.8378,0.231,0,VETO
2026-09-17 11:17:00.819705+05:30,23230.25,23230.3,23229.35,23230.25,11709.0,0.1934,LOW_TOXICITY,-7.4e-05,0.0945,HOLD,0,0,0.5,0.239,0,APPROVED
2026-09-17 11:18:05.398514+05:30,23240.2,23241.75,23239.95,23240.2,76410.0,0.1934,LOW_TOXICITY,-4.1e-05,0.1089,HOLD,0,0,0.5,0.26,0,APPROVED
2026-09-17 11:19:03.433437+05:30,23245.6,23246.5,23244.85,23245.6,155208.0,0.1934,LOW_TOXICITY,2.2e-05,0.1045,HOLD,0,0,0.5,0.272,0,APPROVED
2026-09-17 11:20:00.743870+05:30,23247.5,23248.5,23247.5,23247.5,48556.0,0.1934,LOW_TOXICITY,3.4e-05,0.0971,HOLD,0,0,0.5,0.276,0,APPROVED
2026-09-17 11:21:05.135293+05:30,23250.45,23250.75,23248.65,23250.45,84906.0,0.1934,LOW_TOXICITY,4.2e-05,0.0942,HOLD,0,0,0.5,0.282,0,APPROVED
2026-09-17 11:22:01.504723+05:30,23247.9,23249.1,23246.9,23247.9,13327.0,0.1934,LOW_TOXICITY,6.8e-05,0.0918,HOLD,0,0,0.5,0.276,0,APPROVED
2026-09-17 11:23:05.861504+05:30,23241.7,23242.85,23241.45,23241.7,96970.0,0.1934,LOW_TOXICITY,7.1e-05,0.0962,HOLD,0,0,0.5,0.263,0,APPROVED
2026-09-17 11:24:02.251531+05:30,23248.45,23249.65,23247.7,23248.45,24917.0,0.1934,LOW_TOXICITY,8.8e-05,0.1007,BUY,1,1,0.9466,0.278,0,APPROVED
2026-09-17 11:25:06.901785+05:30,23250.55,23250.85,23248.75,23250.55,26504.0,0.1934,LOW_TOXICITY,9.8e-05,0.0952,BUY,1,1,0.923,0.282,0,APPROVED
2026-09-17 11:26:03.544555+05:30,23251.8,23252.4,23250.85,23251.8,47238.0,0.1934,LOW_TOXICITY,0.000109,0.0917,BUY,1,1,0.9252,0.285,0,APPROVED
2026-09-17 11:27:00.188955+05:30,23247.7,23249.9,23247.55,23247.7,23987.0,0.1934,LOW_TOXICITY,9.7e-05,0.0924,BUY,-1,-1,0.9287,0.276,0,VETO
2026-09-17 11:28:04.580525+05:30,23241.7,23243.9,23241.05,23241.7,28645.0,0.1934,LOW_TOXICITY,5.2e-05,0.096,HOLD,0,0,0.5,0.263,-1,APPROVED
2026-09-17 11:29:00.983535+05:30,23244.3,23245.8,23243.9,23244.3,20407.0,0.1934,LOW_TOXICITY,4.4e-05,0.0881,HOLD,0,0,0.5,0.269,-1,APPROVED
2026-09-17 11:30:05.427510+05:30,23243.9,23247.25,23243.8,23243.9,79711.0,0.1934,LOW_TOXICITY,5.8e-05,0.0849,HOLD,0,0,0.5,0.268,-1,APPROVED
2026-09-17 11:31:02.527564+05:30,23238.35,23239.85,23237.75,23238.35,14381.0,0.1934,LOW_TOXICITY,3.5e-05,0.0891,HOLD,0,0,0.5,0.256,-1,APPROVED
2026-09-17 11:32:06.870240+05:30,23247.8,23248.4,23245.05,23247.8,46699.0,0.1934,LOW_TOXICITY,5e-05,0.1031,HOLD,0,0,0.5,0.276,-1,APPROVED
2026-09-17 11:33:03.412183+05:30,23255.65,23256.95,23254.8,23255.65,30700.0,0.1934,LOW_TOXICITY,4.4e-05,0.1043,HOLD,0,0,0.5,0.293,-1,APPROVED
2026-09-17 11:34:07.758160+05:30,23250.65,23251.35,23248.0,23250.65,53115.0,0.1934,LOW_TOXICITY,1.4e-05,0.0973,HOLD,0,0,0.5,0.282,-1,APPROVED
2026-09-17 11:35:04.119117+05:30,23248.4,23254.95,23247.6,23248.4,108272.0,0.1934,LOW_TOXICITY,3e-06,0.0903,HOLD,0,0,0.5,0.278,-1,APPROVED
2026-09-17 11:36:00.478894+05:30,23248.35,23249.65,23247.35,23248.35,28669.0,0.1934,LOW_TOXICITY,-6e-06,0.086,HOLD,0,0,0.5,0.277,-1,APPROVED
2026-09-17 11:37:04.849723+05:30,23251.95,23252.95,23250.85,23251.95,82524.0,0.1934,LOW_TOXICITY,1.2e-05,0.087,HOLD,0,0,0.5,0.285,-1,APPROVED
2026-09-17 11:38:01.221775+05:30,23250.2,23251.6,23250.15,23250.2,8447.0,0.1934,LOW_TOXICITY,2.4e-05,0.0849,HOLD,0,0,0.5,0.281,-1,APPROVED
2026-09-17 11:39:05.592292+05:30,23251.95,23252.8,23251.1,23251.95,30551.0,0.1934,LOW_TOXICITY,1e-05,0.0892,HOLD,0,0,0.5,0.285,-1,APPROVED
2026-09-17 11:40:01.974560+05:30,23252.65,23255.0,23252.65,23252.65,15742.0,0.1934,LOW_TOXICITY,6e-06,0.0883,HOLD,0,0,0.5,0.286,-1,APPROVED
2026-09-17 11:41:06.318781+05:30,23257.3,23259.05,23257.1,23257.3,29980.0,0.1934,LOW_TOXICITY,1.6e-05,0.0922,HOLD,0,0,0.5,0.296,-1,APPROVED
2026-09-17 11:42:02.685130+05:30,23259.85,23261.2,23259.65,23259.85,15778.0,0.1934,LOW_TOXICITY,3.5e-05,0.0911,HOLD,0,0,0.5,0.302,-1,APPROVED
2026-09-17 11:43:07.077149+05:30,23269.55,23269.55,23266.95,23269.55,55210.0,0.1934,LOW_TOXICITY,8e-05,0.1066,HOLD,0,0,0.5,0.322,0,APPROVED
2026-09-17 11:44:03.435434+05:30,23271.95,23274.05,23271.65,23271.95,41222.0,0.1934,LOW_TOXICITY,7.9e-05,0.0985,HOLD,0,0,0.5,0.327,0,APPROVED
2026-09-17 11:45:07.861789+05:30,23275.85,23279.2,23274.25,23275.85,136512.0,0.1934,LOW_TOXICITY,9.2e-05,0.0961,BUY,1,1,0.5862,0.335,0,APPROVED
2026-09-17 11:46:05.383081+05:30,23271.35,23274.45,23271.15,23271.35,48974.0,0.1934,LOW_TOXICITY,9.5e-05,0.0951,BUY,-1,-1,0.7935,0.326,0,VETO
2026-09-17 11:47:01.778164+05:30,23266.4,23268.65,23266.1,23266.4,16216.0,0.1934,LOW_TOXICITY,5.3e-05,0.0953,HOLD,0,0,0.5,0.315,0,APPROVED
2026-09-17 11:48:06.140221+05:30,23272.95,23273.25,23270.7,23272.95,210935.0,0.1934,LOW_TOXICITY,5e-05,0.0996,HOLD,0,0,0.5,0.329,0,APPROVED
2026-09-17 11:49:02.563192+05:30,23272.95,23272.95,23174.51,23272.95,12701.0,0.1934,LOW_TOXICITY,6.4e-05,0.0928,HOLD,0,0,0.5,0.329,0,APPROVED
2026-09-17 11:50:02.830876+05:30,23275.65,23276.9,23274.65,23275.65,39388.0,0.1934,LOW_TOXICITY,7.8e-05,0.0913,HOLD,0,0,0.5,0.335,0,APPROVED
2026-09-17 11:51:07.320118+05:30,23280.05,23280.35,23278.15,23280.05,41903.0,0.1934,LOW_TOXICITY,9.1e-05,0.0929,BUY,1,-1,0.5004,0.344,0,APPROVED
2026-09-17 11:52:03.990209+05:30,23286.85,23287.5,23285.75,23286.85,48318.0,0.1934,LOW_TOXICITY,0.0001,0.0988,BUY,1,-1,0.5004,0.358,0,APPROVED
2026-09-17 11:53:00.622209+05:30,23291.1,23293.7,23291.05,23291.1,40309.0,0.1934,LOW_TOXICITY,0.000117,0.0965,BUY,1,-1,0.5512,0.367,0,APPROVED
2026-09-17 11:54:05.237445+05:30,23280.65,23282.3,23278.9,23280.65,89404.0,0.1934,LOW_TOXICITY,8.2e-05,0.1096,BUY,-1,-1,0.5436,0.345,0,VETO
2026-09-17 11:55:01.654196+05:30,23288.3,23289.5,23287.65,23288.3,31966.0,0.1934,LOW_TOXICITY,0.000102,0.109,BUY,1,-1,0.5001,0.361,0,APPROVED
2026-09-17 11:56:06.388162+05:30,23292.55,23293.55,23291.0,23292.55,101697.0,0.1934,LOW_TOXICITY,0.000101,0.1018,BUY,1,-1,0.5706,0.37,0,APPROVED
2026-09-17 11:57:03.017499+05:30,23301.15,23301.15,23299.9,23301.15,101579.0,0.1934,LOW_TOXICITY,0.000118,0.1078,BUY,1,-1,0.5421,0.388,0,APPROVED
2026-09-17 11:58:07.648015+05:30,23308.9,23309.7,23308.1,23308.9,136152.0,0.1934,LOW_TOXICITY,0.000113,0.1084,BUY,1,-1,0.5933,0.404,0,APPROVED
2026-09-17 11:59:04.308827+05:30,23308.05,23310.6,23308.05,23308.05,33544.0,0.1934,LOW_TOXICITY,0.000103,0.0975,BUY,-1,-1,0.7872,0.403,0,VETO
2026-09-17 12:00:00.672032+05:30,23317.75,23317.75,23314.85,23317.75,30811.0,0.1934,LOW_TOXICITY,0.00012,0.1088,BUY,1,-1,0.5332,0.423,0,APPROVED
2026-09-17 12:01:06.254367+05:30,23311.65,23313.1,23310.5,23311.65,119518.0,0.1934,LOW_TOXICITY,0.000115,0.1037,BUY,-1,-1,0.5276,0.41,0,VETO
2026-09-17 12:02:02.606147+05:30,23306.5,23308.4,23305.85,23306.5,86148.0,0.1934,LOW_TOXICITY,0.000115,0.0994,BUY,-1,-1,0.612,0.399,0,VETO
2026-09-17 12:03:07.002191+05:30,23305.6,23309.55,23305.05,23305.6,144698.0,0.1934,LOW_TOXICITY,9.3e-05,0.0928,BUY,-1,-1,0.5693,0.397,0,VETO
2026-09-17 12:04:03.367266+05:30,23300.1,23301.1,23298.1,23300.1,48946.0,0.1934,LOW_TOXICITY,7.8e-05,0.0944,HOLD,0,0,0.5,0.386,0,APPROVED
2026-09-17 12:05:07.731807+05:30,23299.55,23301.6,23298.7,23299.55,51015.0,0.1934,LOW_TOXICITY,6.8e-05,0.0901,HOLD,0,0,0.5,0.385,0,APPROVED
2026-09-17 12:06:04.088844+05:30,23303.2,23304.1,23301.2,23303.2,96004.0,0.1934,LOW_TOXICITY,6.6e-05,0.0907,HOLD,0,0,0.5,0.392,0,APPROVED
2026-09-17 12:07:00.450301+05:30,23317.2,23318.05,23316.3,23317.2,50515.0,0.1934,LOW_TOXICITY,8.7e-05,0.1217,BUY,1,1,0.6305,0.422,0,APPROVED
2026-09-17 12:08:05.066716+05:30,23331.95,23335.85,23331.65,23331.95,90674.0,0.1934,LOW_TOXICITY,0.000117,0.1372,BUY,1,1,0.588,0.453,0,APPROVED
2026-09-17 12:09:01.694349+05:30,23336.05,23336.4,23334.55,23336.05,42927.0,0.1934,LOW_TOXICITY,0.000158,0.1173,BUY,1,-1,0.5122,0.461,0,APPROVED
2026-09-17 12:10:06.390922+05:30,23335.4,23336.25,23332.85,23335.4,50145.0,0.1919,LOW_TOXICITY,0.000135,0.1027,BUY,1,-1,0.9136,0.46,0,VETO
2026-09-17 12:11:02.745449+05:30,23332.9,23335.8,23332.6,23332.9,27660.0,0.1919,LOW_TOXICITY,0.000115,0.0955,BUY,-1,-1,0.9557,0.455,0,VETO
2026-09-17 12:12:07.097592+05:30,23337.6,23338.1,23336.15,23337.6,99966.0,0.1919,LOW_TOXICITY,0.000104,0.0951,BUY,1,1,0.6702,0.465,0,APPROVED
2026-09-17 12:13:03.698926+05:30,23336.0,23337.85,23333.7,23336.0,65426.0,0.1919,LOW_TOXICITY,7.7e-05,0.0908,HOLD,0,0,0.5,0.461,0,APPROVED
2026-09-17 12:14:00.037032+05:30,23342.4,23343.85,23341.6,23342.4,52389.0,0.1919,LOW_TOXICITY,9.8e-05,0.0964,BUY,1,1,0.8885,0.475,0,APPROVED
2026-09-17 12:15:04.741989+05:30,23341.05,23341.65,23339.1,23341.05,44831.0,0.1919,LOW_TOXICITY,6.7e-05,0.0914,HOLD,0,0,0.5,0.472,0,APPROVED
2026-09-17 12:16:02.014827+05:30,23336.25,23337.95,23336.2,23336.25,12733.0,0.1919,LOW_TOXICITY,7e-05,0.0926,HOLD,0,0,0.5,0.462,0,APPROVED
2026-09-17 12:17:06.388496+05:30,23341.75,23343.9,23340.25,23341.75,45543.0,0.1919,LOW_TOXICITY,0.000101,0.0953,BUY,1,1,0.6365,0.473,0,APPROVED
2026-09-17 12:18:03.048589+05:30,23347.85,23348.45,23346.35,23347.85,23500.0,0.1919,LOW_TOXICITY,0.000121,0.0979,BUY,1,-1,0.8202,0.486,0,VETO
2026-09-17 12:19:07.374844+05:30,23348.2,23349.6,23347.05,23348.2,134407.0,0.1919,LOW_TOXICITY,0.000137,0.0924,BUY,1,-1,0.8202,0.487,0,VETO
2026-09-17 12:20:03.726004+05:30,23346.1,23348.45,23345.7,23346.1,22853.0,0.1919,LOW_TOXICITY,0.000133,0.09,BUY,-1,-1,0.6147,0.482,0,VETO
2026-09-17 12:21:00.065548+05:30,23346.25,23347.5,23345.05,23346.25,10273.0,0.1919,LOW_TOXICITY,0.000123,0.088,BUY,1,-1,0.8095,0.483,0,VETO
2026-09-17 12:22:04.381625+05:30,23347.65,23348.9,23346.8,23347.65,219766.0,0.1919,LOW_TOXICITY,8.7e-05,0.0875,BUY,1,1,0.6988,0.486,0,APPROVED
2026-09-17 12:23:00.940185+05:30,23355.95,23356.6,23355.55,23355.95,41162.0,0.1919,LOW_TOXICITY,6.9e-05,0.1001,HOLD,0,0,0.5,0.503,0,APPROVED
2026-09-17 12:24:05.230381+05:30,23359.35,23362.45,23359.2,23359.35,69556.0,0.1919,LOW_TOXICITY,6.7e-05,0.0957,HOLD,0,0,0.5,0.51,0,APPROVED
2026-09-17 12:25:01.577561+05:30,23351.7,23355.8,23351.55,23351.7,116824.0,0.1919,LOW_TOXICITY,4.7e-05,0.101,HOLD,0,0,0.5,0.494,0,APPROVED
2026-09-17 12:26:05.921686+05:30,23348.15,23351.75,23347.55,23348.15,104488.0,0.1919,LOW_TOXICITY,4.4e-05,0.0958,HOLD,0,0,0.5,0.487,0,APPROVED
2026-09-17 12:27:02.240148+05:30,23343.05,23347.0,23343.05,23343.05,78478.0,0.1919,LOW_TOXICITY,1.6e-05,0.0955,HOLD,0,0,0.5,0.476,0,APPROVED
2026-09-17 12:28:06.566190+05:30,23344.55,23345.35,23343.05,23344.55,44177.0,0.1919,LOW_TOXICITY,2.4e-05,0.0914,HOLD,0,0,0.5,0.479,0,APPROVED
2026-09-17 12:29:02.885283+05:30,23344.9,23347.5,23344.9,23344.9,112246.0,0.1919,LOW_TOXICITY,7e-06,0.0798,HOLD,0,0,0.5,0.48,0,APPROVED
2026-09-17 12:30:07.256806+05:30,23345.65,23347.85,23344.25,23345.65,72198.0,0.1919,LOW_TOXICITY,1.3e-05,0.0785,HOLD,0,0,0.5,0.481,0,APPROVED
2026-09-17 12:31:04.750084+05:30,23342.5,23345.55,23342.5,23342.5,91129.0,0.1919,LOW_TOXICITY,1.8e-05,0.0801,HOLD,0,0,0.5,0.475,0,APPROVED
2026-09-17 12:32:01.096080+05:30,23341.3,23342.75,23340.95,23341.3,35921.0,0.1919,LOW_TOXICITY,-1e-06,0.0788,HOLD,0,0,0.5,0.472,0,APPROVED
2026-09-17 12:33:05.446592+05:30,23343.85,23345.1,23342.5,23343.85,33121.0,0.1919,LOW_TOXICITY,-1.1e-05,0.0796,HOLD,0,0,0.5,0.478,0,APPROVED
2026-09-17 12:34:01.738185+05:30,23347.9,23349.95,23347.1,23347.9,13569.0,0.1919,LOW_TOXICITY,-1e-06,0.0824,HOLD,0,0,0.5,0.486,0,APPROVED
2026-09-17 12:35:06.075785+05:30,23346.1,23348.8,23345.7,23346.1,39589.0,0.1919,LOW_TOXICITY,0.0,0.0803,HOLD,0,0,0.5,0.482,0,APPROVED
2026-09-17 12:36:02.381488+05:30,23349.9,23351.15,23349.5,23349.9,19069.0,0.1919,LOW_TOXICITY,1e-05,0.0822,HOLD,0,0,0.5,0.49,0,APPROVED
2026-09-17 12:37:06.746327+05:30,23353.95,23355.25,23353.1,23353.95,44500.0,0.1919,LOW_TOXICITY,1.8e-05,0.0835,HOLD,0,0,0.5,0.499,0,APPROVED
2026-09-17 12:38:03.071495+05:30,23358.5,23360.25,23358.05,23358.5,17235.0,0.1919,LOW_TOXICITY,7e-06,0.0851,HOLD,0,0,0.5,0.508,0,APPROVED
2026-09-17 12:39:07.419736+05:30,23358.05,23360.15,23357.8,23358.05,40576.0,0.1919,LOW_TOXICITY,-4e-06,0.0895,HOLD,0,0,0.5,0.507,0,APPROVED
2026-09-17 12:40:03.729674+05:30,23357.9,23359.1,23357.4,23357.9,42709.0,0.1919,LOW_TOXICITY,1.8e-05,0.0876,HOLD,0,0,0.5,0.507,0,APPROVED
2026-09-17 12:41:00.070987+05:30,23358.8,23359.35,23357.75,23358.8,10372.0,0.1919,LOW_TOXICITY,3e-05,0.0869,HOLD,0,0,0.5,0.509,0,APPROVED
2026-09-17 12:42:04.365731+05:30,23358.3,23359.35,23357.05,23358.3,153765.0,0.1919,LOW_TOXICITY,4.4e-05,0.0863,HOLD,0,0,0.5,0.508,0,APPROVED
2026-09-17 12:43:00.670793+05:30,23357.7,23359.6,23357.3,23357.7,13684.0,0.1919,LOW_TOXICITY,3.8e-05,0.086,HOLD,0,0,0.5,0.507,0,APPROVED
2026-09-17 12:44:05.065930+05:30,23351.55,23356.05,23351.55,23351.55,35638.0,0.1919,LOW_TOXICITY,1.9e-05,0.0928,HOLD,0,0,0.5,0.494,0,APPROVED
2026-09-17 12:45:01.414638+05:30,23347.35,23348.6,23346.5,23347.35,16940.0,0.1919,LOW_TOXICITY,5e-06,0.0924,HOLD,0,0,0.5,0.485,0,APPROVED
2026-09-17 12:46:07.328323+05:30,23347.25,23348.95,23346.35,23347.25,46203.0,0.1919,LOW_TOXICITY,1.4e-05,0.0891,HOLD,0,0,0.5,0.485,0,APPROVED
2026-09-17 12:47:03.635964+05:30,23345.7,23347.45,23345.0,23345.7,130581.0,0.1919,LOW_TOXICITY,1.3e-05,0.0878,HOLD,0,0,0.5,0.482,0,APPROVED
2026-09-17 12:48:07.969552+05:30,23339.2,23344.15,23339.2,23339.2,47340.0,0.1919,LOW_TOXICITY,-1.3e-05,0.0944,HOLD,0,0,0.5,0.468,0,APPROVED
2026-09-17 12:49:04.288064+05:30,23339.35,23339.9,23337.6,23339.35,22117.0,0.1919,LOW_TOXICITY,-2.4e-05,0.0885,HOLD,0,0,0.5,0.468,0,APPROVED
2026-09-17 12:50:00.732611+05:30,23337.2,23338.3,23336.85,23337.2,31801.0,0.1919,LOW_TOXICITY,-2.5e-05,0.0871,HOLD,0,0,0.5,0.464,0,APPROVED
2026-09-17 12:51:05.238256+05:30,23338.3,23340.05,23337.6,23338.3,105342.0,0.1919,LOW_TOXICITY,-3.3e-05,0.086,HOLD,0,0,0.5,0.466,0,APPROVED
2026-09-17 12:52:01.773838+05:30,23339.35,23340.4,23338.4,23339.35,34039.0,0.1919,LOW_TOXICITY,-4.2e-05,0.0854,HOLD,0,0,0.5,0.468,0,APPROVED
2026-09-17 12:53:06.240058+05:30,23340.3,23341.5,23339.55,23340.3,25010.0,0.1919,LOW_TOXICITY,-5.2e-05,0.0851,HOLD,0,0,0.5,0.47,0,APPROVED
2026-09-17 12:54:02.688263+05:30,23345.1,23346.15,23343.6,23345.1,28000.0,0.1919,LOW_TOXICITY,-3.7e-05,0.0897,HOLD,0,0,0.5,0.48,0,APPROVED
2026-09-17 12:55:07.143005+05:30,23343.0,23345.3,23342.65,23343.0,74920.0,0.1919,LOW_TOXICITY,-4.3e-05,0.0876,HOLD,0,0,0.5,0.476,0,APPROVED
2026-09-17 12:56:03.559426+05:30,23342.0,23342.1,23341.2,23342.0,51780.0,0.1919,LOW_TOXICITY,-4.8e-05,0.086,HOLD,0,0,0.5,0.474,0,APPROVED
2026-09-17 12:57:07.970347+05:30,23337.85,23339.25,23337.45,23337.85,60270.0,0.1919,LOW_TOXICITY,-5.8e-05,0.0881,HOLD,0,0,0.5,0.465,0,APPROVED
2026-09-17 12:58:04.396275+05:30,23339.45,23340.3,23339.05,23339.45,54646.0,0.1919,LOW_TOXICITY,-5.2e-05,0.0868,HOLD,0,0,0.5,0.468,0,APPROVED
2026-09-17 12:59:00.790503+05:30,23338.85,23340.65,23338.65,23338.85,12778.0,0.1919,LOW_TOXICITY,-3.6e-05,0.0868,HOLD,0,0,0.5,0.467,0,APPROVED
2026-09-17 13:00:05.292271+05:30,23340.95,23342.5,23340.6,23340.95,20340.0,0.1919,LOW_TOXICITY,-1.8e-05,0.0871,HOLD,0,0,0.5,0.472,0,APPROVED
2026-09-17 13:01:03.710764+05:30,23343.75,23345.7,23342.85,23343.75,34210.0,0.1919,LOW_TOXICITY,-1e-05,0.088,HOLD,0,0,0.5,0.478,0,APPROVED
2026-09-17 13:02:00.096397+05:30,23337.65,23338.75,23337.6,23337.65,4598.0,0.1919,LOW_TOXICITY,-2.3e-05,0.0934,HOLD,0,0,0.5,0.465,0,APPROVED
2026-09-17 13:03:04.432013+05:30,23338.6,23339.45,23338.15,23338.6,37748.0,0.1919,LOW_TOXICITY,-2e-06,0.0897,HOLD,0,0,0.5,0.467,0,APPROVED
2026-09-17 13:04:00.821383+05:30,23334.5,23335.85,23334.35,23334.5,15348.0,0.1919,LOW_TOXICITY,-1.4e-05,0.0905,HOLD,0,0,0.5,0.458,0,APPROVED
2026-09-17 13:05:05.183650+05:30,23328.3,23328.7,23327.4,23328.3,64909.0,0.1919,LOW_TOXICITY,-2.5e-05,0.0948,HOLD,0,0,0.5,0.445,0,APPROVED
2026-09-17 13:06:01.528036+05:30,23329.45,23331.4,23328.65,23329.45,10278.0,0.1919,LOW_TOXICITY,-2.5e-05,0.0906,HOLD,0,0,0.5,0.448,0,APPROVED
2026-09-17 13:07:05.847762+05:30,23324.8,23327.15,23324.2,23324.8,46237.0,0.1919,LOW_TOXICITY,-4.2e-05,0.0918,HOLD,0,0,0.5,0.438,0,APPROVED
2026-09-17 13:08:02.207264+05:30,23320.55,23323.1,23319.95,23320.55,25104.0,0.1919,LOW_TOXICITY,-5.6e-05,0.0918,HOLD,0,0,0.5,0.429,0,APPROVED
2026-09-17 13:09:06.552000+05:30,23324.4,23324.85,23322.95,23324.4,65225.0,0.1919,LOW_TOXICITY,-5.9e-05,0.0917,HOLD,0,0,0.5,0.437,0,APPROVED
2026-09-17 13:10:02.899383+05:30,23326.3,23328.3,23325.8,23326.3,52855.0,0.1919,LOW_TOXICITY,-4.8e-05,0.0894,HOLD,0,0,0.5,0.441,0,APPROVED
2026-09-17 13:11:07.223335+05:30,23324.45,23326.2,23323.7,23324.45,44004.0,0.1919,LOW_TOXICITY,-5e-05,0.0879,HOLD,0,0,0.5,0.437,0,APPROVED
2026-09-17 13:12:04.024333+05:30,23326.0,23327.95,23325.5,23326.0,24231.0,0.1919,LOW_TOXICITY,-3.4e-05,0.0872,HOLD,0,0,0.5,0.44,0,APPROVED
2026-09-17 13:13:00.410369+05:30,23327.7,23329.3,23327.7,23327.7,11671.0,0.1919,LOW_TOXICITY,-3.4e-05,0.087,HOLD,0,0,0.5,0.444,1,APPROVED
2026-09-17 13:14:04.802858+05:30,23324.2,23326.3,23323.5,23324.2,28708.0,0.1919,LOW_TOXICITY,-4.2e-05,0.0883,HOLD,0,0,0.5,0.436,1,APPROVED
2026-09-17 13:15:01.174519+05:30,23321.4,23322.5,23320.95,23321.4,20039.0,0.1919,LOW_TOXICITY,-5.6e-05,0.0881,HOLD,0,0,0.5,0.431,1,APPROVED
2026-09-17 13:16:00.161438+05:30,23318.3,23319.75,23318.1,23318.3,23433.0,0.1919,LOW_TOXICITY,-7.3e-05,0.0883,HOLD,0,0,0.5,0.424,1,APPROVED
2026-09-17 13:17:04.539846+05:30,23323.65,23325.15,23323.4,23323.65,39836.0,0.1919,LOW_TOXICITY,-4e-05,0.0928,HOLD,0,0,0.5,0.435,1,APPROVED
2026-09-17 13:18:01.020675+05:30,23319.85,23320.25,23318.2,23319.85,16663.0,0.1919,LOW_TOXICITY,-5.4e-05,0.0916,HOLD,0,0,0.5,0.427,1,APPROVED
2026-09-17 13:19:05.379443+05:30,23318.7,23322.75,23316.95,23318.7,49507.0,0.1919,LOW_TOXICITY,-4.5e-05,0.0733,HOLD,0,0,0.5,0.425,1,APPROVED
2026-09-17 12:29:22.678922+05:30,24514.91,24532.31,24486.87,24519.11,13878.0,0.1648,LOW_TOXICITY,-0.000366,0.2879,SELL,-1,-1,0.9847,0.779,0,APPROVED
2026-09-17 12:30:22.678922+05:30,24530.04,24543.27,24512.27,24528.36,21296.0,0.1648,LOW_TOXICITY,-0.000332,0.2879,SELL,1,1,0.9721,0.791,0,VETO
2026-09-17 12:31:22.678922+05:30,24556.31,24593.97,24528.98,24569.47,27976.0,0.1648,LOW_TOXICITY,-0.000165,0.2879,SELL,1,1,0.9721,0.844,0,VETO
2026-09-17 12:32:22.678922+05:30,24566.69,24596.85,24544.48,24592.29,33302.0,0.1648,LOW_TOXICITY,-8.4e-05,0.2879,SELL,1,1,0.9721,0.874,0,VETO
2026-09-17 12:33:22.678922+05:30,24581.34,24593.91,24574.34,24589.35,11451.0,0.1648,LOW_TOXICITY,-0.000127,0.2879,SELL,-1,-1,0.9842,0.87,0,APPROVED
2026-09-17 12:34:22.678922+05:30,24585.62,24599.84,24578.02,24590.06,13217.0,0.1648,LOW_TOXICITY,-9e-05,0.2879,SELL,1,1,0.9372,0.871,0,VETO
2026-09-17 12:35:22.678922+05:30,24573.39,24615.46,24526.3,24566.1,14280.0,0.1648,LOW_TOXICITY,-0.000101,0.2879,SELL,-1,-1,0.9854,0.84,0,APPROVED
2026-09-17 12:36:22.678922+05:30,24555.18,24569.53,24552.63,24566.76,11762.0,0.1648,LOW_TOXICITY,-0.000122,0.2879,SELL,1,1,0.9352,0.841,0,VETO
2026-09-17 12:37:22.678922+05:30,24577.06,24597.15,24549.51,24558.71,10664.0,0.1648,LOW_TOXICITY,-0.000164,0.2879,SELL,-1,-1,0.9854,0.83,0,APPROVED
2026-09-17 12:38:22.678922+05:30,24564.71,24605.4,24540.89,24569.14,15264.0,0.1648,LOW_TOXICITY,-0.000104,0.2879,SELL,1,1,0.9721,0.844,0,VETO
2026-09-17 12:39:22.678922+05:30,24535.16,24569.27,24506.35,24545.14,24029.0,0.1605,LOW_TOXICITY,-0.000138,0.2836,SELL,-1,-1,0.9854,0.813,0,APPROVED
2026-09-17 12:40:22.678922+05:30,24564.23,24561.57,24556.71,24560.68,19098.0,0.1605,LOW_TOXICITY,-0.000118,0.2836,SELL,1,1,0.9721,0.833,0,VETO
2026-09-17 12:41:22.678922+05:30,24625.4,24677.69,24542.56,24607.92,10710.0,0.1605,LOW_TOXICITY,0.000107,0.2836,BUY,1,1,0.9842,0.894,0,APPROVED
2026-09-17 12:42:22.678922+05:30,24605.88,24614.63,24594.13,24605.51,10196.0,0.1605,LOW_TOXICITY,0.000181,0.2836,BUY,-1,-1,0.9819,0.891,0,VETO
2026-09-17 12:43:22.678922+05:30,24633.32,24634.6,24618.53,24619.12,18017.0,0.1605,LOW_TOXICITY,0.00026,0.2836,BUY,1,1,0.9803,0.909,0,APPROVED
2026-09-17 12:44:22.678922+05:30,24622.54,24652.1,24625.78,24643.56,24905.0,0.1605,LOW_TOXICITY,0.000338,0.2836,BUY,1,1,0.8542,0.94,0,APPROVED
2026-09-17 12:45:22.678922+05:30,24640.31,24670.97,24622.54,24630.89,7173.0,0.1605,LOW_TOXICITY,0.000278,0.2836,BUY,-1,-1,0.7815,0.924,0,VETO
2026-09-17 12:46:22.678922+05:30,24650.36,24667.12,24629.6,24640.38,13301.0,0.1605,LOW_TOXICITY,0.000192,0.2836,BUY,1,1,0.8609,0.936,0,APPROVED
2026-09-17 12:47:22.678922+05:30,24639.36,24653.13,24640.37,24642.14,22064.0,0.1605,LOW_TOXICITY,0.000135,0.2836,BUY,1,1,0.6112,0.939,0,APPROVED
2026-09-17 12:48:22.678922+05:30,24632.64,24658.73,24611.49,24647.35,28592.0,0.1605,LOW_TOXICITY,0.000157,0.2836,BUY,1,1,0.6663,0.945,0,APPROVED
2026-09-17 12:49:22.678922+05:30,24623.55,24641.6,24610.1,24619.26,12024.0,0.1605,LOW_TOXICITY,7.9e-05,0.2798,HOLD,0,0,0.5,0.909,0,APPROVED
2026-09-17 12:50:22.678922+05:30,24643.35,24669.19,24612.54,24621.34,22457.0,0.1605,LOW_TOXICITY,0.00015,0.2798,BUY,1,1,0.6112,0.912,0,APPROVED
2026-09-17 12:51:22.678922+05:30,24637.25,24644.11,24632.64,24638.61,13342.0,0.1679,LOW_TOXICITY,0.000195,0.2798,BUY,1,1,0.9246,0.934,0,APPROVED
2026-09-17 12:52:22.678922+05:30,24671.37,24687.77,24653.82,24686.11,21126.0,0.1679,LOW_TOXICITY,0.000345,0.2798,BUY,1,1,0.5,0.996,0,VETO
2026-09-17 12:53:22.678922+05:30,24703.63,24721.31,24716.44,24718.84,22523.0,0.1679,LOW_TOXICITY,0.000405,0.2798,BUY,1,1,0.5,1.0,0,VETO
2026-09-17 12:54:22.678922+05:30,24720.53,24816.06,24724.08,24792.35,43592.0,0.1679,LOW_TOXICITY,0.000668,0.2798,BUY,1,1,0.5,1.0,0,VETO
2026-09-17 12:55:22.678922+05:30,24747.89,24769.48,24738.99,24766.07,19112.0,0.1679,LOW_TOXICITY,0.000555,0.2798,BUY,1,1,0.5,1.0,0,VETO
2026-09-17 12:56:22.678922+05:30,24819.18,24829.99,24779.64,24798.37,12936.0,0.1679,LOW_TOXICITY,0.000514,0.2798,BUY,1,1,0.5,1.0,0,VETO
2026-09-17 12:57:22.678922+05:30,24802.22,24811.89,24786.83,24806.88,14650.0,0.1679,LOW_TOXICITY,0.000543,0.2798,BUY,1,1,0.5,1.0,0,VETO
2026-09-17 12:58:22.678922+05:30,24810.44,24921.24,24701.92,24892.33,17313.0,0.1679,LOW_TOXICITY,0.000736,0.2798,BUY,1,1,0.5,1.0,1,VETO
2026-09-17 12:59:22.678922+05:30,24865.24,24891.36,24819.3,24856.24,19720.0,0.1679,LOW_TOXICITY,0.000573,0.3074,BUY,1,1,0.5,1.0,1,VETO
2026-09-17 13:00:22.678922+05:30,24798.96,24858.56,24759.76,24817.88,16742.0,0.1679,LOW_TOXICITY,0.000504,0.3074,BUY,1,1,0.5,1.0,1,VETO
2026-09-17 13:01:22.678922+05:30,24802.84,24810.42,24791.46,24792.94,16477.0,0.181,LOW_TOXICITY,0.000411,0.3074,BUY,1,1,0.5,1.0,1,VETO
2026-09-17 13:02:22.678922+05:30,24672.51,24742.48,24585.01,24709.84,13809.0,0.181,LOW_TOXICITY,0.000183,0.3074,BUY,1,1,0.5,1.0,1,VETO
2026-09-17 13:03:22.678922+05:30,24680.08,24711.96,24662.35,24689.75,18743.0,0.181,LOW_TOXICITY,0.000115,0.3074,BUY,1,1,0.5,1.0,1,VETO
2026-09-17 13:04:22.678922+05:30,24675.72,24679.87,24653.19,24661.14,13113.0,0.181,LOW_TOXICITY,0.000113,0.3074,BUY,-1,-1,0.913,0.963,1,VETO
2026-09-17 13:05:22.678922+05:30,24668.07,24671.42,24664.54,24668.53,7838.0,0.181,LOW_TOXICITY,0.000128,0.3074,BUY,1,1,0.8508,0.973,1,APPROVED
2026-09-17 13:06:22.678922+05:30,24677.38,24717.22,24647.3,24684.04,8394.0,0.181,LOW_TOXICITY,0.000123,0.3074,BUY,1,1,0.5,0.993,1,VETO
2026-09-17 13:07:22.678922+05:30,24793.34,24919.22,24715.68,24762.26,35167.0,0.181,LOW_TOXICITY,0.000205,0.3074,BUY,1,1,0.5,1.0,1,VETO
2026-09-17 13:08:22.678922+05:30,24824.82,24834.76,24775.73,24799.65,23473.0,0.181,LOW_TOXICITY,0.000218,0.3074,BUY,1,1,0.5,1.0,1,VETO
2026-09-17 13:09:22.678922+05:30,24769.92,24789.26,24724.19,24781.78,6909.0,0.181,LOW_TOXICITY,-2.8e-05,0.4534,HOLD,0,0,0.5,1.0,1,APPROVED
2026-09-17 13:10:22.678922+05:30,24777.89,24796.18,24728.79,24754.62,28156.0,0.181,LOW_TOXICITY,-3.1e-05,0.4416,HOLD,0,0,0.5,1.0,1,APPROVED
2026-09-17 13:11:22.678922+05:30,24777.17,24785.6,24758.9,24772.61,20234.0,0.181,LOW_TOXICITY,-6.9e-05,0.42,HOLD,0,0,0.5,1.0,1,APPROVED
2026-09-17 13:12:22.678922+05:30,24731.36,24739.94,24724.07,24728.36,9983.0,0.181,LOW_TOXICITY,-0.000211,0.4327,SELL,-1,-1,0.89,1.0,1,APPROVED
2026-09-17 13:13:22.678922+05:30,24746.64,24800.42,24695.47,24785.5,9090.0,0.1712,LOW_TOXICITY,-0.000287,0.4502,SELL,1,1,0.7255,1.0,1,VETO
2026-09-17 13:14:22.678922+05:30,24851.85,24862.19,24817.04,24823.37,22759.0,0.1712,LOW_TOXICITY,-8.8e-05,0.4414,SELL,1,-1,0.7383,1.0,1,VETO
2026-09-17 13:15:22.678922+05:30,24821.63,24845.71,24786.72,24809.52,8402.0,0.1712,LOW_TOXICITY,-2.2e-05,0.4216,HOLD,0,0,0.5,1.0,1,APPROVED
2026-09-17 13:16:22.678922+05:30,24741.99,24770.7,24735.36,24760.45,15476.0,0.1712,LOW_TOXICITY,-8.7e-05,0.4409,SELL,-1,1,0.5221,1.0,1,APPROVED
2026-09-17 13:17:22.678922+05:30,24819.36,24853.73,24778.81,24802.09,6530.0,0.1712,LOW_TOXICITY,0.000248,0.4372,BUY,1,1,0.5,1.0,1,VETO
2026-09-17 13:18:22.678922+05:30,24807.92,24810.04,24799.44,24799.89,15009.0,0.1712,LOW_TOXICITY,0.000297,0.4137,BUY,1,1,0.5,1.0,1,VETO
2026-09-17 13:20:01.742361+05:30,23318.9,23320.5,23318.6,23318.9,17118.0,0.1919,LOW_TOXICITY,-2.7e-05,0.0714,HOLD,0,0,0.5,0.425,1,APPROVED
2026-09-17 13:21:06.068109+05:30,23322.65,23322.8,23321.0,23322.65,165721.0,0.1919,LOW_TOXICITY,-1.9e-05,0.0732,HOLD,0,0,0.5,0.433,1,APPROVED
2026-09-17 13:22:02.473870+05:30,23323.35,23324.05,23322.45,23323.35,12323.0,0.1919,LOW_TOXICITY,-4e-06,0.0715,HOLD,0,0,0.5,0.435,1,APPROVED
2026-09-17 13:22:32.357530+05:30,23318.8,23324.05,23318.45,23318.8,162932.0,0.1916,LOW_TOXICITY,-1.4e-05,0.0766,HOLD,0,0,0.5,0.425,0,APPROVED
2026-09-17 13:23:04.671866+05:30,23314.85,23316.3,23314.1,23314.85,56878.0,0.1916,LOW_TOXICITY,-3.4e-05,0.0778,HOLD,0,0,0.5,0.417,0,APPROVED
2026-09-17 13:23:06.819120+05:30,23315.55,23316.3,23314.1,23315.55,69602.0,0.1919,LOW_TOXICITY,-1.4e-05,0.0809,HOLD,0,0,0.5,0.418,1,APPROVED
2026-09-17 13:24:01.024213+05:30,23315.7,23316.7,23315.1,23315.7,21656.0,0.1916,LOW_TOXICITY,-2.5e-05,0.076,HOLD,0,0,0.5,0.419,0,APPROVED
2026-09-17 13:24:03.166873+05:30,23315.45,23316.7,23314.4,23315.45,30079.0,0.1919,LOW_TOXICITY,-2.6e-05,0.0765,HOLD,0,0,0.5,0.418,1,APPROVED
2026-09-17 13:25:05.415968+05:30,23308.0,23312.35,23307.95,23308.0,46093.0,0.1916,LOW_TOXICITY,-5.2e-05,0.0856,HOLD,0,0,0.5,0.403,0,APPROVED
2026-09-17 13:25:07.633907+05:30,23307.05,23312.35,23306.4,23307.05,94725.0,0.1919,LOW_TOXICITY,-5.5e-05,0.0854,HOLD,0,0,0.5,0.401,1,APPROVED
2026-09-17 13:26:01.775481+05:30,23298.1,23300.0,23297.8,23298.1,67743.0,0.1916,LOW_TOXICITY,-8.5e-05,0.0978,SELL,-1,-1,0.9866,0.382,0,APPROVED
2026-09-17 13:26:03.964974+05:30,23298.7,23300.0,23297.8,23298.7,117268.0,0.1919,LOW_TOXICITY,-7.4e-05,0.0906,HOLD,0,0,0.5,0.383,1,APPROVED
2026-09-17 13:27:00.249699+05:30,23290.65,23291.8,23289.75,23290.65,15165.0,0.1919,LOW_TOXICITY,-0.000101,0.0932,SELL,-1,1,0.562,0.366,1,APPROVED
2026-09-17 13:27:02.409127+05:30,23291.25,23292.55,23289.45,23291.25,45523.0,0.1916,LOW_TOXICITY,-9.4e-05,0.097,SELL,-1,-1,0.9866,0.367,0,APPROVED
2026-09-17 13:28:00.009969+05:30,23274.25,23276.0,23274.0,23274.25,42566.0,0.1916,LOW_TOXICITY,-0.000136,0.1301,SELL,-1,-1,0.9863,0.332,0,APPROVED
2026-09-17 13:28:04.831649+05:30,23271.0,23276.0,23270.9,23271.0,155801.0,0.1919,LOW_TOXICITY,-0.000162,0.1338,SELL,-1,-1,0.6189,0.325,0,APPROVED
2026-09-17 13:29:01.553599+05:30,23269.4,23270.35,23268.05,23269.4,35050.0,0.1919,LOW_TOXICITY,-0.000157,0.1178,SELL,-1,-1,0.6456,0.322,0,APPROVED
2026-09-17 13:29:04.632271+05:30,23269.7,23270.75,23268.05,23269.7,72705.0,0.1916,LOW_TOXICITY,-0.000138,0.1118,SELL,-1,-1,0.9856,0.322,0,APPROVED
2026-09-17 13:30:02.393931+05:30,23258.45,23266.0,23258.45,23258.45,314888.0,0.1916,LOW_TOXICITY,-0.000184,0.1162,SELL,-1,-1,0.9903,0.299,0,APPROVED
2026-09-17 13:30:06.086724+05:30,23253.45,23266.0,23253.3,23253.45,561877.0,0.1919,LOW_TOXICITY,-0.000195,0.1365,SELL,-1,-1,0.6436,0.288,0,APPROVED
2026-09-17 13:31:00.570254+05:30,23260.15,23260.85,23258.85,23260.15,14101.0,0.1916,LOW_TOXICITY,-0.000165,0.1,SELL,1,1,0.9907,0.302,0,VETO
2026-09-17 13:31:04.041641+05:30,23263.15,23263.65,23258.85,23263.15,56941.0,0.1919,LOW_TOXICITY,-0.000158,0.1263,SELL,1,1,0.7776,0.308,0,VETO
2026-09-17 13:32:00.338822+05:30,23259.55,23261.75,23258.65,23259.55,32755.0,0.1919,LOW_TOXICITY,-0.000183,0.1072,SELL,-1,-1,0.8356,0.301,0,APPROVED
2026-09-17 13:32:04.562999+05:30,23261.5,23261.9,23258.65,23261.5,69311.0,0.1916,LOW_TOXICITY,-0.000167,0.0906,SELL,1,1,0.9894,0.305,0,VETO
2026-09-17 13:32:47.510752+05:30,23264.45,23270.15,23258.65,23264.45,520223.0,0.1996,LOW_TOXICITY,-0.000159,0.0802,SELL,-1,-1,0.9937,0.311,0,APPROVED
2026-09-17 13:33:02.413881+05:30,23264.2,23266.35,23263.9,23264.2,13311.0,0.1916,LOW_TOXICITY,-0.000158,0.0868,SELL,1,1,0.9884,0.311,0,VETO
2026-09-17 13:33:04.456161+05:30,23264.6,23266.35,23263.9,23264.6,21701.0,0.1996,LOW_TOXICITY,-0.000157,0.077,SELL,1,1,0.9946,0.311,0,VETO
2026-09-17 13:33:04.633321+05:30,23259.55,23266.35,23259.55,23259.55,21701.0,0.1919,LOW_TOXICITY,-0.000173,0.0942,SELL,1,1,0.6037,0.301,0,VETO
2026-09-17 13:34:00.082684+05:30,23256.65,23258.25,23255.8,23256.65,16797.0,0.1916,LOW_TOXICITY,-0.000182,0.0933,SELL,-1,-1,0.9897,0.295,0,APPROVED
2026-09-17 13:34:00.792024+05:30,23264.6,23264.6,23255.8,23264.6,16797.0,0.1996,LOW_TOXICITY,-0.000159,0.0754,SELL,1,1,0.9888,0.311,0,VETO
2026-09-17 13:34:00.934989+05:30,23259.55,23259.55,23255.8,23259.55,19964.0,0.1919,LOW_TOXICITY,-0.000169,0.0871,SELL,1,1,0.7006,0.301,0,VETO
2026-09-17 13:35:04.623433+05:30,23252.3,23260.45,23252.3,23252.3,397258.0,0.1916,LOW_TOXICITY,-0.000201,0.0896,SELL,-1,-1,0.9909,0.286,0,APPROVED
2026-09-17 13:35:05.102931+05:30,23264.6,23264.6,23252.3,23264.6,397258.0,0.1996,LOW_TOXICITY,-0.000165,0.0747,SELL,1,1,0.9888,0.311,0,VETO
2026-09-17 13:35:05.227904+05:30,23259.55,23260.45,23252.3,23259.55,397258.0,0.1919,LOW_TOXICITY,-0.00017,0.0832,SELL,1,1,0.8097,0.301,0,VETO
2026-09-17 13:36:01.413782+05:30,23251.5,23253.55,23251.05,23251.5,10811.0,0.1996,LOW_TOXICITY,-0.000181,0.1046,SELL,-1,-1,0.9952,0.284,0,APPROVED
2026-09-17 13:36:01.536294+05:30,23259.55,23259.55,23251.05,23259.55,10811.0,0.1919,LOW_TOXICITY,-0.000181,0.0813,SELL,1,1,0.8097,0.301,0,VETO
2026-09-17 13:36:02.607486+05:30,23251.1,23253.55,23250.9,23251.1,73329.0,0.1916,LOW_TOXICITY,-0.000206,0.0846,SELL,-1,-1,0.9912,0.283,0,APPROVED
2026-09-17 13:37:05.835652+05:30,23247.35,23249.0,23246.1,23247.35,58836.0,0.1919,LOW_TOXICITY,-0.000218,0.1067,SELL,-1,-1,0.8644,0.275,0,APPROVED
2026-09-17 13:37:06.379282+05:30,23251.5,23251.5,23246.1,23251.5,58836.0,0.1996,LOW_TOXICITY,-0.000182,0.0896,SELL,1,1,0.9893,0.284,0,VETO
2026-09-17 13:37:07.444677+05:30,23245.8,23249.0,23245.65,23245.8,60953.0,0.1916,LOW_TOXICITY,-0.000209,0.0869,SELL,-1,-1,0.8741,0.272,0,APPROVED
2026-09-17 13:38:02.434749+05:30,23254.3,23256.7,23253.7,23254.3,29085.0,0.1919,LOW_TOXICITY,-0.000175,0.1033,SELL,1,1,0.5242,0.29,0,VETO
2026-09-17 13:38:02.677232+05:30,23251.5,23256.7,23251.5,23251.5,29085.0,0.1996,LOW_TOXICITY,-0.000166,0.0817,SELL,1,1,0.9895,0.284,0,VETO
2026-09-17 13:38:04.045522+05:30,23254.45,23256.7,23253.7,23254.45,57889.0,0.1916,LOW_TOXICITY,-0.000173,0.0985,SELL,1,1,0.9143,0.29,0,VETO
2026-09-17 13:39:00.409305+05:30,23259.0,23260.85,23257.7,23259.0,36328.0,0.1916,LOW_TOXICITY,-0.000162,0.093,SELL,1,1,0.9143,0.3,0,VETO
2026-09-17 13:39:06.837965+05:30,23257.55,23260.85,23257.55,23257.55,71602.0,0.1919,LOW_TOXICITY,-0.000166,0.09,SELL,1,1,0.6415,0.297,0,VETO
2026-09-17 13:39:06.990942+05:30,23251.5,23260.85,23251.5,23251.5,71602.0,0.1996,LOW_TOXICITY,-0.000132,0.0814,SELL,1,1,0.9895,0.284,0,VETO
2026-09-17 13:40:03.223429+05:30,23261.1,23262.2,23259.1,23261.1,24963.0,0.1919,LOW_TOXICITY,-0.000132,0.0856,SELL,1,1,0.6996,0.304,0,VETO
2026-09-17 13:40:03.348432+05:30,23251.5,23262.25,23251.5,23251.5,24963.0,0.1996,LOW_TOXICITY,-0.000112,0.0793,SELL,1,1,0.9895,0.284,0,VETO
2026-09-17 13:40:04.791760+05:30,23262.3,23262.5,23259.1,23262.3,34833.0,0.1916,LOW_TOXICITY,-0.000131,0.0884,SELL,1,1,0.9826,0.307,0,VETO
2026-09-17 13:41:01.086293+05:30,23268.6,23270.9,23267.9,23268.6,30223.0,0.1916,LOW_TOXICITY,-8.4e-05,0.0919,SELL,1,1,0.9826,0.32,0,VETO
2026-09-17 13:41:07.570492+05:30,23269.3,23271.2,23267.9,23269.3,89941.0,0.1919,LOW_TOXICITY,-8.4e-05,0.0944,SELL,1,1,0.8437,0.321,0,VETO
2026-09-17 13:41:07.657844+05:30,23251.5,23271.2,23251.5,23251.5,89941.0,0.1996,LOW_TOXICITY,-6.5e-05,0.0782,HOLD,0,0,0.5,0.284,0,APPROVED
2026-09-17 13:42:03.915650+05:30,23276.45,23276.5,23273.95,23276.45,25167.0,0.1919,LOW_TOXICITY,-4.1e-05,0.0954,HOLD,0,0,0.5,0.336,0,APPROVED
2026-09-17 13:42:03.981862+05:30,23251.5,23276.5,23251.5,23251.5,25167.0,0.1996,LOW_TOXICITY,-4.9e-05,0.0777,HOLD,0,0,0.5,0.284,0,APPROVED
2026-09-17 13:42:05.544593+05:30,23276.25,23277.15,23273.95,23276.25,32384.0,0.1916,LOW_TOXICITY,-4.3e-05,0.0971,HOLD,0,0,0.5,0.336,0,APPROVED
2026-09-17 13:43:00.275128+05:30,23276.45,23276.45,23267.75,23276.45,25653.0,0.1919,LOW_TOXICITY,1.6e-05,0.0853,HOLD,0,0,0.5,0.336,0,APPROVED
2026-09-17 13:43:00.275126+05:30,23268.35,23269.7,23267.75,23268.35,25653.0,0.1996,LOW_TOXICITY,1.4e-05,0.1266,HOLD,0,0,0.5,0.319,0,APPROVED
2026-09-17 13:43:02.300720+05:30,23268.8,23269.7,23267.75,23268.8,93434.0,0.1916,LOW_TOXICITY,-1.6e-05,0.0978,HOLD,0,0,0.5,0.32,0,APPROVED
2026-09-17 13:44:04.654643+05:30,23276.45,23276.45,23268.75,23276.45,18278.0,0.1919,LOW_TOXICITY,2e-05,0.08,HOLD,0,0,0.5,0.336,0,APPROVED
2026-09-17 13:44:04.654643+05:30,23268.95,23271.1,23268.75,23268.95,18278.0,0.1996,LOW_TOXICITY,3.2e-05,0.1044,HOLD,0,0,0.5,0.321,0,APPROVED
2026-09-17 13:44:06.623548+05:30,23269.45,23271.1,23268.75,23269.45,42746.0,0.1916,LOW_TOXICITY,-1e-06,0.0887,HOLD,0,0,0.5,0.322,0,APPROVED
2026-09-17 13:45:01.094093+05:30,23268.95,23268.95,23264.0,23268.95,13185.0,0.1996,LOW_TOXICITY,2.7e-05,0.0915,HOLD,0,0,0.5,0.321,0,APPROVED
2026-09-17 13:45:01.078479+05:30,23264.7,23265.95,23264.0,23264.7,13185.0,0.1919,LOW_TOXICITY,3.2e-05,0.1009,HOLD,0,0,0.5,0.312,0,APPROVED
2026-09-17 13:45:02.913540+05:30,23264.75,23265.95,23264.0,23264.75,21333.0,0.1916,LOW_TOXICITY,1.8e-05,0.0876,HOLD,0,0,0.5,0.312,0,APPROVED
2026-09-17 13:46:05.457028+05:30,23269.8,23270.0,23267.55,23269.8,52207.0,0.1996,LOW_TOXICITY,1.2e-05,0.0848,HOLD,0,0,0.5,0.322,0,APPROVED
2026-09-17 13:46:06.600928+05:30,23269.7,23270.0,23267.55,23269.7,54554.0,0.1919,LOW_TOXICITY,1.9e-05,0.0937,HOLD,0,0,0.5,0.322,0,APPROVED
2026-09-17 13:46:07.277244+05:30,23264.75,23270.05,23264.75,23264.75,60708.0,0.1916,LOW_TOXICITY,1.3e-05,0.0831,HOLD,0,0,0.5,0.312,0,APPROVED
2026-09-17 13:47:02.942435+05:30,23272.15,23272.35,23270.3,23272.15,73238.0,0.1996,LOW_TOXICITY,2.2e-05,0.0824,HOLD,0,0,0.5,0.327,0,APPROVED
2026-09-17 13:47:02.964835+05:30,23269.7,23272.35,23269.7,23269.7,73238.0,0.1919,LOW_TOXICITY,2.9e-05,0.0844,HOLD,0,0,0.5,0.322,0,APPROVED
2026-09-17 13:47:03.604497+05:30,23264.75,23272.9,23264.75,23264.75,73238.0,0.1916,LOW_TOXICITY,9e-06,0.0807,HOLD,0,0,0.5,0.312,0,APPROVED
2026-09-17 13:48:07.308392+05:30,23275.1,23275.75,23273.35,23275.1,54756.0,0.1996,LOW_TOXICITY,3e-05,0.082,HOLD,0,0,0.5,0.334,0,APPROVED
2026-09-17 13:48:07.331113+05:30,23269.7,23275.75,23269.7,23269.7,54756.0,0.1919,LOW_TOXICITY,2.9e-05,0.0796,HOLD,0,0,0.5,0.322,0,APPROVED
2026-09-17 13:48:07.937282+05:30,23264.75,23275.75,23264.75,23264.75,69248.0,0.1916,LOW_TOXICITY,2e-06,0.0795,HOLD,0,0,0.5,0.312,0,APPROVED
2026-09-17 13:49:03.622301+05:30,23269.7,23269.7,23265.95,23269.7,28278.0,0.1919,LOW_TOXICITY,2.9e-05,0.0817,HOLD,0,0,0.5,0.322,0,APPROVED
2026-09-17 13:49:03.622390+05:30,23267.85,23269.45,23265.95,23267.85,28278.0,0.1996,LOW_TOXICITY,9e-06,0.0912,HOLD,0,0,0.5,0.318,0,APPROVED
2026-09-17 13:49:04.224097+05:30,23264.75,23269.45,23264.75,23264.75,50520.0,0.1916,LOW_TOXICITY,2.3e-05,0.0785,HOLD,0,0,0.5,0.312,0,APPROVED
2026-09-17 13:50:00.008275+05:30,23268.55,23270.35,23268.25,23268.55,4880.0,0.1919,LOW_TOXICITY,2.6e-05,0.0805,HOLD,0,0,0.5,0.32,0,APPROVED
2026-09-17 13:50:00.011084+05:30,23267.85,23270.35,23267.85,23267.85,4880.0,0.1996,LOW_TOXICITY,9e-06,0.0852,HOLD,0,0,0.5,0.318,0,APPROVED
2026-09-17 13:50:00.611303+05:30,23264.75,23270.35,23264.75,23264.75,4880.0,0.1916,LOW_TOXICITY,3.6e-05,0.0782,HOLD,0,0,0.5,0.312,0,APPROVED
2026-09-17 13:51:04.368005+05:30,23270.6,23270.9,23269.6,23270.6,39281.0,0.1996,LOW_TOXICITY,5.5e-05,0.084,HOLD,0,0,0.5,0.324,0,APPROVED
2026-09-17 13:51:04.346465+05:30,23268.55,23270.9,23268.55,23268.55,39281.0,0.1919,LOW_TOXICITY,2.6e-05,0.0798,HOLD,0,0,0.5,0.32,0,APPROVED
2026-09-17 13:51:04.930690+05:30,23264.75,23270.9,23264.75,23264.75,48298.0,0.1916,LOW_TOXICITY,3.9e-05,0.0781,HOLD,0,0,0.5,0.312,0,APPROVED
2026-09-17 13:52:00.692032+05:30,23271.45,23272.8,23271.35,23271.45,21054.0,0.1996,LOW_TOXICITY,5.7e-05,0.0817,HOLD,0,0,0.5,0.326,0,APPROVED
2026-09-17 13:52:00.726219+05:30,23268.55,23272.8,23268.55,23268.55,41408.0,0.1919,LOW_TOXICITY,6.1e-05,0.0794,HOLD,0,0,0.5,0.32,0,APPROVED
2026-09-17 13:52:02.395162+05:30,23272.8,23273.15,23271.35,23272.8,45794.0,0.1916,LOW_TOXICITY,7.7e-05,0.0921,HOLD,0,0,0.5,0.329,0,APPROVED
2026-09-17 13:53:05.086586+05:30,23271.3,23272.85,23270.2,23271.3,45864.0,0.1919,LOW_TOXICITY,4.9e-05,0.0812,HOLD,0,0,0.5,0.326,0,APPROVED
2026-09-17 13:53:05.037899+05:30,23271.45,23272.85,23270.2,23271.45,45864.0,0.1996,LOW_TOXICITY,5.7e-05,0.0803,HOLD,0,0,0.5,0.326,0,APPROVED
2026-09-17 13:53:06.734602+05:30,23268.85,23272.85,23268.55,23268.85,60707.0,0.1916,LOW_TOXICITY,4.1e-05,0.0879,HOLD,0,0,0.5,0.32,0,APPROVED
2026-09-17 13:54:01.355577+05:30,23264.85,23266.15,23264.15,23264.85,22102.0,0.1919,LOW_TOXICITY,2.1e-05,0.0881,HOLD,0,0,0.5,0.312,0,APPROVED
2026-09-17 13:54:01.362248+05:30,23271.45,23271.45,23264.15,23271.45,22102.0,0.1996,LOW_TOXICITY,5.7e-05,0.0796,HOLD,0,0,0.5,0.326,0,APPROVED
2026-09-17 13:54:03.092272+05:30,23265.35,23266.15,23264.15,23265.35,27429.0,0.1916,LOW_TOXICITY,1.8e-05,0.0851,HOLD,0,0,0.5,0.313,0,APPROVED
2026-09-17 13:55:05.703503+05:30,23265.95,23269.25,23265.4,23265.95,36279.0,0.1919,LOW_TOXICITY,1.4e-05,0.084,HOLD,0,0,0.5,0.314,0,APPROVED
2026-09-17 13:55:05.703503+05:30,23271.45,23271.45,23265.4,23271.45,36279.0,0.1996,LOW_TOXICITY,5.7e-05,0.0792,HOLD,0,0,0.5,0.326,0,APPROVED
2026-09-17 13:55:07.388334+05:30,23265.1,23269.25,23264.4,23265.1,43349.0,0.1916,LOW_TOXICITY,8e-06,0.0815,HOLD,0,0,0.5,0.313,0,APPROVED
2026-09-17 13:56:02.040456+05:30,23266.3,23271.6,23266.3,23266.3,15878.0,0.1919,LOW_TOXICITY,-9e-06,0.0816,HOLD,0,0,0.5,0.315,0,APPROVED
2026-09-17 13:56:02.103080+05:30,23271.45,23271.6,23266.3,23271.45,15878.0,0.1996,LOW_TOXICITY,5.7e-05,0.0791,HOLD,0,0,0.5,0.326,0,APPROVED
2026-09-17 13:56:03.720825+05:30,23268.2,23271.6,23266.3,23268.2,37870.0,0.1916,LOW_TOXICITY,-1e-06,0.0822,HOLD,0,0,0.5,0.319,0,APPROVED
2026-09-17 13:57:00.000679+05:30,23267.75,23269.75,23265.9,23267.75,26672.0,0.1916,LOW_TOXICITY,-2.4e-05,0.08,HOLD,0,0,0.5,0.318,0,APPROVED
2026-09-17 13:57:06.354468+05:30,23268.5,23270.3,23265.9,23268.5,49066.0,0.1919,LOW_TOXICITY,-2.3e-05,0.0816,HOLD,0,0,0.5,0.32,0,APPROVED
2026-09-17 13:57:06.401522+05:30,23271.45,23271.45,23265.9,23271.45,49066.0,0.1996,LOW_TOXICITY,5.7e-05,0.079,HOLD,0,0,0.5,0.326,0,APPROVED
2026-09-17 13:58:02.648284+05:30,23271.15,23271.95,23270.2,23271.15,34818.0,0.1919,LOW_TOXICITY,-1.5e-05,0.0821,HOLD,0,0,0.5,0.325,0,APPROVED
2026-09-17 13:58:02.675976+05:30,23271.45,23271.95,23270.2,23271.45,34818.0,0.1996,LOW_TOXICITY,9e-06,0.0789,HOLD,0,0,0.5,0.326,0,APPROVED
2026-09-17 13:58:04.384157+05:30,23271.3,23271.95,23270.2,23271.3,42428.0,0.1916,LOW_TOXICITY,7e-06,0.0821,HOLD,0,0,0.5,0.326,0,APPROVED
2026-09-17 13:59:00.689861+05:30,23269.95,23271.7,23268.75,23269.95,12710.0,0.1916,LOW_TOXICITY,1e-06,0.0808,HOLD,0,0,0.5,0.323,0,APPROVED
2026-09-17 13:59:07.000613+05:30,23271.45,23271.7,23268.6,23271.45,57324.0,0.1996,LOW_TOXICITY,7e-06,0.0782,HOLD,0,0,0.5,0.326,0,APPROVED
2026-09-17 13:59:06.945113+05:30,23269.7,23271.7,23268.6,23269.7,57324.0,0.1919,LOW_TOXICITY,-1.9e-05,0.0802,HOLD,0,0,0.5,0.322,0,APPROVED
2026-09-17 14:00:03.343457+05:30,23264.3,23265.4,23263.0,23264.3,41957.0,0.1996,LOW_TOXICITY,-1.3e-05,0.0882,HOLD,0,0,0.5,0.311,0,APPROVED
2026-09-17 14:00:03.343458+05:30,23269.7,23269.7,23263.0,23269.7,41957.0,0.1919,LOW_TOXICITY,1.4e-05,0.0793,HOLD,0,0,0.5,0.322,0,APPROVED
2026-09-17 14:00:05.027381+05:30,23265.15,23266.3,23263.0,23265.15,45380.0,0.1916,LOW_TOXICITY,1e-06,0.0841,HOLD,0,0,0.5,0.313,0,APPROVED
2026-09-17 14:01:00.831067+05:30,23264.65,23266.3,23263.7,23264.65,15613.0,0.1938,LOW_TOXICITY,-1.4e-05,0.0838,HOLD,0,0,0.5,0.312,0,APPROVED
2026-09-17 14:01:01.372727+05:30,23265.15,23266.3,23263.7,23265.15,15613.0,0.1916,LOW_TOXICITY,1e-06,0.0813,HOLD,0,0,0.5,0.313,0,APPROVED
2026-09-17 14:01:07.706582+05:30,23265.55,23266.3,23263.7,23265.55,57067.0,0.1996,LOW_TOXICITY,-1.2e-05,0.0838,HOLD,0,0,0.5,0.313,0,APPROVED
2026-09-17 14:02:05.199044+05:30,23270.05,23271.55,23269.5,23270.05,31728.0,0.1938,LOW_TOXICITY,1e-06,0.0876,HOLD,0,0,0.5,0.323,0,APPROVED
2026-09-17 14:02:05.658137+05:30,23265.15,23271.55,23265.15,23265.15,31728.0,0.1916,LOW_TOXICITY,1e-06,0.0799,HOLD,0,0,0.5,0.313,0,APPROVED
2026-09-17 14:02:06.330064+05:30,23269.35,23271.55,23268.8,23269.35,44961.0,0.1996,LOW_TOXICITY,-8e-06,0.0844,HOLD,0,0,0.5,0.321,0,APPROVED
2026-09-17 14:03:01.495453+05:30,23263.45,23265.45,23263.45,23263.45,17765.0,0.1938,LOW_TOXICITY,-1.8e-05,0.0912,HOLD,0,0,0.5,0.309,0,APPROVED
2026-09-17 14:03:01.948527+05:30,23265.15,23265.45,23263.2,23265.15,20823.0,0.1916,LOW_TOXICITY,1e-06,0.0792,HOLD,0,0,0.5,0.313,0,APPROVED
2026-09-17 14:03:02.635688+05:30,23263.1,23265.45,23262.9,23263.1,20823.0,0.1996,LOW_TOXICITY,-3.4e-05,0.0888,HOLD,0,0,0.5,0.308,0,APPROVED
2026-09-17 14:04:05.798861+05:30,23265.5,23267.9,23265.0,23265.5,57412.0,0.1938,LOW_TOXICITY,-1.2e-05,0.086,HOLD,0,0,0.5,0.313,0,APPROVED
2026-09-17 14:04:06.257256+05:30,23265.15,23267.9,23265.0,23265.15,57412.0,0.1916,LOW_TOXICITY,1e-06,0.0788,HOLD,0,0,0.5,0.313,0,APPROVED
2026-09-17 14:04:07.056219+05:30,23264.85,23267.9,23264.75,23264.85,58610.0,0.1996,LOW_TOXICITY,-9e-06,0.0844,HOLD,0,0,0.5,0.312,0,APPROVED
2026-09-17 14:05:02.142502+05:30,23269.4,23271.3,23269.4,23269.4,21848.0,0.1938,LOW_TOXICITY,2e-06,0.0858,HOLD,0,0,0.5,0.322,0,APPROVED
2026-09-17 14:05:02.580516+05:30,23265.15,23271.3,23265.15,23265.15,21848.0,0.1916,LOW_TOXICITY,1e-06,0.0786,HOLD,0,0,0.5,0.313,0,APPROVED
2026-09-17 14:05:03.451102+05:30,23270.0,23271.3,23269.3,23270.0,25919.0,0.1996,LOW_TOXICITY,6e-06,0.0873,HOLD,0,0,0.5,0.323,0,APPROVED
2026-09-17 14:06:06.499716+05:30,23272.4,23273.4,23270.45,23272.4,44896.0,0.1938,LOW_TOXICITY,1.1e-05,0.0843,HOLD,0,0,0.5,0.328,0,APPROVED
2026-09-17 14:06:07.775101+05:30,23272.95,23273.4,23270.45,23272.95,46573.0,0.1996,LOW_TOXICITY,7e-06,0.0849,HOLD,0,0,0.5,0.329,0,APPROVED
2026-09-17 14:06:06.969989+05:30,23265.15,23273.4,23265.15,23265.15,46573.0,0.1916,LOW_TOXICITY,1e-06,0.0786,HOLD,0,0,0.5,0.313,0,APPROVED
2026-09-17 14:07:02.864749+05:30,23272.85,23272.85,23271.7,23272.85,32758.0,0.1938,LOW_TOXICITY,1.2e-05,0.0814,HOLD,0,0,0.5,0.329,0,APPROVED
2026-09-17 14:07:04.058800+05:30,23273.4,23273.45,23271.7,23273.4,34706.0,0.1996,LOW_TOXICITY,6e-06,0.0817,HOLD,0,0,0.5,0.33,0,APPROVED
2026-09-17 14:07:05.087958+05:30,23273.2,23273.5,23271.7,23273.2,37635.0,0.1916,LOW_TOXICITY,1e-06,0.0925,HOLD,0,0,0.5,0.33,0,APPROVED
2026-09-17 14:08:00.392986+05:30,23282.8,23283.9,23282.0,23282.8,16229.0,0.1996,LOW_TOXICITY,3.3e-05,0.098,HOLD,0,0,0.5,0.35,0,APPROVED
2026-09-17 14:08:01.420856+05:30,23281.95,23283.9,23281.85,23281.95,21311.0,0.1916,LOW_TOXICITY,3.8e-05,0.1008,HOLD,0,0,0.5,0.348,0,APPROVED
2026-09-17 14:08:07.223709+05:30,23283.1,23283.9,23281.65,23283.1,198464.0,0.1938,LOW_TOXICITY,3.4e-05,0.101,HOLD,0,0,0.5,0.35,0,APPROVED
2026-09-17 14:09:03.571630+05:30,23279.7,23280.2,23278.2,23279.7,13815.0,0.1938,LOW_TOXICITY,4.3e-05,0.0916,HOLD,0,0,0.5,0.343,0,APPROVED
2026-09-17 14:09:04.694715+05:30,23280.65,23280.65,23278.2,23280.65,27888.0,0.1996,LOW_TOXICITY,2.6e-05,0.084,HOLD,0,0,0.5,0.345,0,APPROVED
2026-09-17 14:09:05.786813+05:30,23279.95,23280.65,23278.2,23279.95,97484.0,0.1916,LOW_TOXICITY,4.2e-05,0.0849,HOLD,0,0,0.5,0.344,0,APPROVED
2026-09-17 14:10:01.055282+05:30,23282.1,23283.25,23280.7,23282.1,17767.0,0.1996,LOW_TOXICITY,3.1e-05,0.0789,HOLD,0,0,0.5,0.348,0,APPROVED
2026-09-17 14:10:02.167273+05:30,23279.95,23283.25,23279.95,23279.95,21110.0,0.1916,LOW_TOXICITY,4.3e-05,0.0787,HOLD,0,0,0.5,0.344,0,APPROVED
2026-09-17 14:10:07.971184+05:30,23282.3,23283.25,23280.7,23282.3,57107.0,0.1938,LOW_TOXICITY,4.7e-05,0.0865,HOLD,0,0,0.5,0.349,0,APPROVED
2026-09-17 14:11:04.422654+05:30,23282.95,23286.1,23280.05,23282.95,65692.0,0.1938,LOW_TOXICITY,4.8e-05,0.0824,HOLD,0,0,0.5,0.35,0,APPROVED
2026-09-17 14:11:05.512915+05:30,23281.5,23286.1,23280.05,23281.5,75839.0,0.1996,LOW_TOXICITY,2.9e-05,0.0758,HOLD,0,0,0.5,0.347,0,APPROVED
2026-09-17 14:11:06.490652+05:30,23279.95,23286.1,23279.95,23279.95,100105.0,0.1916,LOW_TOXICITY,3.4e-05,0.0757,HOLD,0,0,0.5,0.344,0,APPROVED
2026-09-17 14:12:00.767006+05:30,23277.05,23278.15,23276.2,23277.05,38691.0,0.1938,LOW_TOXICITY,2.4e-05,0.0871,HOLD,0,0,0.5,0.338,0,APPROVED
2026-09-17 14:12:01.866386+05:30,23276.75,23278.15,23276.0,23276.75,49837.0,0.1996,LOW_TOXICITY,1.5e-05,0.0789,HOLD,0,0,0.5,0.337,0,APPROVED
2026-09-17 14:12:02.808742+05:30,23279.95,23279.95,23275.75,23279.95,49837.0,0.1916,LOW_TOXICITY,3.5e-05,0.0742,HOLD,0,0,0.5,0.344,0,APPROVED
2026-09-17 14:13:05.086171+05:30,23277.45,23279.55,23276.25,23277.45,73968.0,0.1938,LOW_TOXICITY,1.8e-05,0.0826,HOLD,0,0,0.5,0.338,0,APPROVED
2026-09-17 14:13:06.194157+05:30,23276.7,23279.55,23276.25,23276.7,81653.0,0.1996,LOW_TOXICITY,1.5e-05,0.0757,HOLD,0,0,0.5,0.337,0,APPROVED
2026-09-17 14:13:07.091956+05:30,23279.95,23279.95,23275.55,23279.95,96878.0,0.1916,LOW_TOXICITY,2.5e-05,0.0734,HOLD,0,0,0.5,0.344,0,APPROVED
2026-09-17 14:14:01.416562+05:30,23279.05,23279.95,23278.45,23279.05,25554.0,0.1938,LOW_TOXICITY,2.7e-05,0.0809,HOLD,0,0,0.5,0.342,0,APPROVED
2026-09-17 14:14:02.548149+05:30,23279.3,23279.95,23278.45,23279.3,29395.0,0.1996,LOW_TOXICITY,2.2e-05,0.076,HOLD,0,0,0.5,0.342,0,APPROVED
2026-09-17 14:14:03.485552+05:30,23279.95,23279.95,23278.45,23279.95,39919.0,0.1916,LOW_TOXICITY,2.9e-05,0.0731,HOLD,0,0,0.5,0.344,0,APPROVED
2026-09-17 14:15:05.759595+05:30,23278.95,23280.7,23277.6,23278.95,73348.0,0.1938,LOW_TOXICITY,2.6e-05,0.0794,HOLD,0,0,0.5,0.342,0,APPROVED
2026-09-17 14:15:06.880114+05:30,23278.05,23280.7,23277.5,23278.05,75524.0,0.1996,LOW_TOXICITY,3.9e-05,0.0746,HOLD,0,0,0.5,0.34,0,APPROVED
2026-09-17 14:15:07.770198+05:30,23279.95,23280.7,23277.5,23279.95,75524.0,0.1916,LOW_TOXICITY,4.2e-05,0.0729,HOLD,0,0,0.5,0.344,0,APPROVED
2026-09-17 14:16:03.144193+05:30,23278.95,23278.95,23275.1,23278.95,21760.0,0.1938,LOW_TOXICITY,4.1e-05,0.0786,HOLD,0,0,0.5,0.342,0,APPROVED
2026-09-17 14:16:04.031349+05:30,23279.95,23279.95,23275.1,23279.95,24955.0,0.1916,LOW_TOXICITY,4.2e-05,0.0728,HOLD,0,0,0.5,0.344,0,APPROVED
2026-09-17 14:16:03.172535+05:30,23275.85,23277.9,23275.1,23275.85,21760.0,0.1996,LOW_TOXICITY,3e-05,0.0745,HOLD,0,0,0.5,0.335,0,APPROVED
2026-09-17 14:17:00.316940+05:30,23270.95,23273.05,23270.8,23270.95,9643.0,0.1916,LOW_TOXICITY,1.7e-05,0.0892,HOLD,0,0,0.5,0.325,0,APPROVED
2026-09-17 14:17:01.545884+05:30,23271.6,23273.05,23270.8,23271.6,13686.0,0.1996,LOW_TOXICITY,6e-06,0.0773,HOLD,0,0,0.5,0.326,0,APPROVED
2026-09-17 14:17:07.502496+05:30,23271.2,23273.05,23270.7,23271.2,51936.0,0.1938,LOW_TOXICITY,3e-06,0.0903,HOLD,0,0,0.5,0.325,0,APPROVED
2026-09-17 14:18:03.972720+05:30,23275.75,23276.15,23273.6,23275.75,62439.0,0.1938,LOW_TOXICITY,3.5e-05,0.0886,HOLD,0,0,0.5,0.335,0,APPROVED
2026-09-17 14:18:04.697349+05:30,23270.95,23276.2,23270.95,23270.95,62439.0,0.1916,LOW_TOXICITY,1.7e-05,0.081,HOLD,0,0,0.5,0.325,0,APPROVED
2026-09-17 14:18:05.807635+05:30,23276.7,23276.75,23273.6,23276.7,87503.0,0.1996,LOW_TOXICITY,3.9e-05,0.0812,HOLD,0,0,0.5,0.337,0,APPROVED
2026-09-17 14:19:00.291366+05:30,23283.75,23285.3,23282.85,23283.75,9629.0,0.1938,LOW_TOXICITY,5.2e-05,0.0962,HOLD,0,0,0.5,0.352,0,APPROVED
2026-09-17 14:19:01.023417+05:30,23270.95,23285.3,23270.95,23270.95,14282.0,0.1916,LOW_TOXICITY,1.7e-05,0.0809,HOLD,0,0,0.5,0.325,0,APPROVED
2026-09-17 14:19:02.117663+05:30,23282.0,23285.3,23281.95,23282.0,17202.0,0.1996,LOW_TOXICITY,4.9e-05,0.0874,HOLD,0,0,0.5,0.348,0,APPROVED
2026-09-17 14:20:04.645401+05:30,23280.9,23282.75,23280.6,23280.9,69800.0,0.1938,LOW_TOXICITY,3.3e-05,0.0887,HOLD,0,0,0.5,0.346,0,APPROVED
2026-09-17 14:20:05.435743+05:30,23270.95,23282.75,23270.95,23270.95,79138.0,0.1916,LOW_TOXICITY,1.7e-05,0.0788,HOLD,0,0,0.5,0.325,0,APPROVED
2026-09-17 14:20:06.442561+05:30,23280.85,23282.75,23280.6,23280.85,92845.0,0.1996,LOW_TOXICITY,3.1e-05,0.0824,HOLD,0,0,0.5,0.346,0,APPROVED
2026-09-17 14:21:01.051159+05:30,23282.4,23284.25,23282.1,23282.4,17851.0,0.1938,LOW_TOXICITY,2.9e-05,0.0838,HOLD,0,0,0.5,0.349,0,APPROVED
2026-09-17 14:21:01.719135+05:30,23270.95,23284.25,23270.95,23270.95,28291.0,0.1916,LOW_TOXICITY,1.7e-05,0.0778,HOLD,0,0,0.5,0.325,0,APPROVED
2026-09-17 14:21:02.720210+05:30,23281.7,23284.25,23281.7,23281.7,28291.0,0.1996,LOW_TOXICITY,2.5e-05,0.0798,HOLD,0,0,0.5,0.347,0,APPROVED
2026-09-17 14:22:05.559180+05:30,23289.6,23290.05,23288.15,23289.6,33648.0,0.1938,LOW_TOXICITY,4.8e-05,0.0917,HOLD,0,0,0.5,0.364,0,APPROVED
2026-09-17 14:22:06.676078+05:30,23289.85,23290.05,23288.15,23289.85,36518.0,0.1916,LOW_TOXICITY,4.8e-05,0.1372,HOLD,0,0,0.5,0.364,0,APPROVED
2026-09-17 14:22:07.005331+05:30,23281.7,23290.05,23281.7,23281.7,42326.0,0.1996,LOW_TOXICITY,2.4e-05,0.0783,HOLD,0,0,0.5,0.347,0,APPROVED
2026-09-17 14:23:01.896052+05:30,23289.1,23289.1,23287.4,23289.1,107026.0,0.1938,LOW_TOXICITY,1.7e-05,0.0849,HOLD,0,0,0.5,0.363,0,APPROVED
2026-09-17 14:23:02.965579+05:30,23288.95,23289.1,23287.4,23288.95,118605.0,0.1916,LOW_TOXICITY,2e-05,0.1109,HOLD,0,0,0.5,0.363,0,APPROVED
2026-09-17 14:23:03.306299+05:30,23281.7,23289.1,23281.7,23281.7,118605.0,0.1996,LOW_TOXICITY,-3e-06,0.0775,HOLD,0,0,0.5,0.347,0,APPROVED
2026-09-17 14:24:01.302428+05:30,23288.65,23289.55,23287.85,23288.65,5081.0,0.1916,LOW_TOXICITY,2.5e-05,0.0952,HOLD,0,0,0.5,0.362,0,APPROVED
2026-09-17 14:24:01.553235+05:30,23281.7,23289.55,23281.7,23281.7,5081.0,0.1996,LOW_TOXICITY,3e-06,0.0771,HOLD,0,0,0.5,0.347,0,APPROVED
2026-09-17 14:24:08.183932+05:30,23287.5,23289.55,23287.45,23287.5,75399.0,0.1938,LOW_TOXICITY,2.2e-05,0.0816,HOLD,0,0,0.5,0.36,0,APPROVED
2026-09-17 14:25:04.516098+05:30,23283.15,23287.5,23282.65,23283.15,141033.0,0.1938,LOW_TOXICITY,2e-06,0.0832,HOLD,0,0,0.5,0.35,0,APPROVED
2026-09-17 14:25:05.650397+05:30,23282.65,23287.5,23282.25,23282.65,146422.0,0.1916,LOW_TOXICITY,8e-06,0.0925,HOLD,0,0,0.5,0.349,0,APPROVED
2026-09-17 14:25:05.856409+05:30,23281.7,23287.5,23281.7,23281.7,151226.0,0.1996,LOW_TOXICITY,-1e-06,0.077,HOLD,0,0,0.5,0.347,0,APPROVED
2026-09-17 14:26:00.835723+05:30,23278.2,23279.45,23278.1,23278.2,6144.0,0.1938,LOW_TOXICITY,-1.4e-05,0.0851,HOLD,0,0,0.5,0.34,0,APPROVED
2026-09-17 14:26:01.931792+05:30,23278.35,23279.45,23277.95,23278.35,7812.0,0.1916,LOW_TOXICITY,-5e-06,0.088,HOLD,0,0,0.5,0.34,0,APPROVED
2026-09-17 14:26:02.188009+05:30,23281.7,23281.7,23277.95,23281.7,7812.0,0.1996,LOW_TOXICITY,1e-06,0.0769,HOLD,0,0,0.5,0.347,0,APPROVED
2026-09-17 14:27:05.202054+05:30,23276.45,23276.75,23275.55,23276.45,28201.0,0.1938,LOW_TOXICITY,-2e-06,0.0818,HOLD,0,0,0.5,0.336,0,APPROVED
2026-09-17 14:27:06.269796+05:30,23276.7,23277.0,23275.55,23276.7,44997.0,0.1916,LOW_TOXICITY,-9e-06,0.0828,HOLD,0,0,0.5,0.337,0,APPROVED
2026-09-17 14:27:06.480133+05:30,23281.7,23281.7,23275.55,23281.7,44997.0,0.1996,LOW_TOXICITY,1.4e-05,0.0768,HOLD,0,0,0.5,0.347,0,APPROVED
2026-09-17 14:28:01.581177+05:30,23276.05,23276.65,23275.5,23276.05,5127.0,0.1938,LOW_TOXICITY,-4e-06,0.0796,HOLD,0,0,0.5,0.336,0,APPROVED
2026-09-17 14:28:02.658806+05:30,23275.7,23276.65,23275.5,23275.7,13866.0,0.1916,LOW_TOXICITY,-1.2e-05,0.0799,HOLD,0,0,0.5,0.335,0,APPROVED
2026-09-17 14:28:02.790942+05:30,23281.7,23281.7,23275.5,23281.7,16658.0,0.1996,LOW_TOXICITY,1.4e-05,0.0768,HOLD,0,0,0.5,0.347,0,APPROVED
2026-09-17 14:29:05.926625+05:30,23272.7,23273.55,23271.05,23272.7,75838.0,0.1938,LOW_TOXICITY,-1.8e-05,0.0807,HOLD,0,0,0.5,0.328,0,APPROVED
2026-09-17 14:29:06.986334+05:30,23272.05,23273.55,23271.05,23272.05,80062.0,0.1916,LOW_TOXICITY,-2.3e-05,0.0802,HOLD,0,0,0.5,0.327,0,APPROVED
2026-09-17 14:29:07.100170+05:30,23281.7,23281.7,23271.05,23281.7,80062.0,0.1996,LOW_TOXICITY,7e-06,0.0756,HOLD,0,0,0.5,0.347,0,APPROVED
2026-09-17 14:30:02.309155+05:30,23282.85,23283.75,23282.3,23282.85,16442.0,0.1938,LOW_TOXICITY,1.1e-05,0.0999,HOLD,0,0,0.5,0.35,0,APPROVED
2026-09-17 14:30:03.351451+05:30,23272.05,23283.75,23272.05,23272.05,18873.0,0.1916,LOW_TOXICITY,-2.3e-05,0.0784,HOLD,0,0,0.5,0.327,0,APPROVED
2026-09-17 14:30:03.439233+05:30,23283.5,23283.75,23282.3,23283.5,18873.0,0.1996,LOW_TOXICITY,1.6e-05,0.0765,HOLD,0,0,0.5,0.351,0,APPROVED
2026-09-17 14:31:07.656243+05:30,23283.0,23285.15,23282.45,23283.0,126700.0,0.1938,LOW_TOXICITY,1.2e-05,0.0894,HOLD,0,0,0.5,0.35,0,APPROVED
2026-09-17 14:31:07.702256+05:30,23272.05,23285.15,23272.05,23272.05,126700.0,0.1916,LOW_TOXICITY,-2.3e-05,0.0775,HOLD,0,0,0.5,0.327,0,APPROVED
2026-09-17 14:31:07.787448+05:30,23283.5,23285.15,23282.45,23283.5,126700.0,0.1996,LOW_TOXICITY,2.2e-05,0.076,HOLD,0,0,0.5,0.351,0,APPROVED
2026-09-17 14:32:04.010476+05:30,23283.0,23284.95,23282.8,23283.0,18042.0,0.1938,LOW_TOXICITY,3.4e-05,0.0836,HOLD,0,0,0.5,0.35,0,APPROVED
2026-09-17 14:32:04.010476+05:30,23282.8,23284.95,23282.8,23282.8,18042.0,0.1916,LOW_TOXICITY,3.4e-05,0.1013,HOLD,0,0,0.5,0.35,0,APPROVED
2026-09-17 14:32:05.068275+05:30,23283.05,23284.95,23282.25,23283.05,22344.0,0.1996,LOW_TOXICITY,3.3e-05,0.0758,HOLD,0,0,0.5,0.35,0,APPROVED
2026-09-17 14:33:00.365648+05:30,23281.8,23283.4,23281.75,23281.8,0.0,0.1938,LOW_TOXICITY,1.7e-05,0.0808,HOLD,0,0,0.5,0.348,0,APPROVED
2026-09-17 14:33:00.379065+05:30,23282.8,23283.4,23281.75,23282.8,0.0,0.1916,LOW_TOXICITY,3.4e-05,0.0897,HOLD,0,0,0.5,0.35,0,APPROVED
2026-09-17 14:33:01.504372+05:30,23280.45,23283.4,23280.45,23280.45,9926.0,0.1996,LOW_TOXICITY,1.1e-05,0.0769,HOLD,0,0,0.5,0.345,0,APPROVED
2026-09-17 14:34:04.705270+05:30,23279.15,23282.75,23277.7,23279.15,101006.0,0.1938,LOW_TOXICITY,-1.3e-05,0.0805,HOLD,0,0,0.5,0.342,0,APPROVED
2026-09-17 14:34:04.739757+05:30,23282.8,23282.8,23277.7,23282.8,101006.0,0.1916,LOW_TOXICITY,3.4e-05,0.0833,HOLD,0,0,0.5,0.35,0,APPROVED
2026-09-17 14:34:05.879712+05:30,23278.8,23282.75,23277.7,23278.8,107633.0,0.2016,LOW_TOXICITY,-9e-06,0.0767,HOLD,0,0,0.5,0.341,0,APPROVED
2026-09-17 14:35:01.022326+05:30,23282.8,23282.8,23276.4,23282.8,21116.0,0.1916,LOW_TOXICITY,3.4e-05,0.08,HOLD,0,0,0.5,0.35,0,APPROVED
2026-09-17 14:35:01.022326+05:30,23277.0,23278.1,23276.4,23277.0,21116.0,0.1938,LOW_TOXICITY,-1.1e-05,0.0798,HOLD,0,0,0.5,0.337,0,APPROVED
2026-09-17 14:35:02.202847+05:30,23278.1,23278.2,23276.4,23278.1,32699.0,0.2016,LOW_TOXICITY,-8e-06,0.0761,HOLD,0,0,0.5,0.34,0,APPROVED
2026-09-17 14:36:05.555853+05:30,23277.0,23293.65,23277.0,23277.0,182616.0,0.1938,LOW_TOXICITY,-1.5e-05,0.0786,HOLD,0,0,0.5,0.337,0,APPROVED
2026-09-17 14:36:05.555830+05:30,23293.4,23293.65,23287.9,23293.4,182616.0,0.1916,LOW_TOXICITY,6.4e-05,0.1017,HOLD,0,0,0.5,0.372,0,APPROVED
2026-09-17 14:36:06.569078+05:30,23278.1,23293.65,23278.1,23278.1,193130.0,0.2016,LOW_TOXICITY,-1e-05,0.0758,HOLD,0,0,0.5,0.34,0,APPROVED
2026-09-17 14:37:01.894445+05:30,23288.4,23288.4,23286.8,23288.4,15678.0,0.1938,LOW_TOXICITY,-3e-06,0.1038,HOLD,0,0,0.5,0.361,0,APPROVED
2026-09-17 14:37:02.743652+05:30,23293.4,23293.4,23286.8,23293.4,27404.0,0.1916,LOW_TOXICITY,1e-05,0.0899,HOLD,0,0,0.5,0.372,0,APPROVED
2026-09-17 14:37:02.874065+05:30,23278.1,23288.45,23278.1,23278.1,27404.0,0.2016,LOW_TOXICITY,-1e-05,0.0757,HOLD,0,0,0.5,0.34,0,APPROVED
2026-09-17 14:38:06.268011+05:30,23304.7,23307.25,23303.55,23304.7,109267.0,0.1938,LOW_TOXICITY,4.5e-05,0.1336,HOLD,0,0,0.5,0.396,0,APPROVED
2026-09-17 14:38:07.080080+05:30,23293.4,23307.25,23293.4,23293.4,120965.0,0.1916,LOW_TOXICITY,1.3e-05,0.0834,HOLD,0,0,0.5,0.372,0,APPROVED
2026-09-17 14:38:07.191877+05:30,23278.1,23307.25,23278.1,23278.1,120965.0,0.2016,LOW_TOXICITY,-1e-05,0.0756,HOLD,0,0,0.5,0.34,0,APPROVED
2026-09-17 14:39:02.592752+05:30,23301.45,23301.85,23300.2,23301.45,22637.0,0.1938,LOW_TOXICITY,4e-05,0.1101,HOLD,0,0,0.5,0.389,0,APPROVED
2026-09-17 14:39:03.399792+05:30,23293.4,23301.85,23293.4,23293.4,49082.0,0.1916,LOW_TOXICITY,1.4e-05,0.0805,HOLD,0,0,0.5,0.372,0,APPROVED
2026-09-17 14:39:03.455282+05:30,23278.1,23301.85,23278.1,23278.1,49082.0,0.2016,LOW_TOXICITY,-1e-05,0.0664,HOLD,0,0,0.5,0.34,0,APPROVED
2026-09-17 14:40:06.932495+05:30,23303.1,23306.3,23302.55,23303.1,109074.0,0.1938,LOW_TOXICITY,5.7e-05,0.0956,HOLD,0,0,0.5,0.392,0,APPROVED
2026-09-17 14:40:07.792252+05:30,23278.1,23306.3,23278.1,23278.1,127826.0,0.2016,LOW_TOXICITY,-1e-05,0.0663,HOLD,0,0,0.5,0.34,0,APPROVED
2026-09-17 14:40:07.779103+05:30,23293.4,23306.3,23293.4,23293.4,127826.0,0.1916,LOW_TOXICITY,3.1e-05,0.0788,HOLD,0,0,0.5,0.372,0,APPROVED
2026-09-17 14:41:03.265352+05:30,23300.05,23300.6,23299.25,23300.05,40315.0,0.1938,LOW_TOXICITY,6.3e-05,0.0885,HOLD,0,0,0.5,0.386,0,APPROVED
2026-09-17 14:41:04.117301+05:30,23278.1,23300.6,23278.1,23278.1,44301.0,0.2016,LOW_TOXICITY,-1e-05,0.0663,HOLD,0,0,0.5,0.34,0,APPROVED
2026-09-17 14:41:04.117301+05:30,23293.4,23300.6,23293.4,23293.4,44301.0,0.1916,LOW_TOXICITY,4.3e-05,0.078,HOLD,0,0,0.5,0.372,0,APPROVED
2026-09-17 14:42:00.430460+05:30,23297.25,23297.25,23296.65,23297.25,0.0,0.2016,LOW_TOXICITY,4.5e-05,0.1302,HOLD,0,0,0.5,0.38,0,APPROVED
2026-09-17 14:42:00.445182+05:30,23293.4,23297.25,23293.4,23293.4,0.0,0.1916,LOW_TOXICITY,4.8e-05,0.0775,HOLD,0,0,0.5,0.372,0,APPROVED
2026-09-17 14:42:07.616510+05:30,23294.75,23298.25,23294.25,23294.75,101721.0,0.1938,LOW_TOXICITY,5.2e-05,0.0885,HOLD,0,0,0.5,0.375,0,APPROVED
2026-09-17 14:43:03.945107+05:30,23290.45,23291.3,23289.75,23290.45,104422.0,0.1938,LOW_TOXICITY,4.1e-05,0.0866,HOLD,0,0,0.5,0.366,0,APPROVED
2026-09-17 14:43:04.803410+05:30,23297.25,23297.25,23289.75,23297.25,121846.0,0.2016,LOW_TOXICITY,4.5e-05,0.1071,HOLD,0,0,0.5,0.38,0,APPROVED
2026-09-17 14:43:04.843470+05:30,23293.4,23293.4,23289.75,23293.4,121846.0,0.1916,LOW_TOXICITY,5.1e-05,0.0773,HOLD,0,0,0.5,0.372,0,APPROVED
2026-09-17 14:44:00.307505+05:30,23292.0,23294.15,23291.05,23292.0,0.0,0.1938,LOW_TOXICITY,5.5e-05,0.0826,HOLD,0,0,0.5,0.369,0,APPROVED
2026-09-17 14:44:01.100291+05:30,23297.25,23297.25,23291.05,23297.25,98066.0,0.2016,LOW_TOXICITY,4.5e-05,0.0915,HOLD,0,0,0.5,0.38,0,APPROVED
2026-09-17 14:44:01.128482+05:30,23293.4,23294.15,23291.05,23293.4,98066.0,0.1916,LOW_TOXICITY,6.1e-05,0.0772,HOLD,0,0,0.5,0.372,0,APPROVED
2026-09-17 14:45:05.389186+05:30,23297.25,23297.25,23286.75,23297.25,187847.0,0.2016,LOW_TOXICITY,3.9e-05,0.0814,HOLD,0,0,0.5,0.38,0,APPROVED
2026-09-17 14:45:05.444669+05:30,23293.4,23293.4,23286.75,23293.4,187847.0,0.1916,LOW_TOXICITY,6.1e-05,0.0772,HOLD,0,0,0.5,0.372,0,APPROVED
2026-09-17 14:45:04.653999+05:30,23288.8,23289.3,23286.75,23288.8,175488.0,0.1938,LOW_TOXICITY,1.7e-05,0.082,HOLD,0,0,0.5,0.362,0,APPROVED
2026-09-17 14:46:01.749893+05:30,23293.4,23297.8,23293.4,23293.4,21346.0,0.1916,LOW_TOXICITY,6.1e-05,0.0772,HOLD,0,0,0.5,0.372,0,APPROVED
2026-09-17 14:46:02.148024+05:30,23288.8,23297.8,23288.8,23288.8,21346.0,0.1938,LOW_TOXICITY,1.7e-05,0.0797,HOLD,0,0,0.5,0.362,0,APPROVED
2026-09-17 14:46:01.713692+05:30,23297.8,23297.8,23296.75,23297.8,21346.0,0.2016,LOW_TOXICITY,4.1e-05,0.0753,HOLD,0,0,0.5,0.381,0,APPROVED
2026-09-17 14:47:06.055218+05:30,23301.15,23301.9,23299.6,23301.15,127254.0,0.1916,LOW_TOXICITY,5.3e-05,0.0902,HOLD,0,0,0.5,0.388,0,APPROVED
2026-09-17 14:47:06.483390+05:30,23288.8,23301.9,23288.8,23288.8,127254.0,0.1938,LOW_TOXICITY,1.7e-05,0.0785,HOLD,0,0,0.5,0.362,0,APPROVED
2026-09-17 14:47:07.379968+05:30,23302.15,23302.45,23299.6,23302.15,138643.0,0.2016,LOW_TOXICITY,5.5e-05,0.0762,HOLD,0,0,0.5,0.39,0,APPROVED
2026-09-17 14:48:02.378570+05:30,23299.55,23300.2,23297.35,23299.55,33987.0,0.1916,LOW_TOXICITY,4.8e-05,0.0843,HOLD,0,0,0.5,0.385,0,APPROVED
2026-09-17 14:48:02.759690+05:30,23288.8,23300.2,23288.8,23288.8,148053.0,0.1938,LOW_TOXICITY,2e-05,0.0779,HOLD,0,0,0.5,0.362,0,APPROVED
2026-09-17 14:48:03.663490+05:30,23298.85,23300.2,23297.35,23298.85,148053.0,0.2016,LOW_TOXICITY,5.3e-05,0.0742,HOLD,0,0,0.5,0.383,0,APPROVED
2026-09-17 14:49:00.008954+05:30,23306.8,23307.0,23306.4,23306.8,0.0,0.2016,LOW_TOXICITY,8e-05,0.0935,BUY,1,1,0.9861,0.4,0,APPROVED
2026-09-17 14:49:06.741129+05:30,23301.6,23307.5,23301.6,23301.6,300423.0,0.19,LOW_TOXICITY,5.4e-05,0.0819,HOLD,0,0,0.5,0.389,0,APPROVED
2026-09-17 14:49:07.063974+05:30,23288.8,23307.5,23288.8,23288.8,300423.0,0.1938,LOW_TOXICITY,2.8e-05,0.0775,HOLD,0,0,0.5,0.362,0,APPROVED
2026-09-17 14:50:03.134500+05:30,23300.1,23302.25,23299.75,23300.1,93002.0,0.19,LOW_TOXICITY,5e-05,0.08,HOLD,0,0,0.5,0.386,0,APPROVED
2026-09-17 14:50:03.411582+05:30,23288.8,23302.25,23288.8,23288.8,93002.0,0.1938,LOW_TOXICITY,3.4e-05,0.0774,HOLD,0,0,0.5,0.362,0,APPROVED
2026-09-17 14:50:04.997134+05:30,23299.35,23302.25,23299.25,23299.35,145976.0,0.2016,LOW_TOXICITY,6.1e-05,0.0957,HOLD,0,0,0.5,0.384,0,APPROVED
2026-09-17 14:51:01.346515+05:30,23301.65,23302.5,23301.15,23301.65,17260.0,0.2016,LOW_TOXICITY,6.7e-05,0.0882,HOLD,0,0,0.5,0.389,0,APPROVED
2026-09-17 14:51:07.720513+05:30,23288.8,23305.5,23288.8,23288.8,111104.0,0.1938,LOW_TOXICITY,3.4e-05,0.0773,HOLD,0,0,0.5,0.362,0,APPROVED
2026-09-17 14:51:07.479531+05:30,23303.7,23305.5,23301.15,23303.7,111104.0,0.19,LOW_TOXICITY,2.9e-05,0.0816,HOLD,0,0,0.5,0.393,0,APPROVED
2026-09-17 14:52:04.002430+05:30,23299.95,23301.4,23299.9,23299.95,111234.0,0.1938,LOW_TOXICITY,3.3e-05,0.102,HOLD,0,0,0.5,0.386,0,APPROVED
2026-09-17 14:52:04.838249+05:30,23303.7,23303.7,23299.9,23303.7,152862.0,0.19,LOW_TOXICITY,2.9e-05,0.0794,HOLD,0,0,0.5,0.393,0,APPROVED
2026-09-17 14:52:05.694187+05:30,23300.95,23301.65,23299.9,23300.95,160919.0,0.2016,LOW_TOXICITY,6.5e-05,0.0829,HOLD,0,0,0.5,0.388,0,APPROVED
2026-09-17 14:53:00.503009+05:30,23301.75,23302.75,23301.6,23301.75,0.0,0.1938,LOW_TOXICITY,-8e-06,0.0911,HOLD,0,0,0.5,0.389,0,APPROVED
2026-09-17 14:53:01.178203+05:30,23303.7,23303.7,23301.1,23303.7,22122.0,0.19,LOW_TOXICITY,2.9e-05,0.0783,HOLD,0,0,0.5,0.393,0,APPROVED
2026-09-17 14:53:01.996013+05:30,23301.55,23303.3,23300.95,23301.55,41626.0,0.2016,LOW_TOXICITY,6.7e-05,0.0803,HOLD,0,0,0.5,0.389,0,APPROVED
2026-09-17 14:54:04.870020+05:30,23298.25,23300.25,23297.05,23298.25,219692.0,0.1938,LOW_TOXICITY,-9e-06,0.0866,HOLD,0,0,0.5,0.382,0,APPROVED
2026-09-17 14:54:05.564599+05:30,23303.7,23303.7,23297.05,23303.7,219692.0,0.19,LOW_TOXICITY,2.9e-05,0.0777,HOLD,0,0,0.5,0.393,0,APPROVED
2026-09-17 14:54:06.311986+05:30,23298.25,23300.25,23297.05,23298.25,361792.0,0.2016,LOW_TOXICITY,5.8e-05,0.0808,HOLD,0,0,0.5,0.382,0,APPROVED
2026-09-17 14:55:01.237949+05:30,23297.75,23297.95,23296.8,23297.75,24037.0,0.1938,LOW_TOXICITY,-1.5e-05,0.082,HOLD,0,0,0.5,0.381,0,APPROVED
2026-09-17 14:55:01.881902+05:30,23303.7,23303.7,23296.8,23303.7,30947.0,0.19,LOW_TOXICITY,2.9e-05,0.0775,HOLD,0,0,0.5,0.393,0,APPROVED
2026-09-17 14:55:02.598986+05:30,23298.4,23298.7,23296.8,23298.4,30947.0,0.2016,LOW_TOXICITY,5.8e-05,0.0791,HOLD,0,0,0.5,0.382,0,APPROVED
2026-09-17 14:56:05.679331+05:30,23293.05,23296.45,23292.95,23293.05,135702.0,0.1938,LOW_TOXICITY,-2e-05,0.084,HOLD,0,0,0.5,0.371,0,APPROVED
2026-09-17 14:56:06.236065+05:30,23303.7,23303.7,23292.95,23303.7,135702.0,0.19,LOW_TOXICITY,2.9e-05,0.0773,HOLD,0,0,0.5,0.393,0,APPROVED
2026-09-17 14:56:06.894200+05:30,23293.15,23296.45,23292.9,23293.15,165251.0,0.2016,LOW_TOXICITY,4.3e-05,0.0836,HOLD,0,0,0.5,0.371,0,APPROVED
2026-09-17 14:57:02.059421+05:30,23288.2,23288.9,23287.2,23288.2,132183.0,0.1938,LOW_TOXICITY,-1.9e-05,0.0852,HOLD,0,0,0.5,0.361,0,APPROVED
2026-09-17 14:57:02.548427+05:30,23303.7,23303.7,23287.2,23303.7,132183.0,0.19,LOW_TOXICITY,2.9e-05,0.0772,HOLD,0,0,0.5,0.393,0,APPROVED
2026-09-17 14:57:03.233078+05:30,23288.1,23288.9,23287.2,23288.1,171016.0,0.2016,LOW_TOXICITY,-2.6e-05,0.0854,HOLD,0,0,0.5,0.361,0,APPROVED
2026-09-17 14:58:06.482018+05:30,23286.3,23286.85,23285.35,23286.3,176177.0,0.1938,LOW_TOXICITY,-1.2e-05,0.0819,HOLD,0,0,0.5,0.357,0,APPROVED
2026-09-17 14:58:06.899312+05:30,23303.7,23303.7,23285.15,23303.7,188106.0,0.19,LOW_TOXICITY,2.9e-05,0.0772,HOLD,0,0,0.5,0.393,0,APPROVED
2026-09-17 14:58:07.668835+05:30,23286.45,23286.85,23285.0,23286.45,188106.0,0.2016,LOW_TOXICITY,-3.1e-05,0.0818,HOLD,0,0,0.5,0.357,0,APPROVED
2026-09-17 14:59:02.862554+05:30,23285.7,23286.6,23285.1,23285.7,84281.0,0.1938,LOW_TOXICITY,-1.8e-05,0.0786,HOLD,0,0,0.5,0.356,0,APPROVED
2026-09-17 14:59:03.245961+05:30,23303.7,23303.7,23285.1,23303.7,84281.0,0.19,LOW_TOXICITY,2.9e-05,0.0761,HOLD,0,0,0.5,0.393,0,APPROVED
2026-09-17 14:59:03.994889+05:30,23285.9,23286.6,23285.1,23285.9,185880.0,0.2016,LOW_TOXICITY,-3.2e-05,0.0752,HOLD,0,0,0.5,0.356,0,APPROVED
2026-09-17 15:00:00.377394+05:30,23284.65,23284.85,23284.0,23284.65,0.0,0.2016,LOW_TOXICITY,-3.6e-05,0.0744,HOLD,0,0,0.5,0.354,0,APPROVED
2026-09-17 15:00:07.569783+05:30,23303.7,23303.7,23282.65,23303.7,298658.0,0.19,LOW_TOXICITY,2.9e-05,0.0761,HOLD,0,0,0.5,0.393,0,APPROVED
2026-09-17 15:00:07.264242+05:30,23283.35,23284.85,23282.65,23283.35,298658.0,0.1938,LOW_TOXICITY,-1.6e-05,0.0785,HOLD,0,0,0.5,0.351,0,APPROVED
2026-09-17 15:01:03.879743+05:30,23287.75,23287.75,23286.35,23287.75,78802.0,0.19,LOW_TOXICITY,-1.6e-05,0.12,HOLD,0,0,0.5,0.36,0,APPROVED
2026-09-17 15:01:04.742802+05:30,23283.35,23287.75,23283.35,23283.35,101833.0,0.1938,LOW_TOXICITY,-1.6e-05,0.0774,HOLD,0,0,0.5,0.351,0,APPROVED
2026-09-17 15:01:04.748164+05:30,23284.65,23287.75,23284.65,23284.65,101833.0,0.2016,LOW_TOXICITY,-3.8e-05,0.0737,HOLD,0,0,0.5,0.354,0,APPROVED
2026-09-17 15:02:00.240033+05:30,23288.7,23288.85,23288.45,23288.7,0.0,0.19,LOW_TOXICITY,-3.6e-05,0.1004,HOLD,0,0,0.5,0.362,0,APPROVED
2026-09-17 15:02:01.071556+05:30,23283.35,23288.85,23283.35,23283.35,39714.0,0.1938,LOW_TOXICITY,-1.6e-05,0.0769,HOLD,0,0,0.5,0.351,0,APPROVED
2026-09-17 15:02:03.700759+05:30,23286.7,23288.85,23286.5,23286.7,111116.0,0.2016,LOW_TOXICITY,-4.4e-05,0.0745,HOLD,0,0,0.5,0.358,0,APPROVED
2026-09-17 15:03:00.044071+05:30,23287.85,23287.85,23287.75,23287.85,0.0,0.2016,LOW_TOXICITY,-3.1e-05,0.0742,HOLD,0,0,0.5,0.36,0,APPROVED
2026-09-17 15:03:04.691771+05:30,23289.15,23289.5,23287.55,23289.15,102329.0,0.19,LOW_TOXICITY,-3e-05,0.089,HOLD,0,0,0.5,0.363,0,APPROVED
2026-09-17 15:03:05.383569+05:30,23283.35,23291.15,23283.35,23283.35,102329.0,0.1938,LOW_TOXICITY,-1.6e-05,0.0766,HOLD,0,0,0.5,0.351,0,APPROVED
2026-09-17 15:04:01.043802+05:30,23287.3,23288.95,23286.5,23287.3,28113.0,0.19,LOW_TOXICITY,-4.1e-05,0.0833,HOLD,0,0,0.5,0.359,0,APPROVED
2026-09-17 15:04:01.743325+05:30,23283.35,23288.95,23283.35,23283.35,54501.0,0.1938,LOW_TOXICITY,-1.6e-05,0.0765,HOLD,0,0,0.5,0.351,0,APPROVED
2026-09-17 15:04:04.368349+05:30,23289.35,23290.15,23286.5,23289.35,95846.0,0.2016,LOW_TOXICITY,-5e-05,0.0742,HOLD,0,0,0.5,0.363,0,APPROVED
2026-09-17 15:05:00.735930+05:30,23285.8,23285.9,23285.25,23285.8,64260.0,0.2016,LOW_TOXICITY,-3.9e-05,0.0762,HOLD,0,0,0.5,0.356,0,APPROVED
2026-09-17 15:05:05.466096+05:30,23287.95,23288.2,23284.8,23287.95,216690.0,0.19,LOW_TOXICITY,-3.5e-05,0.0799,HOLD,0,0,0.5,0.36,0,APPROVED
2026-09-17 15:05:06.006587+05:30,23283.35,23288.2,23283.35,23283.35,227990.0,0.1938,LOW_TOXICITY,-1.6e-05,0.0764,HOLD,0,0,0.5,0.351,0,APPROVED
2026-09-17 15:06:02.277203+05:30,23283.35,23287.0,23283.35,23283.35,53569.0,0.1938,LOW_TOXICITY,-1.6e-05,0.0764,HOLD,0,0,0.5,0.351,0,APPROVED
2026-09-17 15:06:01.775779+05:30,23285.7,23287.0,23285.6,23285.7,53569.0,0.19,LOW_TOXICITY,-5.2e-05,0.079,HOLD,0,0,0.5,0.356,0,APPROVED
2026-09-17 15:06:05.095263+05:30,23285.75,23287.0,23285.25,23285.75,196776.0,0.2016,LOW_TOXICITY,-4.6e-05,0.0746,HOLD,0,0,0.5,0.356,0,APPROVED
2026-09-17 15:07:01.363922+05:30,23287.7,23288.2,23285.6,23287.7,21779.0,0.2016,LOW_TOXICITY,-3.8e-05,0.0748,HOLD,0,0,0.5,0.36,0,APPROVED
2026-09-17 15:07:06.572591+05:30,23288.6,23288.9,23285.6,23288.6,188123.0,0.1938,LOW_TOXICITY,-3.2e-05,0.0827,HOLD,0,0,0.5,0.362,0,APPROVED
2026-09-17 15:07:07.268823+05:30,23285.7,23288.9,23285.6,23285.7,220469.0,0.19,LOW_TOXICITY,-5.2e-05,0.0775,HOLD,0,0,0.5,0.356,0,APPROVED
2026-09-17 15:08:02.863297+05:30,23284.2,23285.75,23284.2,23284.2,65553.0,0.1938,LOW_TOXICITY,-5e-05,0.0833,HOLD,0,0,0.5,0.353,0,APPROVED
2026-09-17 15:08:03.573754+05:30,23285.7,23285.75,23284.2,23285.7,65553.0,0.19,LOW_TOXICITY,-5.2e-05,0.0768,HOLD,0,0,0.5,0.356,0,APPROVED
2026-09-17 15:08:05.676761+05:30,23284.35,23285.75,23284.15,23284.35,230949.0,0.2016,LOW_TOXICITY,-4.9e-05,0.0762,HOLD,0,0,0.5,0.353,0,APPROVED
2026-09-17 15:09:02.134265+05:30,23284.45,23284.8,23283.7,23284.45,35304.0,0.2016,LOW_TOXICITY,-3.9e-05,0.0782,HOLD,0,0,0.5,0.353,0,APPROVED
2026-09-17 15:09:07.209439+05:30,23284.9,23285.5,23282.7,23284.9,500109.0,0.1938,LOW_TOXICITY,-3.8e-05,0.081,HOLD,0,0,0.5,0.354,0,APPROVED
2026-09-17 15:09:07.867944+05:30,23285.7,23285.7,23282.7,23285.7,510887.0,0.19,LOW_TOXICITY,-5.2e-05,0.0773,HOLD,0,0,0.5,0.356,0,APPROVED
2026-09-17 15:10:03.512604+05:30,23282.75,23284.6,23281.75,23282.75,289934.0,0.1919,LOW_TOXICITY,-4.3e-05,0.0798,HOLD,0,0,0.5,0.35,0,APPROVED
2026-09-17 15:10:04.194774+05:30,23285.7,23285.7,23281.75,23285.7,356337.0,0.19,LOW_TOXICITY,-5.2e-05,0.0771,HOLD,0,0,0.5,0.356,0,APPROVED
2026-09-17 15:10:06.498348+05:30,23283.6,23284.6,23281.75,23283.6,573487.0,0.2016,LOW_TOXICITY,-4.2e-05,0.0775,HOLD,0,0,0.5,0.351,0,APPROVED
2026-09-17 15:11:00.542712+05:30,23282.4,23284.0,23282.05,23282.4,0.0,0.19,LOW_TOXICITY,-6.1e-05,0.0791,HOLD,0,0,0.5,0.349,0,APPROVED
2026-09-17 15:11:02.789671+05:30,23282.35,23284.0,23280.4,23282.35,113976.0,0.2016,LOW_TOXICITY,-3.1e-05,0.0773,HOLD,0,0,0.5,0.349,0,APPROVED
2026-09-17 15:11:07.844015+05:30,23282.05,23284.0,23280.4,23282.05,226213.0,0.1919,LOW_TOXICITY,-3.1e-05,0.0785,HOLD,0,0,0.5,0.348,0,APPROVED
2026-09-17 15:12:04.245817+05:30,23282.1,23283.1,23280.85,23282.1,125144.0,0.1919,LOW_TOXICITY,-1.7e-05,0.0777,HOLD,0,0,0.5,0.348,0,APPROVED
2026-09-17 15:12:04.882544+05:30,23282.4,23283.1,23280.85,23282.4,184320.0,0.19,LOW_TOXICITY,-6.1e-05,0.078,HOLD,0,0,0.5,0.349,0,APPROVED
2026-09-17 15:12:07.094445+05:30,23282.35,23283.4,23279.7,23282.35,366401.0,0.2016,LOW_TOXICITY,-1.6e-05,0.0769,HOLD,0,0,0.5,0.349,0,APPROVED
2026-09-17 15:13:00.563888+05:30,23284.4,23285.95,23282.2,23284.4,0.0,0.1919,LOW_TOXICITY,-5e-06,0.0787,HOLD,0,0,0.5,0.353,0,APPROVED
2026-09-17 15:13:01.193013+05:30,23282.4,23285.95,23280.95,23282.4,193725.0,0.19,LOW_TOXICITY,-6.1e-05,0.0775,HOLD,0,0,0.5,0.349,0,APPROVED
2026-09-17 15:13:03.435136+05:30,23281.1,23285.95,23280.95,23281.1,356364.0,0.2016,LOW_TOXICITY,-1.5e-05,0.077,HOLD,0,0,0.5,0.346,0,APPROVED
2026-09-17 15:14:04.902404+05:30,23287.0,23290.05,23285.4,23287.0,198210.0,0.1919,LOW_TOXICITY,4e-06,0.0795,HOLD,0,0,0.5,0.358,0,APPROVED
2026-09-17 15:14:05.499793+05:30,23282.4,23290.05,23282.4,23282.4,198210.0,0.19,LOW_TOXICITY,-6.1e-05,0.0772,HOLD,0,0,0.5,0.349,0,APPROVED
2026-09-17 15:14:07.784297+05:30,23288.75,23290.05,23285.4,23288.75,254007.0,0.2016,LOW_TOXICITY,8e-06,0.0896,HOLD,0,0,0.5,0.362,0,APPROVED
2026-09-17 15:15:01.853567+05:30,23282.4,23294.35,23282.4,23282.4,850.0,0.19,LOW_TOXICITY,-6.1e-05,0.077,HOLD,0,0,0.5,0.349,0,APPROVED
2026-09-17 15:15:01.234523+05:30,23294.35,23294.35,23294.35,23294.35,850.0,0.1919,LOW_TOXICITY,3.1e-05,0.0899,HOLD,0,0,0.5,0.374,0,APPROVED
2026-09-17 15:15:04.116125+05:30,23294.35,23294.35,23294.35,23294.35,850.0,0.2016,LOW_TOXICITY,2.8e-05,0.09,HOLD,0,0,0.5,0.374,0,APPROVED
2026-09-17 15:16:00.413653+05:30,23294.35,23294.35,23294.35,23294.35,0.0,0.2016,LOW_TOXICITY,2.8e-05,0.0835,HOLD,0,0,0.5,0.374,0,APPROVED
2026-09-17 15:16:06.152126+05:30,23294.35,23294.35,23294.35,23294.35,0.0,0.19,LOW_TOXICITY,1.9e-05,0.1052,HOLD,0,0,0.5,0.374,0,APPROVED
2026-09-17 15:16:06.475443+05:30,23294.35,23294.35,23294.35,23294.35,0.0,0.1919,LOW_TOXICITY,3.1e-05,0.0837,HOLD,0,0,0.5,0.374,0,APPROVED
2026-09-17 15:17:02.481795+05:30,23294.35,23294.35,23294.35,23294.35,0.0,0.19,LOW_TOXICITY,1.6e-05,0.0921,HOLD,0,0,0.5,0.374,0,APPROVED
2026-09-17 15:17:02.779803+05:30,23294.35,23294.35,23294.35,23294.35,0.0,0.1919,LOW_TOXICITY,3.1e-05,0.0804,HOLD,0,0,0.5,0.374,0,APPROVED
2026-09-17 15:17:06.239792+05:30,23294.35,23294.35,23294.35,23294.35,0.0,0.2016,LOW_TOXICITY,2.2e-05,0.0801,HOLD,0,0,0.5,0.374,0,APPROVED
2026-09-17 15:18:02.563344+05:30,23294.35,23294.35,23294.35,23294.35,0.0,0.2016,LOW_TOXICITY,1.9e-05,0.0783,HOLD,0,0,0.5,0.374,0,APPROVED
2026-09-17 15:18:06.808184+05:30,23294.35,23294.35,23294.35,23294.35,0.0,0.19,LOW_TOXICITY,1.5e-05,0.0848,HOLD,0,0,0.5,0.374,0,APPROVED
2026-09-17 15:18:07.078859+05:30,23294.35,23294.35,23294.35,23294.35,0.0,0.1919,LOW_TOXICITY,3.1e-05,0.0787,HOLD,0,0,0.5,0.374,0,APPROVED
2026-09-17 15:19:03.207834+05:30,23294.35,23294.35,23294.35,23294.35,0.0,0.19,LOW_TOXICITY,2e-05,0.0808,HOLD,0,0,0.5,0.374,0,APPROVED
2026-09-17 15:19:03.362475+05:30,23294.35,23294.35,23294.35,23294.35,0.0,0.1919,LOW_TOXICITY,3.1e-05,0.0678,HOLD,0,0,0.5,0.374,0,APPROVED
2026-09-17 15:19:06.942371+05:30,23294.35,23294.35,23294.35,23294.35,0.0,0.2016,LOW_TOXICITY,1.4e-05,0.077,HOLD,0,0,0.5,0.374,0,APPROVED
2026-09-17 15:20:03.324754+05:30,23294.35,23294.35,23294.35,23294.35,0.0,0.2016,LOW_TOXICITY,2.4e-05,0.0766,HOLD,0,0,0.5,0.374,0,APPROVED
2026-09-17 15:20:07.542236+05:30,23294.35,23294.35,23294.35,23294.35,0.0,0.19,LOW_TOXICITY,1.8e-05,0.0788,HOLD,0,0,0.5,0.374,0,APPROVED
2026-09-17 15:20:07.699104+05:30,23294.35,23294.35,23294.35,23294.35,0.0,0.1919,LOW_TOXICITY,3.1e-05,0.0671,HOLD,0,0,0.5,0.374,0,APPROVED
2026-09-17 15:21:04.015012+05:30,23294.35,23294.35,23294.35,23294.35,0.0,0.1919,LOW_TOXICITY,3.1e-05,0.0667,HOLD,0,0,0.5,0.374,0,APPROVED
2026-09-17 15:21:03.927411+05:30,23294.35,23294.35,23294.35,23294.35,0.0,0.19,LOW_TOXICITY,2.5e-05,0.0778,HOLD,0,0,0.5,0.374,0,APPROVED
2026-09-17 15:21:07.672123+05:30,23294.35,23294.35,23294.35,23294.35,0.0,0.2016,LOW_TOXICITY,2.5e-05,0.0764,HOLD,0,0,0.5,0.374,0,APPROVED
2026-09-17 15:22:00.307180+05:30,23294.35,23294.35,23294.35,23294.35,0.0,0.1919,LOW_TOXICITY,1.6e-05,0.0665,HOLD,0,0,0.5,0.374,0,APPROVED
2026-09-17 15:22:01.697007+05:30,23294.35,23294.35,23294.35,23294.35,0.0,0.19,LOW_TOXICITY,2.5e-05,0.0773,HOLD,0,0,0.5,0.374,0,APPROVED
2026-09-17 15:22:04.032382+05:30,23294.35,23294.35,23294.35,23294.35,0.0,0.2016,LOW_TOXICITY,1.9e-05,0.0763,HOLD,0,0,0.5,0.374,0,APPROVED
2026-09-17 15:23:00.452236+05:30,23294.35,23294.35,23294.35,23294.35,0.0,0.2016,LOW_TOXICITY,2.9e-05,0.0762,HOLD,0,0,0.5,0.374,0,APPROVED
2026-09-17 15:23:04.633989+05:30,23294.35,23294.35,23294.35,23294.35,0.0,0.1919,LOW_TOXICITY,2.9e-05,0.0664,HOLD,0,0,0.5,0.374,0,APPROVED
2026-09-17 15:23:05.967741+05:30,23294.35,23294.35,23294.35,23294.35,0.0,0.19,LOW_TOXICITY,2.5e-05,0.077,HOLD,0,0,0.5,0.374,0,APPROVED
2026-09-17 15:24:00.946222+05:30,23294.35,23294.35,23294.35,23294.35,0.0,0.1919,LOW_TOXICITY,2.7e-05,0.0663,HOLD,0,0,0.5,0.374,0,APPROVED
2026-09-17 15:24:02.272159+05:30,23294.35,23294.35,23294.35,23294.35,0.0,0.19,LOW_TOXICITY,2.5e-05,0.0769,HOLD,0,0,0.5,0.374,0,APPROVED
2026-09-17 15:24:04.811607+05:30,23294.35,23294.35,23294.35,23294.35,0.0,0.2016,LOW_TOXICITY,2.8e-05,0.0762,HOLD,0,0,0.5,0.374,0,APPROVED
2026-09-17 15:25:01.105432+05:30,23294.35,23294.35,23294.35,23294.35,0.0,0.2016,LOW_TOXICITY,3.1e-05,0.0762,HOLD,0,0,0.5,0.374,0,APPROVED
2026-09-17 15:25:05.305960+05:30,23294.35,23294.35,23294.35,23294.35,0.0,0.1919,LOW_TOXICITY,3.3e-05,0.0663,HOLD,0,0,0.5,0.374,0,APPROVED
2026-09-17 15:25:06.568139+05:30,23294.35,23294.35,23294.35,23294.35,0.0,0.19,LOW_TOXICITY,2.5e-05,0.0768,HOLD,0,0,0.5,0.374,0,APPROVED
2026-09-17 15:26:01.621548+05:30,23294.35,23294.35,23294.35,23294.35,0.0,0.1919,LOW_TOXICITY,3.5e-05,0.0662,HOLD,0,0,0.5,0.374,0,APPROVED
2026-09-17 15:26:02.872973+05:30,23294.35,23294.35,23294.35,23294.35,0.0,0.19,LOW_TOXICITY,3.4e-05,0.0768,HOLD,0,0,0.5,0.374,0,APPROVED
2026-09-17 15:26:05.436027+05:30,23294.35,23294.35,23294.35,23294.35,0.0,0.2016,LOW_TOXICITY,3.4e-05,0.0762,HOLD,0,0,0.5,0.374,0,APPROVED
2026-09-17 15:27:01.781043+05:30,23294.35,23294.35,23294.35,23294.35,0.0,0.2016,LOW_TOXICITY,3.4e-05,0.0762,HOLD,0,0,0.5,0.374,0,APPROVED
2026-09-17 15:27:05.931935+05:30,23294.35,23294.35,23294.35,23294.35,0.0,0.1919,LOW_TOXICITY,3.5e-05,0.0662,HOLD,0,0,0.5,0.374,0,APPROVED
2026-09-17 15:27:07.223905+05:30,23294.35,23294.35,23294.35,23294.35,0.0,0.19,LOW_TOXICITY,3.4e-05,0.0768,HOLD,0,0,0.5,0.374,0,APPROVED
2026-09-17 15:28:02.257058+05:30,23294.35,23294.35,23294.35,23294.35,0.0,0.1919,LOW_TOXICITY,2.8e-05,0.0662,HOLD,0,0,0.5,0.374,0,APPROVED
2026-09-17 15:28:03.541701+05:30,23294.35,23294.35,23294.35,23294.35,0.0,0.19,LOW_TOXICITY,3.4e-05,0.0768,HOLD,0,0,0.5,0.374,0,APPROVED
2026-09-17 15:28:06.160997+05:30,23294.35,23294.35,23294.35,23294.35,0.0,0.2016,LOW_TOXICITY,3.8e-05,0.0762,HOLD,0,0,0.5,0.374,0,APPROVED
2026-09-17 15:29:02.479245+05:30,23270.6,23270.6,23270.6,23270.6,0.0,0.2016,LOW_TOXICITY,-5.2e-05,0.159,HOLD,0,0,0.5,0.324,0,APPROVED
2026-09-17 15:29:06.590434+05:30,23270.6,23270.6,23270.6,23270.6,0.0,0.1919,LOW_TOXICITY,-4.7e-05,0.1591,HOLD,0,0,0.5,0.324,0,APPROVED
2026-09-17 15:29:07.894483+05:30,23270.6,23270.6,23270.6,23270.6,0.0,0.19,LOW_TOXICITY,-3.4e-05,0.1578,HOLD,0,0,0.5,0.324,0,APPROVED
