timestamp,open,high,low,close,volume,vpin,vpin_regime,garch_mu,garch_vol,garch_signal,svm_pred,xgb_pred,xgb_conf,week_pos,trend_15m,decision
2026-09-02 09:22:45.545004+05:30,23806.5,23922.06,23806.5,23806.5,12701.0,0.1759,LOW_TOXICITY,-0.007628,9.2213,SELL,-1,-1,0.5,0.016,1,VETO
2026-09-02 09:22:58.997151+05:30,23806.15,23922.06,23806.15,23806.15,12701.0,0.1759,LOW_TOXICITY,-0.007614,9.2042,SELL,-1,-1,0.5,0.018,1,VETO
2026-09-02 09:23:02.135636+05:30,23804.6,23804.6,23705.01,23804.6,12701.0,0.1759,LOW_TOXICITY,-0.007626,8.7357,SELL,-1,-1,0.5,0.015,1,VETO
2026-09-02 09:23:05.445245+05:30,23806.95,23806.95,23709.2,23806.95,12701.0,0.1759,LOW_TOXICITY,-0.007604,8.7194,SELL,-1,-1,0.5,0.018,1,VETO
2026-09-02 09:24:02.188859+05:30,23796.05,23922.06,23796.05,23796.05,12701.0,0.1759,LOW_TOXICITY,-0.007594,8.2603,SELL,-1,-1,0.5,0.014,1,VETO
2026-09-02 09:24:03.860656+05:30,23794.7,23922.06,23794.7,23794.7,12701.0,0.1759,LOW_TOXICITY,-0.007613,8.2757,SELL,-1,-1,0.5,0.012,1,VETO
2026-09-02 09:25:00.402394+05:30,23805.3,23922.06,23805.3,23805.3,12701.0,0.1759,LOW_TOXICITY,-0.007571,7.84,SELL,-1,-1,0.5,0.016,1,VETO
2026-09-02 09:25:14.578346+05:30,23812.15,23812.15,23711.88,23812.15,12701.0,0.1759,LOW_TOXICITY,-0.007587,9.17,SELL,-1,-1,0.9799,0.021,1,APPROVED
2026-09-02 09:26:01.886516+05:30,24000.0,24000.0,23898.94,24000.0,12701.0,0.1759,LOW_TOXICITY,-0.006999,7.458,SELL,-1,1,0.6617,0.077,1,VETO
2026-09-02 09:26:01.156619+05:30,23814.4,23814.4,23714.13,23814.4,12701.0,0.1759,LOW_TOXICITY,-0.007573,8.687,SELL,1,1,0.9501,0.021,1,VETO
2026-09-02 09:27:00.916840+05:30,23827.3,23827.3,23726.97,23827.3,12701.0,0.1759,LOW_TOXICITY,-0.007497,8.2296,SELL,1,1,0.9538,0.026,1,VETO
2026-09-02 09:27:03.459816+05:30,24000.0,24000.0,23898.94,24000.0,12701.0,0.1759,LOW_TOXICITY,-0.006873,1.325,SELL,-1,1,0.5705,0.077,1,VETO
2026-09-02 09:28:00.171508+05:30,23827.0,23922.06,23827.0,23827.0,12701.0,0.1759,LOW_TOXICITY,-0.0073,1.3251,SELL,-1,-1,0.5057,0.023,1,APPROVED
2026-09-02 09:28:15.330850+05:30,23826.05,23826.05,23723.24,23826.05,12701.0,0.1759,LOW_TOXICITY,-0.007597,9.1825,SELL,-1,-1,0.5,0.02,1,VETO
2026-09-02 09:29:01.556930+05:30,23820.25,23922.06,23820.25,23820.25,12701.0,0.1759,LOW_TOXICITY,-0.007369,1.3251,SELL,-1,1,0.5263,0.02,1,APPROVED
2026-09-02 09:29:01.878846+05:30,23823.55,23823.55,23719.95,23823.55,12701.0,0.1759,LOW_TOXICITY,-0.007596,8.6988,SELL,-1,-1,0.5,0.019,1,VETO
2026-09-02 09:29:33.915490+05:30,23823.45,23823.45,23723.14,23823.45,12701.0,0.1759,LOW_TOXICITY,-0.007531,9.1,SELL,-1,-1,0.9897,0.027,1,APPROVED
2026-09-02 09:29:47.343100+05:30,23821.4,23821.4,23721.1,23821.4,12701.0,0.1759,LOW_TOXICITY,-0.007537,9.1072,SELL,-1,-1,0.9819,0.026,1,APPROVED
2026-09-02 09:30:01.640675+05:30,23825.35,23825.35,23725.03,23825.35,12701.0,0.1759,LOW_TOXICITY,-0.007518,8.6276,SELL,1,1,0.9751,0.028,1,VETO
2026-09-02 09:30:02.265806+05:30,23821.95,23821.95,23721.64,23821.95,12701.0,0.1759,LOW_TOXICITY,-0.007528,8.6208,SELL,-1,-1,0.9878,0.027,1,APPROVED
2026-09-02 09:30:03.825898+05:30,23824.9,23922.06,23824.9,23824.9,12701.0,0.1759,LOW_TOXICITY,-0.007391,1.3252,SELL,-1,1,0.5705,0.022,1,VETO
2026-09-02 09:31:00.360146+05:30,23817.8,23817.8,23718.76,23817.8,12701.0,0.1772,LOW_TOXICITY,-0.00743,1.3253,SELL,-1,-1,0.5,0.02,1,VETO
2026-09-02 09:31:01.363809+05:30,23824.3,23824.3,23723.98,23824.3,12701.0,0.1759,LOW_TOXICITY,-0.007481,8.1732,SELL,-1,-1,0.9768,0.027,1,APPROVED
2026-09-02 09:31:02.309180+05:30,23816.4,23816.4,23716.12,23816.4,12701.0,0.1759,LOW_TOXICITY,-0.007503,8.1668,SELL,-1,-1,0.9878,0.025,1,APPROVED
2026-09-02 09:32:00.232757+05:30,23817.6,23817.6,23717.01,23817.6,12701.0,0.1759,LOW_TOXICITY,-0.007487,7.7368,SELL,1,1,0.9559,0.025,1,VETO
2026-09-02 09:32:02.022970+05:30,24000.0,24000.0,23898.94,24000.0,12701.0,0.1772,LOW_TOXICITY,-0.00684,1.3254,SELL,-1,1,0.6469,0.077,1,VETO
2026-09-02 09:32:02.186338+05:30,23817.7,23817.7,23717.41,23817.7,12701.0,0.1759,LOW_TOXICITY,-0.007487,7.7429,SELL,-1,-1,0.9808,0.025,1,APPROVED
2026-09-02 09:33:00.283304+05:30,23822.85,23822.85,23724.68,23822.85,12701.0,0.1759,LOW_TOXICITY,-0.007444,7.3352,SELL,1,1,0.9751,0.027,1,VETO
2026-09-02 09:33:01.730053+05:30,23821.65,23821.65,23725.13,23821.65,12701.0,0.1759,LOW_TOXICITY,-0.007447,7.3294,SELL,1,1,0.9693,0.026,1,VETO
2026-09-02 09:33:03.570257+05:30,23826.0,23922.06,23826.0,23826.0,12701.0,0.1772,LOW_TOXICITY,-0.007315,1.3255,SELL,-1,-1,0.5146,0.022,1,APPROVED
2026-09-02 09:34:00.932905+05:30,24000.0,24000.0,23898.94,24000.0,12701.0,0.1772,LOW_TOXICITY,-0.006671,1.3256,SELL,-1,1,0.6469,0.077,1,VETO
2026-09-02 09:34:00.839331+05:30,23832.95,23832.95,23732.6,23832.95,12701.0,0.1759,LOW_TOXICITY,-0.007289,1.1055,SELL,1,1,0.9746,0.03,1,VETO
2026-09-02 09:34:02.487842+05:30,23826.0,23826.0,23725.68,23826.0,12701.0,0.1759,LOW_TOXICITY,-0.007309,1.5196,SELL,1,1,0.9693,0.028,1,VETO
2026-09-02 09:35:01.272945+05:30,23843.6,23843.6,23742.7,23843.6,12701.0,0.1759,LOW_TOXICITY,-0.007204,1.1056,SELL,1,1,0.9746,0.033,1,VETO
2026-09-02 09:35:02.496578+05:30,24000.0,24000.0,23898.94,24000.0,12701.0,0.1772,LOW_TOXICITY,-0.006687,1.3257,SELL,-1,1,0.6313,0.077,1,VETO
2026-09-02 09:35:03.518760+05:30,23842.9,23842.9,23742.51,23842.9,12701.0,0.1759,LOW_TOXICITY,-0.007206,1.5196,SELL,1,1,0.9677,0.033,1,VETO
2026-09-02 09:36:01.880939+05:30,23841.25,23841.25,23740.86,23841.25,12701.0,0.1759,LOW_TOXICITY,-0.007261,1.1057,SELL,-1,-1,0.9768,0.033,1,APPROVED
2026-09-02 09:36:04.488534+05:30,23842.9,23842.9,23742.51,23842.9,12701.0,0.1759,LOW_TOXICITY,-0.007257,1.5196,SELL,-1,1,0.9096,0.033,1,VETO
2026-09-02 09:36:04.004205+05:30,23838.8,23922.06,23838.8,23838.8,12701.0,0.1772,LOW_TOXICITY,-0.007252,1.3258,SELL,-1,-1,0.5146,0.026,1,APPROVED
2026-09-02 09:37:00.400708+05:30,23836.55,23836.55,23736.18,23836.55,12701.0,0.1759,LOW_TOXICITY,-0.00731,1.5196,SELL,-1,-1,0.9887,0.031,1,APPROVED
2026-09-02 09:37:01.358306+05:30,23837.25,23922.06,23837.25,23837.25,12701.0,0.1772,LOW_TOXICITY,8.6e-05,1.376,HOLD,0,0,0.5,0.026,1,APPROVED
2026-09-02 09:37:02.567124+05:30,23837.85,23837.85,23737.48,23837.85,12701.0,0.1759,LOW_TOXICITY,-0.007306,1.1058,SELL,-1,-1,0.9768,0.032,1,APPROVED
2026-09-02 09:38:00.103297+05:30,23842.3,23842.3,23741.91,23842.3,12701.0,0.1772,LOW_TOXICITY,-0.007312,1.1059,SELL,1,1,0.9751,0.033,1,VETO
2026-09-02 09:38:00.652154+05:30,23836.55,23836.55,23736.18,23836.55,12701.0,0.1772,LOW_TOXICITY,-0.007328,1.5197,SELL,-1,1,0.9096,0.031,1,VETO
2026-09-02 09:38:02.978085+05:30,23842.0,23922.06,23842.0,23842.0,12701.0,0.1772,LOW_TOXICITY,0.000105,1.376,HOLD,0,0,0.5,0.027,1,APPROVED
2026-09-02 09:39:00.493842+05:30,23837.7,23837.7,23737.33,23837.7,12701.0,0.1772,LOW_TOXICITY,-0.007243,1.1061,SELL,-1,-1,0.9768,0.032,1,APPROVED
2026-09-02 09:39:04.497417+05:30,23838.0,23922.06,23838.0,23838.0,12701.0,0.1772,LOW_TOXICITY,0.000121,1.3759,HOLD,0,0,0.5,0.026,1,APPROVED
2026-09-02 09:40:00.884207+05:30,23828.9,23828.9,23728.56,23828.9,12701.0,0.1772,LOW_TOXICITY,-0.007257,1.5197,SELL,-1,-1,0.9887,0.029,1,APPROVED
2026-09-02 09:40:00.996053+05:30,24000.0,24000.0,23898.94,24000.0,12701.0,0.1725,LOW_TOXICITY,0.000543,1.376,BUY,-1,-1,0.6467,0.077,1,VETO
2026-09-02 09:40:01.628365+05:30,23828.1,23828.1,23727.77,23828.1,12701.0,0.1772,LOW_TOXICITY,-0.00726,1.1062,SELL,-1,-1,0.9808,0.028,1,APPROVED
2026-09-02 09:40:41.548683+05:30,23800.0,23800.0,23699.79,23800.0,12701.0,0.1759,LOW_TOXICITY,-0.007597,9.1823,SELL,-1,-1,0.5,0.02,1,VETO
2026-09-02 09:40:55.225910+05:30,23800.0,23800.0,23699.79,23800.0,12701.0,0.1759,LOW_TOXICITY,-0.007597,9.1823,SELL,-1,-1,0.5,0.02,1,VETO
2026-09-02 09:41:01.774232+05:30,23836.0,23836.0,23735.63,23836.0,12701.0,0.1772,LOW_TOXICITY,-0.007078,1.1063,SELL,1,1,0.9746,0.031,1,VETO
2026-09-02 09:41:02.568238+05:30,24000.0,24000.0,23898.94,24000.0,12701.0,0.1725,LOW_TOXICITY,0.0,1.376,HOLD,0,0,0.5,0.077,1,APPROVED
2026-09-02 09:41:03.969556+05:30,23836.45,23836.45,23736.08,23836.45,12701.0,0.1759,LOW_TOXICITY,-0.007487,8.6996,SELL,1,1,0.703,0.031,1,VETO
2026-09-02 09:41:06.414715+05:30,23800.0,23800.0,23699.79,23800.0,12701.0,0.1759,LOW_TOXICITY,-0.007589,8.6987,SELL,-1,-1,0.5,0.02,1,VETO
2026-09-02 09:42:00.880767+05:30,23841.25,23841.25,23740.86,23841.25,12701.0,0.1759,LOW_TOXICITY,-0.007433,8.2414,SELL,1,1,0.529,0.033,1,VETO
2026-09-02 09:42:01.830514+05:30,23842.2,23842.2,23741.26,23842.2,12701.0,0.1772,LOW_TOXICITY,-0.007077,1.1064,SELL,1,1,0.9746,0.033,1,VETO
2026-09-02 09:42:03.254737+05:30,23800.0,23800.0,23699.79,23800.0,12701.0,0.1759,LOW_TOXICITY,-0.007549,8.2406,SELL,-1,-1,0.5,0.02,1,VETO
2026-09-02 09:42:04.102791+05:30,23840.65,23922.06,23840.65,23840.65,12701.0,0.1725,LOW_TOXICITY,-0.000444,1.376,SELL,-1,-1,0.6289,0.027,1,APPROVED
2026-09-02 09:43:00.131457+05:30,23841.8,23841.8,23741.41,23841.8,12701.0,0.1759,LOW_TOXICITY,-0.007419,7.808,SELL,1,1,0.7464,0.033,1,VETO
2026-09-02 09:43:00.556639+05:30,23842.15,23842.15,23742.75,23842.15,12701.0,0.1772,LOW_TOXICITY,-0.007194,1.1065,SELL,-1,1,0.8727,0.033,1,VETO
2026-09-02 09:43:01.282203+05:30,24000.0,24000.0,23742.8,24000.0,12701.0,0.1725,LOW_TOXICITY,0.000482,1.3761,BUY,-1,-1,0.664,0.077,1,VETO
2026-09-02 09:43:05.698904+05:30,23841.25,23841.25,23740.86,23841.25,12701.0,0.1759,LOW_TOXICITY,-0.007421,7.8074,SELL,-1,-1,0.683,0.033,1,APPROVED
2026-09-02 09:44:00.031956+05:30,23845.6,23845.6,23745.19,23845.6,12701.0,0.1759,LOW_TOXICITY,-0.00738,7.3964,SELL,1,1,0.529,0.034,1,VETO
2026-09-02 09:44:00.986719+05:30,23845.0,23845.0,23745.24,23845.0,12701.0,0.1772,LOW_TOXICITY,6.6e-05,1.0933,HOLD,0,0,0.5,0.034,1,APPROVED
2026-09-02 09:44:02.947896+05:30,23845.7,23922.06,23845.7,23845.7,12701.0,0.1725,LOW_TOXICITY,7.1e-05,1.3762,HOLD,0,0,0.5,0.028,1,APPROVED
2026-09-02 09:44:05.087606+05:30,23846.45,23846.45,23746.04,23846.45,12701.0,0.1759,LOW_TOXICITY,-0.007378,7.3968,SELL,1,1,0.5665,0.034,1,VETO
2026-09-02 09:45:01.991407+05:30,23846.45,23846.45,23746.04,23846.45,12701.0,0.1759,LOW_TOXICITY,-0.007252,1.2195,SELL,1,-1,0.7568,0.034,1,VETO
2026-09-02 09:45:02.330742+05:30,23841.9,23841.9,23741.51,23841.9,12701.0,0.1772,LOW_TOXICITY,4.6e-05,1.0934,HOLD,0,0,0.5,0.033,1,APPROVED
2026-09-02 09:45:01.959746+05:30,23841.9,23841.9,23739.47,23841.9,12701.0,0.1759,LOW_TOXICITY,-0.007264,1.1613,SELL,-1,-1,0.6127,0.033,1,APPROVED
2026-09-02 09:45:04.518229+05:30,23841.2,23922.06,23841.2,23841.2,12701.0,0.1725,LOW_TOXICITY,4.6e-05,1.3762,HOLD,0,0,0.5,0.027,1,APPROVED
2026-09-02 09:46:01.077685+05:30,23835.55,23922.06,23835.55,23835.55,12701.0,0.1725,LOW_TOXICITY,5e-05,1.3761,HOLD,0,0,0.5,0.025,1,APPROVED
2026-09-02 09:46:02.425186+05:30,23834.7,23834.7,23734.14,23834.7,12701.0,0.1772,LOW_TOXICITY,2.9e-05,1.0936,HOLD,0,0,0.5,0.031,1,APPROVED
2026-09-02 09:46:03.790391+05:30,23834.65,23834.65,23733.79,23834.65,12701.0,0.1759,LOW_TOXICITY,-0.007229,1.1613,SELL,-1,-1,0.5556,0.031,1,APPROVED
2026-09-02 09:46:06.861287+05:30,23834.1,23834.1,23733.74,23834.1,12701.0,0.1759,LOW_TOXICITY,-0.007231,1.211,SELL,-1,-1,0.865,0.03,1,APPROVED
2026-09-02 09:46:24.364855+05:30,23800.0,23800.0,23699.79,23800.0,12701.0,0.1759,LOW_TOXICITY,-0.007597,9.1823,SELL,-1,-1,0.5,0.02,1,VETO
2026-09-02 09:47:01.647625+05:30,23829.4,23829.4,23729.06,23829.4,12701.0,0.1759,LOW_TOXICITY,-0.007294,1.2038,SELL,-1,-1,0.9111,0.029,1,APPROVED
2026-09-02 09:47:02.506055+05:30,23831.7,23831.7,23731.35,23831.7,12701.0,0.1719,LOW_TOXICITY,3.9e-05,1.0937,HOLD,0,0,0.5,0.03,1,APPROVED
2026-09-02 09:47:02.564765+05:30,24000.0,24000.0,23727.52,24000.0,12701.0,0.1725,LOW_TOXICITY,0.0,1.3892,HOLD,0,0,0.5,0.077,1,APPROVED
2026-09-02 09:47:05.348843+05:30,23827.0,23827.0,23726.67,23827.0,12701.0,0.1759,LOW_TOXICITY,-0.007514,8.6992,SELL,1,1,0.503,0.028,1,VETO
2026-09-02 09:47:06.046098+05:30,23800.0,23800.0,23699.79,23800.0,12701.0,0.1759,LOW_TOXICITY,-0.007597,9.1823,SELL,-1,-1,0.5,0.02,1,VETO
2026-09-02 09:47:05.487899+05:30,23831.65,23831.65,23726.97,23831.65,12701.0,0.1759,LOW_TOXICITY,-0.007288,1.1613,SELL,-1,-1,0.6127,0.03,1,APPROVED
2026-09-02 09:48:00.805557+05:30,23824.35,23824.35,23723.93,23824.35,12701.0,0.1759,LOW_TOXICITY,-0.007344,1.1613,SELL,-1,-1,0.5556,0.027,1,APPROVED
2026-09-02 09:48:02.158305+05:30,23827.0,23827.0,23726.67,23827.0,12701.0,0.1759,LOW_TOXICITY,-0.007473,8.241,SELL,-1,1,0.6027,0.028,1,VETO
2026-09-02 09:48:03.078835+05:30,23824.8,23824.8,23724.48,23824.8,12701.0,0.1759,LOW_TOXICITY,-0.00752,8.6991,SELL,1,-1,0.5354,0.027,1,VETO
2026-09-02 09:48:03.151311+05:30,23825.35,23825.35,23725.03,23825.35,12701.0,0.1719,LOW_TOXICITY,7e-06,1.0938,HOLD,0,0,0.5,0.028,1,APPROVED
2026-09-02 09:48:03.264946+05:30,23824.2,23824.2,23723.88,23824.2,12701.0,0.1759,LOW_TOXICITY,-0.007344,1.1976,SELL,-1,-1,0.9111,0.027,1,APPROVED
2026-09-02 09:48:04.315376+05:30,24000.0,24000.0,23726.52,24000.0,12701.0,0.1725,LOW_TOXICITY,0.000485,1.3898,BUY,1,-1,0.709,0.077,1,VETO
2026-09-02 09:49:00.825536+05:30,23831.25,23922.06,23831.25,23831.25,12701.0,0.1725,LOW_TOXICITY,-0.00047,1.3904,SELL,-1,-1,0.5726,0.024,1,APPROVED
2026-09-02 09:49:02.178946+05:30,23831.4,23831.4,23731.05,23831.4,12701.0,0.1772,LOW_TOXICITY,-0.007342,1.1613,SELL,1,1,0.6685,0.03,1,VETO
2026-09-02 09:49:03.349153+05:30,23830.6,23830.6,23729.96,23830.6,12701.0,0.1719,LOW_TOXICITY,-7e-06,1.0939,HOLD,0,0,0.5,0.029,1,APPROVED
2026-09-02 09:49:04.646529+05:30,23830.7,23830.7,23731.0,23830.7,12701.0,0.1772,LOW_TOXICITY,-0.007344,1.1924,SELL,1,1,0.7428,0.029,1,VETO
2026-09-02 09:49:06.924946+05:30,23827.0,23827.0,23731.75,23827.0,12701.0,0.1759,LOW_TOXICITY,-0.007461,7.8071,SELL,-1,1,0.6027,0.028,1,VETO
2026-09-02 09:49:07.872960+05:30,23824.8,23824.8,23724.48,23824.8,12701.0,0.1759,LOW_TOXICITY,-0.00748,8.241,SELL,-1,-1,0.5781,0.027,1,APPROVED
2026-09-02 09:50:00.064754+05:30,23835.0,23835.0,23735.19,23835.0,12701.0,0.1772,LOW_TOXICITY,-0.007251,1.1879,SELL,1,1,0.5665,0.031,1,VETO
2026-09-02 09:50:00.628759+05:30,23835.65,23835.65,23735.29,23835.65,12701.0,0.1719,LOW_TOXICITY,-2.2e-05,1.0941,HOLD,0,0,0.5,0.031,1,APPROVED
2026-09-02 09:50:02.184682+05:30,23835.1,23835.1,23733.19,23835.1,12701.0,0.1759,LOW_TOXICITY,-0.007438,7.8071,SELL,1,-1,0.5354,0.031,1,VETO
2026-09-02 09:50:03.119371+05:30,24000.0,24000.0,23898.94,24000.0,12701.0,0.168,LOW_TOXICITY,0.0,1.3911,HOLD,0,0,0.5,0.077,1,APPROVED
2026-09-02 09:50:04.035961+05:30,23832.1,23832.1,23731.6,23832.1,12701.0,0.1759,LOW_TOXICITY,-0.007418,7.396,SELL,1,1,0.503,0.03,1,VETO
2026-09-02 09:50:03.942526+05:30,23836.85,23836.85,23736.48,23836.85,12701.0,0.1772,LOW_TOXICITY,-0.007246,1.1613,SELL,1,1,0.6603,0.031,1,VETO
2026-09-02 09:51:00.911335+05:30,23831.95,23831.95,23731.6,23831.95,12701.0,0.1759,LOW_TOXICITY,-0.007292,1.162,SELL,-1,1,0.5667,0.03,1,VETO
2026-09-02 09:51:00.565446+05:30,23845.0,23845.0,23744.6,23845.0,12701.0,0.1719,LOW_TOXICITY,1e-05,1.0942,HOLD,0,0,0.5,0.034,1,APPROVED
2026-09-02 09:51:01.181789+05:30,23844.3,23844.3,23743.9,23844.3,12701.0,0.1772,LOW_TOXICITY,-0.007214,1.1841,SELL,1,1,0.7428,0.034,1,VETO
2026-09-02 09:51:03.786990+05:30,23844.85,23844.85,23744.45,23844.85,12701.0,0.1759,LOW_TOXICITY,-0.007382,7.3961,SELL,1,-1,0.5354,0.034,1,VETO
2026-09-02 09:51:04.749976+05:30,24000.0,24000.0,23898.94,24000.0,12701.0,0.168,LOW_TOXICITY,0.000449,1.3917,BUY,1,-1,0.709,0.077,1,VETO
2026-09-02 09:51:05.647427+05:30,23843.75,23843.75,23743.35,23843.75,12701.0,0.1772,LOW_TOXICITY,-0.007216,1.1613,SELL,1,1,0.6685,0.033,1,VETO
2026-09-02 09:52:00.491394+05:30,23835.15,23835.15,23734.79,23835.15,12701.0,0.1719,LOW_TOXICITY,-8e-06,1.0943,HOLD,0,0,0.5,0.031,1,APPROVED
2026-09-02 09:52:00.395063+05:30,23837.05,23837.05,23735.93,23837.05,12701.0,0.1772,LOW_TOXICITY,-0.007076,1.1613,SELL,-1,-1,0.5088,0.031,1,APPROVED
2026-09-02 09:52:01.352126+05:30,24000.0,24000.0,23736.78,24000.0,12701.0,0.168,LOW_TOXICITY,0.000454,1.3923,BUY,1,-1,0.7481,0.077,1,VETO
2026-09-02 09:52:02.211373+05:30,23835.3,23835.3,23734.94,23835.3,12701.0,0.1772,LOW_TOXICITY,-0.00708,1.1809,SELL,-1,-1,0.8564,0.031,1,APPROVED
2026-09-02 09:52:05.803052+05:30,23831.95,23831.95,23731.6,23831.95,12701.0,0.1759,LOW_TOXICITY,-0.007237,1.162,SELL,-1,1,0.6027,0.03,1,VETO
2026-09-02 09:52:05.308100+05:30,23837.05,23837.05,23736.68,23837.05,12701.0,0.1759,LOW_TOXICITY,-0.007278,2.361,SELL,-1,-1,0.5311,0.031,1,APPROVED
2026-09-02 09:53:00.361918+05:30,23832.65,23832.65,23732.3,23832.65,12701.0,0.1719,LOW_TOXICITY,-2.7e-05,1.0944,HOLD,0,0,0.5,0.03,1,APPROVED
2026-09-02 09:53:00.272457+05:30,23831.95,23831.95,23731.6,23831.95,12701.0,0.1759,LOW_TOXICITY,-0.007237,2.3622,SELL,-1,1,0.5495,0.03,1,APPROVED
2026-09-02 09:53:02.535312+05:30,23831.25,23831.25,23730.9,23831.25,12701.0,0.1759,LOW_TOXICITY,-0.007289,1.162,SELL,-1,1,0.5667,0.029,1,VETO
2026-09-02 09:53:02.040618+05:30,23831.85,23831.85,23731.5,23831.85,12701.0,0.1772,LOW_TOXICITY,-0.007106,1.1613,SELL,-1,-1,0.5312,0.03,1,APPROVED
2026-09-02 09:53:02.785453+05:30,24000.0,24000.0,23898.94,24000.0,12701.0,0.168,LOW_TOXICITY,0.00044,1.3929,BUY,1,-1,0.7481,0.077,1,VETO
2026-09-02 09:53:03.320207+05:30,23831.75,23831.75,23731.4,23831.75,12701.0,0.1772,LOW_TOXICITY,-0.007107,1.1781,SELL,-1,-1,0.9086,0.03,1,APPROVED
2026-09-02 09:54:00.985216+05:30,23833.15,23833.15,23733.34,23833.15,12701.0,0.1719,LOW_TOXICITY,-1.3e-05,1.2171,HOLD,0,0,0.5,0.03,1,APPROVED
2026-09-02 09:54:02.456496+05:30,23833.3,23833.3,23732.95,23833.3,12701.0,0.1759,LOW_TOXICITY,-0.007284,2.3633,SELL,1,-1,0.5781,0.03,1,VETO
2026-09-02 09:54:03.901516+05:30,23833.65,23833.65,23733.29,23833.65,12701.0,0.1772,LOW_TOXICITY,-0.007217,1.1613,SELL,1,1,0.5276,0.03,1,VETO
2026-09-02 09:54:04.356526+05:30,24000.0,24000.0,23898.94,24000.0,12701.0,0.168,LOW_TOXICITY,0.000452,1.3935,BUY,1,-1,0.7481,0.077,1,VETO
2026-09-02 09:54:04.865095+05:30,23832.25,23832.25,23731.9,23832.25,12701.0,0.1772,LOW_TOXICITY,-0.007221,1.1758,SELL,1,-1,0.5045,0.03,1,VETO
2026-09-02 09:54:07.444836+05:30,23832.85,23832.85,23732.5,23832.85,12701.0,0.1759,LOW_TOXICITY,-0.00732,1.162,SELL,1,-1,0.664,0.03,1,VETO
2026-09-02 09:55:00.763583+05:30,23831.0,23922.06,23831.0,23831.0,12701.0,0.168,LOW_TOXICITY,-0.000471,1.3941,SELL,-1,1,0.5774,0.024,1,VETO
2026-09-02 09:55:01.806424+05:30,23831.6,23831.6,23731.25,23831.6,12701.0,0.1719,LOW_TOXICITY,1e-05,1.2171,HOLD,0,0,0.5,0.03,1,APPROVED
2026-09-02 09:55:04.280151+05:30,23832.85,23832.85,23732.5,23832.85,12701.0,0.1772,LOW_TOXICITY,-0.007338,1.162,SELL,-1,1,0.6027,0.03,1,VETO
2026-09-02 09:55:04.086073+05:30,23832.45,23832.45,23733.49,23832.45,12701.0,0.1759,LOW_TOXICITY,-0.007321,2.3645,SELL,-1,1,0.5304,0.03,1,APPROVED
2026-09-02 09:55:04.973598+05:30,23832.15,23832.15,23731.8,23832.15,12701.0,0.1772,LOW_TOXICITY,9e-05,1.248,HOLD,0,0,0.5,0.03,1,APPROVED
2026-09-02 09:55:06.150622+05:30,23833.0,23833.0,23731.8,23833.0,12701.0,0.1772,LOW_TOXICITY,9.2e-05,1.1236,HOLD,0,0,0.5,0.03,1,APPROVED
2026-09-02 09:56:00.971269+05:30,23832.85,23832.85,23732.5,23832.85,12701.0,0.1772,LOW_TOXICITY,-0.007257,1.162,SELL,-1,1,0.6027,0.03,1,VETO
2026-09-02 09:56:00.553293+05:30,23837.05,23837.05,23735.93,23837.05,12701.0,0.1772,LOW_TOXICITY,0.000104,1.1237,HOLD,0,0,0.5,0.031,1,APPROVED
2026-09-02 09:56:01.744490+05:30,23836.35,23836.35,23735.98,23836.35,12701.0,0.1719,LOW_TOXICITY,1e-06,1.2171,HOLD,0,0,0.5,0.031,1,APPROVED
2026-09-02 09:56:02.249364+05:30,24000.0,24000.0,23898.94,24000.0,12701.0,0.168,LOW_TOXICITY,0.0,1.3948,HOLD,0,0,0.5,0.077,1,APPROVED
2026-09-02 09:56:05.731793+05:30,23834.95,23834.95,23734.99,23834.95,12701.0,0.1772,LOW_TOXICITY,-0.007332,2.3656,SELL,1,-1,0.5759,0.031,1,VETO
2026-09-02 09:56:06.059516+05:30,23835.25,23835.25,23734.89,23835.25,12701.0,0.1772,LOW_TOXICITY,-3e-06,1.248,HOLD,0,0,0.5,0.031,1,APPROVED
2026-09-02 09:57:00.012398+05:30,23842.35,23842.35,23741.91,23842.35,12701.0,0.1772,LOW_TOXICITY,3e-06,1.2481,HOLD,0,0,0.5,0.033,1,APPROVED
2026-09-02 09:57:00.028157+05:30,23841.25,23841.25,23740.86,23841.25,12701.0,0.1772,LOW_TOXICITY,-0.007233,2.3667,SELL,1,-1,0.5354,0.033,1,VETO
2026-09-02 09:57:02.145530+05:30,23842.85,23842.85,23742.46,23842.85,12701.0,0.1672,LOW_TOXICITY,2e-06,1.217,HOLD,0,0,0.5,0.033,1,APPROVED
2026-09-02 09:57:01.764926+05:30,23841.3,23841.3,23740.91,23841.3,12701.0,0.1772,LOW_TOXICITY,0.000116,1.1238,HOLD,0,0,0.5,0.033,1,APPROVED
2026-09-02 09:57:03.780950+05:30,23844.5,23922.06,23844.5,23844.5,12701.0,0.168,LOW_TOXICITY,1.1e-05,1.8089,HOLD,0,0,0.5,0.028,1,APPROVED
2026-09-02 09:57:05.695577+05:30,23845.3,23845.3,23744.89,23845.3,12701.0,0.1772,LOW_TOXICITY,-0.007211,1.162,SELL,1,1,0.503,0.034,1,VETO
2026-09-02 09:58:00.364874+05:30,23843.05,23922.06,23843.05,23843.05,12701.0,0.168,LOW_TOXICITY,-0.000437,0.7747,SELL,1,-1,0.5961,0.028,1,VETO
2026-09-02 09:58:01.117596+05:30,23838.9,23838.9,23743.9,23838.9,12701.0,0.1719,LOW_TOXICITY,-7e-06,1.2481,HOLD,0,0,0.5,0.032,1,APPROVED
2026-09-02 09:58:01.165546+05:30,23845.8,23845.8,23745.39,23845.8,12701.0,0.1772,LOW_TOXICITY,-0.00721,2.3679,SELL,1,-1,0.56,0.034,1,VETO
2026-09-02 09:58:02.494117+05:30,23845.3,23845.3,23744.89,23845.3,12701.0,0.1772,LOW_TOXICITY,-0.007052,1.162,SELL,-1,1,0.5982,0.034,1,VETO
2026-09-02 09:58:02.747528+05:30,23842.05,23842.05,23741.66,23842.05,12701.0,0.1672,LOW_TOXICITY,-0.0,1.217,HOLD,0,0,0.5,0.033,1,APPROVED
2026-09-02 09:58:03.303537+05:30,23844.2,23844.2,23744.35,23844.2,12701.0,0.1719,LOW_TOXICITY,7e-06,1.124,HOLD,0,0,0.5,0.034,1,APPROVED
2026-09-02 09:59:00.661322+05:30,23850.55,23850.55,23750.12,23850.55,12701.0,0.1672,LOW_TOXICITY,1.6e-05,1.217,HOLD,0,0,0.5,0.036,1,APPROVED
2026-09-02 09:59:01.855436+05:30,24000.0,24000.0,23898.94,24000.0,12701.0,0.1654,LOW_TOXICITY,0.00043,2.4548,BUY,-1,-1,0.533,0.077,1,VETO
2026-09-02 09:59:02.173315+05:30,23851.4,23851.4,23750.97,23851.4,12701.0,0.1719,LOW_TOXICITY,1.6e-05,1.2481,HOLD,0,0,0.5,0.036,1,APPROVED
2026-09-02 09:59:02.189042+05:30,23850.05,23850.05,23750.87,23850.05,12701.0,0.1772,LOW_TOXICITY,-0.007039,2.369,SELL,1,-1,0.56,0.035,1,VETO
2026-09-02 09:59:04.369789+05:30,23851.9,23851.9,23753.21,23851.9,12701.0,0.1719,LOW_TOXICITY,1.5e-05,1.1241,HOLD,0,0,0.5,0.036,1,APPROVED
2026-09-02 09:59:07.249650+05:30,23853.0,23853.0,23752.56,23853.0,12701.0,0.1772,LOW_TOXICITY,-0.007047,1.162,SELL,1,1,0.503,0.036,1,VETO
2026-09-02 10:00:01.458557+05:30,23851.15,23851.15,23750.62,23851.15,12701.0,0.1672,LOW_TOXICITY,2.6e-05,1.217,HOLD,0,0,0.5,0.036,1,APPROVED
2026-09-02 10:00:03.409983+05:30,24000.0,24000.0,23898.94,24000.0,12701.0,0.1654,LOW_TOXICITY,0.000443,0.7825,BUY,1,-1,0.7481,0.077,1,VETO
2026-09-02 10:00:04.213296+05:30,23853.0,23853.0,23752.56,23853.0,12701.0,0.1772,LOW_TOXICITY,-0.007163,1.162,SELL,-1,1,0.5982,0.036,1,VETO
2026-09-02 10:00:03.489622+05:30,23851.75,23851.75,23750.47,23851.75,12701.0,0.1719,LOW_TOXICITY,2.8e-05,1.2482,HOLD,0,0,0.5,0.036,1,APPROVED
2026-09-02 10:00:03.552910+05:30,23854.9,23854.9,23754.45,23854.9,12701.0,0.1772,LOW_TOXICITY,-0.007042,2.3702,SELL,1,-1,0.5354,0.037,1,VETO
2026-09-02 10:00:05.807097+05:30,23851.2,23851.2,23750.77,23851.2,12701.0,0.1719,LOW_TOXICITY,1.3e-05,1.1242,HOLD,0,0,0.5,0.036,1,APPROVED
2026-09-02 10:01:01.186043+05:30,23853.0,23853.0,23752.56,23853.0,12701.0,0.1772,LOW_TOXICITY,0.000148,1.3744,HOLD,0,0,0.5,0.036,1,APPROVED
2026-09-02 10:01:00.914059+05:30,23847.5,23847.5,23747.09,23847.5,12701.0,0.1719,LOW_TOXICITY,3.7e-05,1.1244,HOLD,0,0,0.5,0.035,1,APPROVED
2026-09-02 10:01:01.884595+05:30,23846.1,23846.1,23745.69,23846.1,12701.0,0.1672,LOW_TOXICITY,3.2e-05,1.2169,HOLD,0,0,0.5,0.034,1,APPROVED
2026-09-02 10:01:04.966302+05:30,24000.0,24000.0,23898.94,24000.0,12701.0,0.1654,LOW_TOXICITY,0.000458,0.7825,BUY,1,-1,0.7481,0.077,1,VETO
2026-09-02 10:01:04.695010+05:30,23847.95,23847.95,23747.93,23847.95,12701.0,0.1719,LOW_TOXICITY,3.7e-05,1.2482,HOLD,0,0,0.5,0.035,1,APPROVED
2026-09-02 10:01:04.727105+05:30,23854.9,23854.9,23754.45,23854.9,12701.0,0.1772,LOW_TOXICITY,-0.007158,2.3713,SELL,-1,-1,0.56,0.037,1,APPROVED
2026-09-02 10:02:01.418592+05:30,23849.7,23922.06,23849.7,23849.7,12701.0,0.1654,LOW_TOXICITY,-0.000419,1.7474,SELL,-1,1,0.5629,0.03,1,VETO
2026-09-02 10:02:02.334905+05:30,23850.05,23850.05,23749.62,23850.05,12701.0,0.1719,LOW_TOXICITY,5.8e-05,1.1245,HOLD,0,0,0.5,0.035,1,APPROVED
2026-09-02 10:02:02.903902+05:30,23849.75,23849.75,23749.33,23849.75,12701.0,0.1672,LOW_TOXICITY,5e-05,1.2169,HOLD,0,0,0.5,0.035,1,APPROVED
2026-09-02 10:02:05.947960+05:30,23850.7,23850.7,23750.27,23850.7,12701.0,0.1772,LOW_TOXICITY,6.6e-05,1.3745,HOLD,0,0,0.5,0.036,1,APPROVED
2026-09-02 10:02:06.113712+05:30,23850.5,23850.5,23750.07,23850.5,12701.0,0.1719,LOW_TOXICITY,5.3e-05,1.2482,HOLD,0,0,0.5,0.036,1,APPROVED
2026-09-02 10:02:06.416160+05:30,23851.9,23851.9,23751.47,23851.9,12701.0,0.1772,LOW_TOXICITY,0.000145,1.1602,HOLD,0,0,0.5,0.036,1,APPROVED
2026-09-02 10:03:00.389381+05:30,23853.1,23853.1,23752.66,23853.1,12701.0,0.1719,LOW_TOXICITY,8e-05,1.2483,HOLD,0,0,0.5,0.036,1,APPROVED
2026-09-02 10:03:00.597907+05:30,23853.0,23853.0,23752.56,23853.0,12701.0,0.1772,LOW_TOXICITY,7.9e-05,1.1602,HOLD,0,0,0.5,0.036,1,APPROVED
2026-09-02 10:03:02.674006+05:30,23850.9,23850.9,23750.47,23850.9,12701.0,0.1772,LOW_TOXICITY,6.7e-05,1.3747,HOLD,0,0,0.5,0.036,1,APPROVED
2026-09-02 10:03:02.866512+05:30,24000.0,24000.0,23898.94,24000.0,12701.0,0.1654,LOW_TOXICITY,-0.0,2.3728,HOLD,0,0,0.5,0.077,1,APPROVED
2026-09-02 10:03:02.842381+05:30,23853.7,23853.7,23753.26,23853.7,12701.0,0.1719,LOW_TOXICITY,8.2e-05,1.1246,HOLD,0,0,0.5,0.037,1,APPROVED
2026-09-02 10:03:03.426825+05:30,23852.8,23852.8,23752.36,23852.8,12701.0,0.1672,LOW_TOXICITY,7.7e-05,1.2169,HOLD,0,0,0.5,0.036,1,APPROVED
2026-09-02 10:04:00.265430+05:30,23853.1,23853.1,23752.66,23853.1,12701.0,0.1672,LOW_TOXICITY,6.3e-05,1.3559,HOLD,0,0,0.5,0.036,1,APPROVED
2026-09-02 10:04:01.224336+05:30,23855.45,23855.45,23755.0,23855.45,12701.0,0.1719,LOW_TOXICITY,6.7e-05,1.2483,HOLD,0,0,0.5,0.037,1,APPROVED
2026-09-02 10:04:01.506078+05:30,23852.05,23852.05,23751.67,23852.05,12701.0,0.1772,LOW_TOXICITY,7.6e-05,1.1602,HOLD,0,0,0.5,0.036,1,APPROVED
2026-09-02 10:04:04.322122+05:30,24000.0,24000.0,23898.94,24000.0,12701.0,0.1654,LOW_TOXICITY,0.00047,0.7825,BUY,1,-1,0.7565,0.077,1,VETO
2026-09-02 10:04:03.866504+05:30,23851.15,23851.15,23750.57,23851.15,12701.0,0.1719,LOW_TOXICITY,5.7e-05,1.1247,HOLD,0,0,0.5,0.036,1,APPROVED
2026-09-02 10:04:07.455516+05:30,23850.2,23850.2,23749.77,23850.2,12701.0,0.1719,LOW_TOXICITY,6.5e-05,1.3749,HOLD,0,0,0.5,0.036,1,APPROVED
2026-09-02 10:05:00.842618+05:30,23854.4,23922.06,23854.4,23854.4,12701.0,0.1654,LOW_TOXICITY,-0.000406,1.6922,SELL,-1,1,0.5629,0.031,1,VETO
2026-09-02 10:05:01.438636+05:30,23853.55,23853.55,23754.55,23853.55,12701.0,0.1672,LOW_TOXICITY,5e-05,1.3562,HOLD,0,0,0.5,0.037,1,APPROVED
2026-09-02 10:05:02.431929+05:30,23856.0,23856.0,23753.86,23856.0,12701.0,0.1719,LOW_TOXICITY,5.4e-05,1.3819,HOLD,0,0,0.5,0.037,1,APPROVED
2026-09-02 10:05:02.674437+05:30,23852.1,23852.1,23751.67,23852.1,12701.0,0.1719,LOW_TOXICITY,4.8e-05,1.1602,HOLD,0,0,0.5,0.036,1,APPROVED
2026-09-02 10:05:04.384810+05:30,23850.2,23850.2,23754.75,23850.2,12701.0,0.1719,LOW_TOXICITY,5.1e-05,1.3751,HOLD,0,0,0.5,0.036,1,APPROVED
2026-09-02 10:05:05.809169+05:30,23853.85,23853.85,23753.41,23853.85,12701.0,0.1719,LOW_TOXICITY,5.3e-05,1.3762,HOLD,0,0,0.5,0.037,1,APPROVED
2026-09-02 10:06:01.271193+05:30,23855.2,23855.2,23754.75,23855.2,12701.0,0.1719,LOW_TOXICITY,6.5e-05,1.3753,HOLD,0,0,0.5,0.037,1,APPROVED
2026-09-02 10:06:01.063261+05:30,23856.9,23856.9,23756.45,23856.9,12701.0,0.1681,LOW_TOXICITY,3.3e-05,1.3565,HOLD,0,0,0.5,0.038,1,APPROVED
2026-09-02 10:06:00.621323+05:30,23855.85,23855.85,23756.0,23855.85,12701.0,0.1719,LOW_TOXICITY,3.2e-05,1.3768,HOLD,0,0,0.5,0.037,1,APPROVED
2026-09-02 10:06:02.406956+05:30,24000.0,24000.0,23755.8,24000.0,12701.0,0.1654,LOW_TOXICITY,0.0,2.3151,HOLD,0,0,0.5,0.077,1,APPROVED
2026-09-02 10:06:03.639657+05:30,23855.45,23855.45,23755.0,23855.45,12701.0,0.1719,LOW_TOXICITY,3.3e-05,1.3817,HOLD,0,0,0.5,0.037,1,APPROVED
2026-09-02 10:06:04.046873+05:30,23857.55,23857.55,23757.09,23857.55,12701.0,0.1719,LOW_TOXICITY,3.5e-05,1.1602,HOLD,0,0,0.5,0.038,1,APPROVED
2026-09-02 10:07:01.681650+05:30,23857.5,23857.5,23757.79,23857.5,12701.0,0.1681,LOW_TOXICITY,6.2e-05,1.3568,HOLD,0,0,0.5,0.038,1,APPROVED
2026-09-02 10:07:01.762109+05:30,23855.5,23855.5,23755.05,23855.5,12701.0,0.1719,LOW_TOXICITY,5.6e-05,1.3774,HOLD,0,0,0.5,0.037,1,APPROVED
2026-09-02 10:07:04.154744+05:30,23858.05,23922.06,23858.05,23858.05,12701.0,0.1654,LOW_TOXICITY,-0.000395,1.6589,SELL,1,1,0.7622,0.032,1,VETO
2026-09-02 10:07:05.995481+05:30,23855.2,23855.2,23754.75,23855.2,12701.0,0.1719,LOW_TOXICITY,6.5e-05,1.3755,HOLD,0,0,0.5,0.037,1,APPROVED
2026-09-02 10:07:05.226291+05:30,23858.9,23858.9,23758.44,23858.9,12701.0,0.1719,LOW_TOXICITY,6.1e-05,1.3815,HOLD,0,0,0.5,0.038,1,APPROVED
2026-09-02 10:07:05.569556+05:30,23857.55,23857.55,23758.34,23857.55,12701.0,0.1719,LOW_TOXICITY,5.7e-05,1.1602,HOLD,0,0,0.5,0.038,1,APPROVED
2026-09-02 10:08:00.869765+05:30,24000.0,24000.0,23758.39,24000.0,12701.0,0.1654,LOW_TOXICITY,0.0,2.2718,HOLD,0,0,0.5,0.077,1,APPROVED
2026-09-02 10:08:00.855983+05:30,23858.7,23858.7,23758.24,23858.7,12701.0,0.1672,LOW_TOXICITY,7.5e-05,1.3812,HOLD,0,0,0.5,0.038,1,APPROVED
2026-09-02 10:08:00.896050+05:30,23859.05,23859.05,23758.59,23859.05,12701.0,0.1719,LOW_TOXICITY,7.6e-05,1.1602,HOLD,0,0,0.5,0.038,1,APPROVED
2026-09-02 10:08:02.940203+05:30,23855.2,23855.2,23754.75,23855.2,12701.0,0.1719,LOW_TOXICITY,6.7e-05,1.3756,HOLD,0,0,0.5,0.037,1,APPROVED
2026-09-02 10:08:02.813924+05:30,23860.0,23860.0,23759.53,23860.0,12701.0,0.1681,LOW_TOXICITY,7.6e-05,1.357,HOLD,0,0,0.5,0.039,1,APPROVED
2026-09-02 10:08:03.642061+05:30,23859.25,23859.25,23758.79,23859.25,12701.0,0.1672,LOW_TOXICITY,7.7e-05,1.3781,HOLD,0,0,0.5,0.038,1,APPROVED
2026-09-02 10:09:00.049014+05:30,23848.0,23848.0,23747.58,23848.0,12701.0,0.1681,LOW_TOXICITY,4.2e-05,1.3573,HOLD,0,0,0.5,0.035,1,APPROVED
2026-09-02 10:09:02.362166+05:30,23848.3,23922.06,23848.3,23848.3,12701.0,0.1619,LOW_TOXICITY,-0.000423,1.7729,SELL,1,1,0.7557,0.029,1,VETO
2026-09-02 10:09:02.708011+05:30,23847.9,23847.9,23746.59,23847.9,12701.0,0.1672,LOW_TOXICITY,4e-05,1.381,HOLD,0,0,0.5,0.035,1,APPROVED
2026-09-02 10:09:02.933831+05:30,23858.05,23858.05,23757.59,23858.05,12701.0,0.1719,LOW_TOXICITY,6.9e-05,1.1602,HOLD,0,0,0.5,0.038,1,APPROVED
2026-09-02 10:09:05.283308+05:30,23847.45,23847.45,23747.24,23847.45,12701.0,0.1672,LOW_TOXICITY,4.3e-05,1.3787,HOLD,0,0,0.5,0.035,1,APPROVED
2026-09-02 10:09:07.805789+05:30,23848.7,23848.7,23748.28,23848.7,12701.0,0.1719,LOW_TOXICITY,4.4e-05,1.3758,HOLD,0,0,0.5,0.035,1,APPROVED
2026-09-02 10:10:00.990974+05:30,23846.9,23846.9,23746.49,23846.9,12701.0,0.1681,LOW_TOXICITY,4.3e-05,1.3576,HOLD,0,0,0.5,0.034,1,APPROVED
2026-09-02 10:10:00.340717+05:30,23846.7,23846.7,23746.29,23846.7,12701.0,0.1672,LOW_TOXICITY,3.8e-05,1.3793,HOLD,0,0,0.5,0.034,1,APPROVED
2026-09-02 10:10:03.864273+05:30,23846.95,23922.06,23846.95,23846.95,12701.0,0.1619,LOW_TOXICITY,4.5e-05,0.7873,HOLD,0,0,0.5,0.029,1,APPROVED
2026-09-02 10:10:04.681270+05:30,23848.7,23848.7,23748.28,23848.7,12701.0,0.1719,LOW_TOXICITY,4.4e-05,1.376,HOLD,0,0,0.5,0.035,1,APPROVED
2026-09-02 10:10:04.274094+05:30,23847.4,23847.4,23746.99,23847.4,12701.0,0.1672,LOW_TOXICITY,4.3e-05,1.3808,HOLD,0,0,0.5,0.035,1,APPROVED
2026-09-02 10:10:04.445679+05:30,23847.75,23847.75,23747.33,23847.75,12701.0,0.1719,LOW_TOXICITY,4.3e-05,1.1602,HOLD,0,0,0.5,0.035,1,APPROVED
2026-09-02 10:11:00.736263+05:30,23848.0,23848.0,23748.28,23848.0,12701.0,0.1619,LOW_TOXICITY,-0.000424,0.8001,SELL,1,1,0.653,0.029,1,VETO
2026-09-02 10:11:01.787531+05:30,23848.7,23848.7,23748.28,23848.7,12701.0,0.1719,LOW_TOXICITY,4.4e-05,1.3759,HOLD,0,0,0.5,0.035,1,APPROVED
2026-09-02 10:11:01.069305+05:30,23847.75,23847.75,23747.33,23847.75,12701.0,0.1719,LOW_TOXICITY,3.6e-05,1.1602,HOLD,0,0,0.5,0.035,1,APPROVED
2026-09-02 10:11:01.055877+05:30,23848.75,23848.75,23748.33,23848.75,12701.0,0.1672,LOW_TOXICITY,3.8e-05,1.3805,HOLD,0,0,0.5,0.035,1,APPROVED
2026-09-02 10:11:02.771093+05:30,23849.55,23849.55,23749.13,23849.55,12701.0,0.1681,LOW_TOXICITY,3.7e-05,1.3579,HOLD,0,0,0.5,0.035,1,APPROVED
2026-09-02 10:11:03.974571+05:30,23849.65,23849.65,23749.23,23849.65,12701.0,0.1672,LOW_TOXICITY,3.5e-05,1.3799,HOLD,0,0,0.5,0.035,1,APPROVED
2026-09-02 10:12:01.069737+05:30,23842.55,23842.55,23742.36,23842.55,12701.0,0.1681,LOW_TOXICITY,-1e-06,1.3582,HOLD,0,0,0.5,0.033,1,APPROVED
2026-09-02 10:12:02.517665+05:30,24000.0,24000.0,23742.46,24000.0,12701.0,0.1619,LOW_TOXICITY,0.000433,2.395,BUY,1,1,0.6812,0.077,1,APPROVED
2026-09-02 10:12:05.106581+05:30,23843.35,23843.35,23742.95,23843.35,12701.0,0.1672,LOW_TOXICITY,3e-06,1.3803,HOLD,0,0,0.5,0.033,1,APPROVED
2026-09-02 10:12:05.137809+05:30,23845.75,23845.75,23745.34,23845.75,12701.0,0.1719,LOW_TOXICITY,1.3e-05,1.0625,HOLD,0,0,0.5,0.034,1,APPROVED
2026-09-02 10:12:06.998375+05:30,23848.7,23848.7,23748.28,23848.7,12701.0,0.1719,LOW_TOXICITY,1e-05,1.3762,HOLD,0,0,0.5,0.035,1,APPROVED
2026-09-02 10:12:06.887041+05:30,23843.3,23843.3,23742.7,23843.3,12701.0,0.1672,LOW_TOXICITY,6e-06,1.3805,HOLD,0,0,0.5,0.033,1,APPROVED
2026-09-02 10:13:00.188508+05:30,23846.9,23846.9,23746.49,23846.9,12701.0,0.1672,LOW_TOXICITY,2.2e-05,1.3801,HOLD,0,0,0.5,0.034,1,APPROVED
2026-09-02 10:13:00.417832+05:30,23847.3,23847.3,23746.89,23847.3,12701.0,0.1719,LOW_TOXICITY,4e-06,1.0628,HOLD,0,0,0.5,0.035,1,APPROVED
2026-09-02 10:13:02.051717+05:30,23847.45,23847.45,23747.04,23847.45,12701.0,0.1681,LOW_TOXICITY,1.5e-05,1.3584,HOLD,0,0,0.5,0.035,1,APPROVED
2026-09-02 10:13:02.545218+05:30,23846.95,23846.95,23746.69,23846.95,12701.0,0.1672,LOW_TOXICITY,8e-06,1.3811,HOLD,0,0,0.5,0.034,1,APPROVED
2026-09-02 10:13:04.106122+05:30,23848.7,23848.7,23748.28,23848.7,12701.0,0.1719,LOW_TOXICITY,1e-05,1.3765,HOLD,0,0,0.5,0.035,1,APPROVED
2026-09-02 10:13:04.937200+05:30,23847.0,23922.06,23847.0,23847.0,12701.0,0.1619,LOW_TOXICITY,1.1e-05,1.7882,HOLD,0,0,0.5,0.029,1,APPROVED
2026-09-02 10:14:00.923137+05:30,23854.7,23854.7,23754.26,23854.7,12701.0,0.1672,LOW_TOXICITY,5e-06,1.3769,HOLD,0,0,0.5,0.037,1,APPROVED
2026-09-02 10:14:01.564214+05:30,24000.0,24000.0,23898.94,24000.0,12701.0,0.1619,LOW_TOXICITY,0.0,2.4073,HOLD,0,0,0.5,0.077,1,APPROVED
2026-09-02 10:14:01.813143+05:30,23855.3,23855.3,23754.85,23855.3,12701.0,0.1672,LOW_TOXICITY,1.1e-05,1.3799,HOLD,0,0,0.5,0.037,1,APPROVED
2026-09-02 10:14:02.328513+05:30,23855.35,23855.35,23754.9,23855.35,12701.0,0.1681,LOW_TOXICITY,1.3e-05,1.1077,HOLD,0,0,0.5,0.037,1,APPROVED
2026-09-02 10:14:02.021656+05:30,23853.15,23853.15,23753.01,23853.15,12701.0,0.1719,LOW_TOXICITY,9e-06,1.0631,HOLD,0,0,0.5,0.036,1,APPROVED
2026-09-02 10:14:03.962097+05:30,23853.65,23853.65,23753.21,23853.65,12701.0,0.1672,LOW_TOXICITY,5e-06,1.3817,HOLD,0,0,0.5,0.037,1,APPROVED
2026-09-02 10:15:03.108491+05:30,24000.0,24000.0,23898.94,24000.0,12701.0,0.1619,LOW_TOXICITY,0.0,0.7944,HOLD,0,0,0.5,0.077,1,APPROVED
2026-09-02 10:15:03.251174+05:30,23847.95,23847.95,23746.14,23847.95,12701.0,0.1681,LOW_TOXICITY,-9e-06,1.1078,HOLD,0,0,0.5,0.035,1,APPROVED
2026-09-02 10:15:03.299692+05:30,23853.45,23853.45,23753.01,23853.45,12701.0,0.1672,LOW_TOXICITY,-4e-06,1.0634,HOLD,0,0,0.5,0.037,1,APPROVED
2026-09-02 10:15:03.235382+05:30,23847.0,23847.0,23746.59,23847.0,12701.0,0.1672,LOW_TOXICITY,-1.3e-05,1.6365,HOLD,0,0,0.5,0.034,1,APPROVED
2026-09-02 10:15:05.731093+05:30,23854.7,23854.7,23754.26,23854.7,12701.0,0.1672,LOW_TOXICITY,5e-06,1.3772,HOLD,0,0,0.5,0.037,1,APPROVED
2026-09-02 10:15:05.388683+05:30,23846.7,23846.7,23746.44,23846.7,12701.0,0.1672,LOW_TOXICITY,-1.3e-05,1.1773,HOLD,0,0,0.5,0.034,1,APPROVED
2026-09-02 10:16:00.698196+05:30,23849.65,23849.65,23748.53,23849.65,12701.0,0.1646,LOW_TOXICITY,1e-05,1.1079,HOLD,0,0,0.5,0.035,1,APPROVED
2026-09-02 10:16:02.848263+05:30,23854.7,23854.7,23749.18,23854.7,12701.0,0.1672,LOW_TOXICITY,5e-06,1.3776,HOLD,0,0,0.5,0.037,1,APPROVED
2026-09-02 10:16:04.682301+05:30,23849.85,23922.06,23849.85,23849.85,12701.0,0.1619,LOW_TOXICITY,-0.000418,1.7546,SELL,1,1,0.7557,0.03,1,VETO
2026-09-02 10:16:05.484847+05:30,23847.85,23847.85,23747.43,23847.85,12701.0,0.1672,LOW_TOXICITY,-0.0,1.6366,HOLD,0,0,0.5,0.035,1,APPROVED
2026-09-02 10:16:05.500570+05:30,23849.75,23849.75,23749.33,23849.75,12701.0,0.1672,LOW_TOXICITY,-1.4e-05,1.0637,HOLD,0,0,0.5,0.035,1,APPROVED
2026-09-02 10:16:06.636142+05:30,23850.0,23850.0,23749.58,23850.0,12701.0,0.1672,LOW_TOXICITY,7e-06,1.1767,HOLD,0,0,0.5,0.035,1,APPROVED
2026-09-02 10:17:00.482512+05:30,23849.9,23849.9,23749.48,23849.9,12701.0,0.1652,LOW_TOXICITY,-2e-06,1.6367,HOLD,0,0,0.5,0.035,1,APPROVED
2026-09-02 10:17:00.514357+05:30,23850.1,23850.1,23749.67,23850.1,12701.0,0.1672,LOW_TOXICITY,-5e-06,1.064,HOLD,0,0,0.5,0.035,1,APPROVED
2026-09-02 10:17:01.176330+05:30,23850.45,23850.45,23750.02,23850.45,12701.0,0.1646,LOW_TOXICITY,2e-06,1.108,HOLD,0,0,0.5,0.036,1,APPROVED
2026-09-02 10:17:01.223953+05:30,23850.2,23922.06,23850.2,23850.2,12701.0,0.1619,LOW_TOXICITY,1e-06,1.5784,HOLD,0,0,0.5,0.03,1,APPROVED
2026-09-02 10:17:03.146577+05:30,23850.3,23850.3,23750.62,23850.3,12701.0,0.1659,LOW_TOXICITY,1e-06,1.176,HOLD,0,0,0.5,0.036,1,APPROVED
2026-09-02 10:17:07.750730+05:30,23850.05,23850.05,23749.62,23850.05,12701.0,0.1672,LOW_TOXICITY,-2e-06,1.3779,HOLD,0,0,0.5,0.035,1,APPROVED
2026-09-02 10:18:02.650176+05:30,23850.7,23850.7,23750.27,23850.7,12701.0,0.1646,LOW_TOXICITY,-6e-06,1.1081,HOLD,0,0,0.5,0.036,1,APPROVED
2026-09-02 10:18:02.306809+05:30,23850.35,23850.35,23750.47,23850.35,12701.0,0.1652,LOW_TOXICITY,-8e-06,1.6368,HOLD,0,0,0.5,0.036,1,APPROVED
2026-09-02 10:18:02.825143+05:30,24000.0,24000.0,23898.94,24000.0,12701.0,0.1602,LOW_TOXICITY,0.0,1.5791,HOLD,0,0,0.5,0.077,1,APPROVED
2026-09-02 10:18:02.322775+05:30,23849.8,23849.8,23749.38,23849.8,12701.0,0.1672,LOW_TOXICITY,-9e-06,1.0643,HOLD,0,0,0.5,0.035,1,APPROVED
2026-09-02 10:18:04.730452+05:30,23849.6,23849.6,23749.18,23849.6,12701.0,0.1672,LOW_TOXICITY,-4e-06,1.3783,HOLD,0,0,0.5,0.035,1,APPROVED
2026-09-02 10:18:04.873820+05:30,23851.15,23851.15,23748.88,23851.15,12701.0,0.1659,LOW_TOXICITY,-7e-06,1.1754,HOLD,0,0,0.5,0.036,1,APPROVED
2026-09-02 10:19:01.697427+05:30,23853.3,23853.3,23752.86,23853.3,12701.0,0.1672,LOW_TOXICITY,9e-06,1.3786,HOLD,0,0,0.5,0.036,1,APPROVED
2026-09-02 10:19:02.493022+05:30,23853.15,23853.15,23752.71,23853.15,12701.0,0.1646,LOW_TOXICITY,0.0,1.1082,HOLD,0,0,0.5,0.036,1,APPROVED
2026-09-02 10:19:03.549995+05:30,23853.5,23853.5,23753.06,23853.5,12701.0,0.1652,LOW_TOXICITY,-5e-06,1.6368,HOLD,0,0,0.5,0.037,1,APPROVED
2026-09-02 10:19:03.867776+05:30,23849.8,23849.8,23749.38,23849.8,12701.0,0.1672,LOW_TOXICITY,-6e-06,1.0646,HOLD,0,0,0.5,0.035,1,APPROVED
2026-09-02 10:19:04.320416+05:30,24000.0,24000.0,23753.96,24000.0,12701.0,0.1602,LOW_TOXICITY,0.0,1.5799,HOLD,0,0,0.5,0.077,1,APPROVED
2026-09-02 10:19:06.428411+05:30,23851.0,23851.0,23750.57,23851.0,12701.0,0.1659,LOW_TOXICITY,-0.0,1.1749,HOLD,0,0,0.5,0.036,1,APPROVED
2026-09-02 10:20:00.842099+05:30,24000.0,24000.0,23898.94,24000.0,12701.0,0.1602,LOW_TOXICITY,0.000406,1.5806,BUY,1,1,0.6659,0.077,1,APPROVED
2026-09-02 10:20:00.553464+05:30,23858.15,23858.15,23757.19,23858.15,12701.0,0.1659,LOW_TOXICITY,1.2e-05,1.1743,HOLD,0,0,0.5,0.038,1,APPROVED
2026-09-02 10:20:01.977836+05:30,23857.6,23857.6,23757.74,23857.6,12701.0,0.1646,LOW_TOXICITY,1.1e-05,1.1083,HOLD,0,0,0.5,0.038,1,APPROVED
2026-09-02 10:20:03.993317+05:30,23857.55,23857.55,23757.09,23857.55,12701.0,0.1652,LOW_TOXICITY,4e-06,1.6369,HOLD,0,0,0.5,0.038,1,APPROVED
2026-09-02 10:20:04.566429+05:30,23858.65,23858.65,23758.19,23858.65,12701.0,0.1672,LOW_TOXICITY,1.8e-05,1.0649,HOLD,0,0,0.5,0.038,1,APPROVED
2026-09-02 10:20:06.548428+05:30,23858.4,23858.4,23757.94,23858.4,12701.0,0.1672,LOW_TOXICITY,2.3e-05,1.379,HOLD,0,0,0.5,0.038,1,APPROVED
2026-09-02 10:21:00.327207+05:30,23860.0,23860.0,23759.53,23860.0,12701.0,0.1646,LOW_TOXICITY,9e-06,1.1084,HOLD,0,0,0.5,0.039,1,APPROVED
2026-09-02 10:21:00.422604+05:30,23864.45,23864.45,23759.83,23864.45,12701.0,0.1672,LOW_TOXICITY,1.9e-05,1.0652,HOLD,0,0,0.5,0.04,1,APPROVED
2026-09-02 10:21:01.720514+05:30,23859.6,23859.6,23759.13,23859.6,12701.0,0.1659,LOW_TOXICITY,1e-05,1.1738,HOLD,0,0,0.5,0.038,1,APPROVED
2026-09-02 10:21:03.480041+05:30,23859.55,23859.55,23759.08,23859.55,12701.0,0.1672,LOW_TOXICITY,1.2e-05,1.3988,HOLD,0,0,0.5,0.038,1,APPROVED
2026-09-02 10:21:03.047985+05:30,24000.0,24000.0,23898.94,24000.0,12701.0,0.1602,LOW_TOXICITY,0.0,1.5813,HOLD,0,0,0.5,0.077,-1,APPROVED
2026-09-02 10:21:05.977861+05:30,23860.6,23860.6,23760.43,23860.6,12701.0,0.1652,LOW_TOXICITY,1.4e-05,1.637,HOLD,0,0,0.5,0.039,1,APPROVED
2026-09-02 10:22:00.340066+05:30,23874.4,23874.4,23773.87,23874.4,12701.0,0.1672,LOW_TOXICITY,5.4e-05,1.3988,HOLD,0,0,0.5,0.043,1,APPROVED
2026-09-02 10:22:00.921314+05:30,23871.1,23871.1,23770.59,23871.1,12701.0,0.1659,LOW_TOXICITY,4.4e-05,1.1733,HOLD,0,0,0.5,0.042,1,APPROVED
2026-09-02 10:22:00.644561+05:30,23874.15,23874.15,23773.62,23874.15,12701.0,0.1652,LOW_TOXICITY,4.3e-05,1.6371,HOLD,0,0,0.5,0.043,1,APPROVED
2026-09-02 10:22:01.351023+05:30,23873.85,23873.85,23773.32,23873.85,12701.0,0.1646,LOW_TOXICITY,4.6e-05,1.1085,HOLD,0,0,0.5,0.043,1,APPROVED
2026-09-02 10:22:01.946733+05:30,23873.6,23873.6,23773.08,23873.6,12701.0,0.1672,LOW_TOXICITY,4.5e-05,1.3722,HOLD,0,0,0.5,0.043,1,APPROVED
2026-09-02 10:22:04.816337+05:30,23875.75,23922.06,23875.75,23875.75,12701.0,0.1602,LOW_TOXICITY,4.9e-05,1.5821,HOLD,0,0,0.5,0.038,-1,APPROVED
2026-09-02 10:23:01.431235+05:30,23875.6,23922.06,23875.6,23875.6,12701.0,0.1602,LOW_TOXICITY,-0.000346,1.5828,SELL,1,1,0.8045,0.038,-1,VETO
2026-09-02 10:23:01.920125+05:30,23875.85,23875.85,23775.62,23875.85,12701.0,0.1646,LOW_TOXICITY,4.4e-05,1.1086,HOLD,0,0,0.5,0.044,1,APPROVED
2026-09-02 10:23:02.352794+05:30,23879.65,23879.65,23779.1,23879.65,12701.0,0.1652,LOW_TOXICITY,5.9e-05,1.6372,HOLD,0,0,0.5,0.045,1,APPROVED
2026-09-02 10:23:03.737362+05:30,23875.05,23875.05,23774.52,23875.05,12701.0,0.1672,LOW_TOXICITY,4.5e-05,1.3728,HOLD,0,0,0.5,0.043,1,APPROVED
2026-09-02 10:23:05.267753+05:30,23874.4,23874.4,23773.87,23874.4,12701.0,0.1684,LOW_TOXICITY,5.4e-05,1.3989,HOLD,0,0,0.5,0.043,1,APPROVED
2026-09-02 10:23:05.712783+05:30,23875.7,23875.7,23775.17,23875.7,12701.0,0.1659,LOW_TOXICITY,4.6e-05,1.1729,HOLD,0,0,0.5,0.044,1,APPROVED
2026-09-02 10:24:02.090721+05:30,23871.0,23871.0,23770.49,23871.0,12701.0,0.1684,LOW_TOXICITY,6.2e-05,1.399,HOLD,0,0,0.5,0.042,1,APPROVED
2026-09-02 10:24:02.877811+05:30,23875.7,23875.7,23775.17,23875.7,12701.0,0.1659,LOW_TOXICITY,7.9e-05,1.1724,HOLD,0,0,0.5,0.044,1,APPROVED
2026-09-02 10:24:02.988835+05:30,24000.0,24000.0,23771.68,24000.0,12701.0,0.1602,LOW_TOXICITY,0.000423,1.5835,BUY,-1,1,0.569,0.077,-1,VETO
2026-09-02 10:24:03.211649+05:30,23872.5,23872.5,23771.98,23872.5,12701.0,0.1646,LOW_TOXICITY,6.8e-05,1.1683,HOLD,0,0,0.5,0.043,1,APPROVED
2026-09-02 10:24:03.674241+05:30,23875.45,23875.45,23774.92,23875.45,12701.0,0.1652,LOW_TOXICITY,7.7e-05,1.6373,HOLD,0,0,0.5,0.044,1,APPROVED
2026-09-02 10:24:05.374303+05:30,23871.0,23871.0,23770.19,23871.0,12701.0,0.1695,LOW_TOXICITY,3.6e-05,1.3734,HOLD,0,0,0.5,0.042,1,APPROVED
2026-09-02 10:25:00.602251+05:30,23875.75,23875.75,23775.22,23875.75,12701.0,0.1695,LOW_TOXICITY,7.8e-05,1.374,HOLD,0,0,0.5,0.044,1,APPROVED
2026-09-02 10:25:01.405531+05:30,23876.1,23876.1,23775.57,23876.1,12701.0,0.1688,LOW_TOXICITY,8.2e-05,1.1683,HOLD,0,0,0.5,0.044,1,APPROVED
2026-09-02 10:25:04.624814+05:30,23874.9,23922.06,23874.9,23874.9,12701.0,0.1602,LOW_TOXICITY,7.8e-05,1.5843,HOLD,0,0,0.5,0.038,-1,APPROVED
2026-09-02 10:25:05.311507+05:30,23876.8,23876.8,23776.26,23876.8,12701.0,0.1652,LOW_TOXICITY,8.2e-05,1.553,HOLD,0,0,0.5,0.044,1,APPROVED
2026-09-02 10:25:07.030277+05:30,23871.0,23871.0,23775.66,23871.0,12701.0,0.1684,LOW_TOXICITY,6.2e-05,1.399,HOLD,0,0,0.5,0.042,1,APPROVED
2026-09-02 10:25:07.828207+05:30,23875.7,23875.7,23775.17,23875.7,12701.0,0.1659,LOW_TOXICITY,8.1e-05,1.4305,HOLD,0,0,0.5,0.044,1,APPROVED
2026-09-02 10:26:01.157737+05:30,23875.1,23922.06,23875.1,23875.1,12701.0,0.1602,LOW_TOXICITY,7.6e-05,1.585,HOLD,0,0,0.5,0.038,-1,APPROVED
2026-09-02 10:26:02.654199+05:30,23874.8,23874.8,23774.27,23874.8,12701.0,0.1695,LOW_TOXICITY,7.6e-05,1.3746,HOLD,0,0,0.5,0.043,1,APPROVED
2026-09-02 10:26:03.951064+05:30,23876.2,23876.2,23775.66,23876.2,12701.0,0.1684,LOW_TOXICITY,7.7e-05,1.3991,HOLD,0,0,0.5,0.044,1,APPROVED
2026-09-02 10:26:03.264024+05:30,23874.7,23874.7,23774.17,23874.7,12701.0,0.1688,LOW_TOXICITY,7e-05,1.1683,HOLD,0,0,0.5,0.043,1,APPROVED
2026-09-02 10:26:04.879637+05:30,23874.75,23874.75,23774.22,23874.75,12701.0,0.1659,LOW_TOXICITY,7e-05,1.4311,HOLD,0,0,0.5,0.043,1,APPROVED
2026-09-02 10:26:06.577957+05:30,23874.75,23874.75,23774.22,23874.75,12701.0,0.1652,LOW_TOXICITY,7.3e-05,1.5536,HOLD,0,0,0.5,0.043,1,APPROVED
2026-09-02 10:27:00.674004+05:30,23875.8,23875.8,23775.27,23875.8,12701.0,0.1684,LOW_TOXICITY,7.6e-05,1.3992,HOLD,0,0,0.5,0.044,1,APPROVED
2026-09-02 10:27:00.796834+05:30,23875.8,23875.8,23775.81,23875.8,12701.0,0.1688,LOW_TOXICITY,9.3e-05,1.1682,HOLD,0,0,0.5,0.044,1,APPROVED
2026-09-02 10:27:01.979183+05:30,23874.75,23874.75,23774.22,23874.75,12701.0,0.1676,LOW_TOXICITY,8.8e-05,1.4317,HOLD,0,0,0.5,0.043,1,APPROVED
2026-09-02 10:27:01.475312+05:30,23875.55,23875.55,23775.02,23875.55,12701.0,0.1669,LOW_TOXICITY,9e-05,1.5541,HOLD,0,0,0.5,0.044,1,APPROVED
2026-09-02 10:27:02.711044+05:30,23876.4,23922.06,23876.4,23876.4,12701.0,0.1602,LOW_TOXICITY,-0.000344,1.514,SELL,1,1,0.7559,0.038,-1,VETO
2026-09-02 10:27:04.777592+05:30,23876.9,23876.9,23776.21,23876.9,12701.0,0.1695,LOW_TOXICITY,8.7e-05,1.3752,HOLD,0,0,0.5,0.044,1,APPROVED
2026-09-02 10:28:01.826782+05:30,23878.3,23878.3,23777.06,23878.3,12701.0,0.1688,LOW_TOXICITY,8.6e-05,1.1682,HOLD,0,0,0.5,0.044,-1,APPROVED
2026-09-02 10:28:02.785130+05:30,23876.65,23876.65,23776.11,23876.65,12701.0,0.1669,LOW_TOXICITY,8.3e-05,1.5547,HOLD,0,0,0.5,0.044,1,APPROVED
2026-09-02 10:28:04.500288+05:30,23877.55,23877.55,23777.76,23877.55,12701.0,0.1587,LOW_TOXICITY,8.5e-05,1.5146,HOLD,0,0,0.5,0.039,-1,APPROVED
2026-09-02 10:28:05.609054+05:30,23875.8,23875.8,23775.27,23875.8,12701.0,0.1684,LOW_TOXICITY,7.6e-05,1.3993,HOLD,0,0,0.5,0.044,1,APPROVED
2026-09-02 10:28:06.838508+05:30,23877.9,23877.9,23777.36,23877.9,12701.0,0.1676,LOW_TOXICITY,8.6e-05,1.4323,HOLD,0,0,0.5,0.044,1,APPROVED
2026-09-02 10:28:06.524984+05:30,23877.6,23877.6,23777.06,23877.6,12701.0,0.1695,LOW_TOXICITY,8.5e-05,1.3758,HOLD,0,0,0.5,0.044,1,APPROVED
2026-09-02 10:29:01.164541+05:30,23876.9,23922.06,23876.9,23876.9,12701.0,0.1587,LOW_TOXICITY,-0.000343,1.5153,SELL,1,1,0.8045,0.038,-1,VETO
2026-09-02 10:29:02.475404+05:30,23875.8,23875.8,23775.27,23875.8,12701.0,0.1684,LOW_TOXICITY,5.9e-05,1.3993,HOLD,0,0,0.5,0.044,1,APPROVED
2026-09-02 10:29:01.849498+05:30,23877.3,23877.3,23775.37,23877.3,12701.0,0.1695,LOW_TOXICITY,6.7e-05,1.3764,HOLD,0,0,0.5,0.044,1,APPROVED
2026-09-02 10:29:03.680622+05:30,23877.9,23877.9,23775.32,23877.9,12701.0,0.1676,LOW_TOXICITY,6.8e-05,1.4329,HOLD,0,0,0.5,0.044,1,APPROVED
2026-09-02 10:29:03.442923+05:30,23875.5,23875.5,23774.97,23875.5,12701.0,0.1688,LOW_TOXICITY,5.6e-05,1.1682,HOLD,0,0,0.5,0.044,-1,APPROVED
2026-09-02 10:29:04.681945+05:30,23876.05,23876.05,23775.52,23876.05,12701.0,0.1669,LOW_TOXICITY,5.8e-05,1.5553,HOLD,0,0,0.5,0.044,1,APPROVED
2026-09-02 10:30:00.450505+05:30,23875.85,23875.85,23781.59,23875.85,12701.0,0.1676,LOW_TOXICITY,8.1e-05,1.4335,HOLD,0,0,0.5,0.044,1,APPROVED
2026-09-02 10:30:01.338074+05:30,23882.25,23882.25,23782.19,23882.25,12701.0,0.1688,LOW_TOXICITY,9.6e-05,1.1682,HOLD,0,0,0.5,0.046,-1,APPROVED
2026-09-02 10:30:02.690813+05:30,24000.0,24000.0,23898.94,24000.0,12701.0,0.1587,LOW_TOXICITY,-0.0,1.516,HOLD,0,0,0.5,0.077,-1,APPROVED
2026-09-02 10:30:03.786123+05:30,23882.4,23882.4,23781.34,23882.4,12701.0,0.1695,LOW_TOXICITY,8.1e-05,1.377,HOLD,0,0,0.5,0.046,1,APPROVED
2026-09-02 10:30:06.214993+05:30,23883.55,23883.55,23782.98,23883.55,12701.0,0.1669,LOW_TOXICITY,0.000102,1.5559,HOLD,0,0,0.5,0.046,1,APPROVED
2026-09-02 10:30:07.402872+05:30,23875.8,23875.8,23775.27,23875.8,12701.0,0.1684,LOW_TOXICITY,5.9e-05,1.3994,HOLD,0,0,0.5,0.044,1,APPROVED
2026-09-02 10:31:01.997978+05:30,23885.65,23885.65,23785.08,23885.65,12701.0,0.1688,LOW_TOXICITY,0.000101,1.1681,HOLD,0,0,0.5,0.047,-1,APPROVED
2026-09-02 10:31:01.612027+05:30,23886.85,23886.85,23785.17,23886.85,12701.0,0.1669,LOW_TOXICITY,0.000109,1.5564,HOLD,0,0,0.5,0.047,1,APPROVED
2026-09-02 10:31:04.440040+05:30,23885.15,23885.15,23784.58,23885.15,12701.0,0.1684,LOW_TOXICITY,8.5e-05,1.4461,HOLD,0,0,0.5,0.047,1,APPROVED
2026-09-02 10:31:04.312755+05:30,24000.0,24000.0,23898.94,24000.0,12701.0,0.1587,LOW_TOXICITY,0.000418,1.5166,BUY,1,1,0.6633,0.077,-1,APPROVED
2026-09-02 10:31:05.423673+05:30,23886.5,23886.5,23785.92,23886.5,12701.0,0.1676,LOW_TOXICITY,0.000102,1.4342,HOLD,0,0,0.5,0.047,1,APPROVED
2026-09-02 10:31:05.894928+05:30,23883.85,23883.85,23783.28,23883.85,12701.0,0.1695,LOW_TOXICITY,9.5e-05,1.3776,HOLD,0,0,0.5,0.046,1,APPROVED
2026-09-02 10:32:01.356184+05:30,23885.15,23885.15,23784.58,23885.15,12701.0,0.1684,LOW_TOXICITY,9.8e-05,1.4465,HOLD,0,0,0.5,0.047,1,APPROVED
2026-09-02 10:32:00.685107+05:30,23888.3,23888.3,23788.56,23888.3,12701.0,0.1695,LOW_TOXICITY,0.000107,1.547,HOLD,0,0,0.5,0.048,1,APPROVED
2026-09-02 10:32:01.490028+05:30,24000.0,24000.0,23898.94,24000.0,12701.0,0.1587,LOW_TOXICITY,0.000417,1.5173,BUY,1,1,0.6633,0.077,-1,APPROVED
2026-09-02 10:32:02.342982+05:30,23886.5,23886.5,23785.92,23886.5,12701.0,0.1676,LOW_TOXICITY,0.000101,1.4348,HOLD,0,0,0.5,0.047,1,APPROVED
2026-09-02 10:32:02.106613+05:30,23889.3,23889.3,23788.71,23889.3,12701.0,0.1688,LOW_TOXICITY,0.000109,1.1681,HOLD,0,0,0.5,0.048,-1,APPROVED
2026-09-02 10:32:02.850444+05:30,23888.5,23888.5,23786.67,23888.5,12701.0,0.1669,LOW_TOXICITY,0.000108,1.557,HOLD,0,0,0.5,0.048,1,APPROVED
2026-09-02 10:33:02.103871+05:30,23886.65,23886.65,23786.07,23886.65,12701.0,0.1688,LOW_TOXICITY,0.0001,1.1681,HOLD,0,0,0.5,0.047,-1,APPROVED
2026-09-02 10:33:02.119695+05:30,23887.1,23887.1,23785.77,23887.1,12701.0,0.1695,LOW_TOXICITY,0.000104,1.5471,HOLD,0,0,0.5,0.047,1,APPROVED
2026-09-02 10:33:03.636846+05:30,24000.0,24000.0,23898.94,24000.0,12701.0,0.1587,LOW_TOXICITY,0.0,1.518,HOLD,0,0,0.5,0.077,-1,APPROVED
2026-09-02 10:33:03.733696+05:30,23886.05,23886.05,23785.47,23886.05,12701.0,0.1669,LOW_TOXICITY,0.0001,1.5576,HOLD,0,0,0.5,0.047,1,APPROVED
2026-09-02 10:33:06.177283+05:30,23886.65,23886.65,23786.07,23886.65,12701.0,0.1669,LOW_TOXICITY,0.000103,1.4469,HOLD,0,0,0.5,0.047,1,APPROVED
2026-09-02 10:33:07.166096+05:30,23886.5,23886.5,23785.62,23886.5,12701.0,0.1676,LOW_TOXICITY,9.9e-05,1.4354,HOLD,0,0,0.5,0.047,1,APPROVED
2026-09-02 10:34:00.064130+05:30,23885.2,23922.06,23885.2,23885.2,12701.0,0.1587,LOW_TOXICITY,-0.00032,1.5186,SELL,1,1,0.7739,0.041,-1,VETO
2026-09-02 10:34:01.956494+05:30,23885.1,23885.1,23784.53,23885.1,12701.0,0.1688,LOW_TOXICITY,8.9e-05,1.6877,HOLD,0,0,0.5,0.047,-1,APPROVED
2026-09-02 10:34:03.013911+05:30,23883.05,23883.05,23782.49,23883.05,12701.0,0.1669,LOW_TOXICITY,8.3e-05,1.4473,HOLD,0,0,0.5,0.046,1,APPROVED
2026-09-02 10:34:03.986108+05:30,23883.65,23883.65,23783.08,23883.65,12701.0,0.1676,LOW_TOXICITY,9.1e-05,1.436,HOLD,0,0,0.5,0.046,1,APPROVED
2026-09-02 10:34:03.216487+05:30,23883.7,23883.7,23783.13,23883.7,12701.0,0.1704,LOW_TOXICITY,9.5e-05,1.5473,HOLD,0,0,0.5,0.046,1,APPROVED
2026-09-02 10:34:04.810139+05:30,23883.1,23883.1,23782.54,23883.1,12701.0,0.1669,LOW_TOXICITY,8.3e-05,1.5581,HOLD,0,0,0.5,0.046,1,APPROVED
2026-09-02 10:34:23.483945+05:30,23882.5,23882.5,23781.94,23882.5,12701.0,0.1759,LOW_TOXICITY,-0.007597,9.1821,SELL,-1,-1,0.5,0.02,1,VETO
2026-09-02 10:35:00.740113+05:30,23880.7,23880.7,23780.15,23880.7,12701.0,0.1676,LOW_TOXICITY,6.3e-05,1.3178,HOLD,0,0,0.5,0.045,1,APPROVED
2026-09-02 10:35:01.510163+05:30,23882.45,23882.45,23781.89,23882.45,12701.0,0.1683,LOW_TOXICITY,6.9e-05,1.6884,HOLD,0,0,0.5,0.046,-1,APPROVED
2026-09-02 10:35:01.604562+05:30,23881.55,23922.06,23881.55,23881.55,12701.0,0.1587,LOW_TOXICITY,-0.00033,1.5193,SELL,1,1,0.8039,0.04,-1,VETO
2026-09-02 10:35:04.385943+05:30,23882.5,23882.5,23781.94,23882.5,12701.0,0.1759,LOW_TOXICITY,-0.007589,8.6985,SELL,-1,-1,0.5,0.02,1,VETO
2026-09-02 10:35:04.354405+05:30,23880.3,23880.3,23779.4,23880.3,12701.0,0.1704,LOW_TOXICITY,6e-05,1.5475,HOLD,0,0,0.5,0.045,1,APPROVED
2026-09-02 10:35:07.806593+05:30,23880.25,23880.25,23779.7,23880.25,12701.0,0.1669,LOW_TOXICITY,6.1e-05,1.4477,HOLD,0,0,0.5,0.045,1,APPROVED
2026-09-02 10:36:01.106355+05:30,23877.1,23877.1,23776.56,23877.1,12701.0,0.1759,LOW_TOXICITY,-0.007564,8.2405,SELL,-1,-1,0.5,0.018,1,VETO
2026-09-02 10:36:02.236822+05:30,23876.95,23876.95,23775.62,23876.95,12701.0,0.1683,LOW_TOXICITY,4.7e-05,1.6892,HOLD,0,0,0.5,0.044,-1,APPROVED
2026-09-02 10:36:03.106380+05:30,24000.0,24000.0,23898.94,24000.0,12701.0,0.1587,LOW_TOXICITY,0.0,1.52,HOLD,0,0,0.5,0.077,-1,APPROVED
2026-09-02 10:36:04.566195+05:30,23875.8,23875.8,23775.27,23875.8,12701.0,0.1669,LOW_TOXICITY,4.5e-05,1.4481,HOLD,0,0,0.5,0.044,1,APPROVED
2026-09-02 10:36:05.662438+05:30,23880.7,23880.7,23780.15,23880.7,12701.0,0.166,LOW_TOXICITY,5.9e-05,1.3178,HOLD,0,0,0.5,0.045,1,APPROVED
2026-09-02 10:36:05.615111+05:30,23876.6,23876.6,23776.06,23876.6,12701.0,0.1704,LOW_TOXICITY,3.4e-05,1.5477,HOLD,0,0,0.5,0.044,1,APPROVED
2026-09-02 10:37:00.420458+05:30,23874.0,23874.0,23773.47,23874.0,12701.0,0.1683,LOW_TOXICITY,0.0,1.6899,HOLD,0,0,0.5,0.043,-1,APPROVED
2026-09-02 10:37:01.523030+05:30,23874.15,23874.15,23773.62,23874.15,12701.0,0.1669,LOW_TOXICITY,-1e-06,1.4486,HOLD,0,0,0.5,0.043,1,APPROVED
2026-09-02 10:37:00.494762+05:30,23875.85,23875.85,23775.32,23875.85,12701.0,0.1704,LOW_TOXICITY,6e-06,1.5479,HOLD,0,0,0.5,0.044,1,APPROVED
2026-09-02 10:37:02.510878+05:30,23875.25,23875.25,23774.72,23875.25,12701.0,0.166,LOW_TOXICITY,1.2e-05,1.3178,HOLD,0,0,0.5,0.043,1,APPROVED
2026-09-02 10:37:04.830153+05:30,24000.0,24000.0,23774.42,24000.0,12701.0,0.1524,LOW_TOXICITY,0.000346,1.164,BUY,1,1,0.6267,0.077,-1,APPROVED
2026-09-02 10:37:06.022525+05:30,23877.1,23877.1,23776.56,23877.1,12701.0,0.1759,LOW_TOXICITY,-0.007551,7.8066,SELL,-1,-1,0.5,0.018,1,VETO
2026-09-02 10:38:00.468243+05:30,23875.45,23875.45,23774.87,23875.45,12701.0,0.1683,LOW_TOXICITY,-1e-06,1.6907,HOLD,0,0,0.5,0.044,-1,APPROVED
2026-09-02 10:38:01.968975+05:30,24000.0,24000.0,23898.94,24000.0,12701.0,0.1524,LOW_TOXICITY,0.000346,1.1639,BUY,1,1,0.6267,0.077,-1,APPROVED
2026-09-02 10:38:01.592079+05:30,23876.5,23876.5,23775.96,23876.5,12701.0,0.1704,LOW_TOXICITY,4e-06,1.548,HOLD,0,0,0.5,0.044,1,APPROVED
2026-09-02 10:38:02.791631+05:30,23875.65,23875.65,23775.12,23875.65,12701.0,0.1759,LOW_TOXICITY,-0.007527,7.3956,SELL,-1,-1,0.5,0.017,1,VETO
2026-09-02 10:38:06.247528+05:30,23874.4,23874.4,23773.87,23874.4,12701.0,0.1669,LOW_TOXICITY,0.0,1.449,HOLD,0,0,0.5,0.043,1,APPROVED
2026-09-02 10:38:07.447077+05:30,23874.95,23874.95,23774.42,23874.95,12701.0,0.166,LOW_TOXICITY,-2e-06,1.3178,HOLD,0,0,0.5,0.043,1,APPROVED
2026-09-02 10:39:00.755677+05:30,23870.2,23870.2,23769.64,23870.2,12701.0,0.1683,LOW_TOXICITY,-6e-06,1.6914,HOLD,0,0,0.5,0.042,-1,APPROVED
2026-09-02 10:39:03.034493+05:30,23869.2,23869.2,23768.69,23869.2,12701.0,0.1669,LOW_TOXICITY,-5e-06,1.4494,HOLD,0,0,0.5,0.042,1,APPROVED
2026-09-02 10:39:02.728969+05:30,23871.65,23871.65,23771.13,23871.65,12701.0,0.1704,LOW_TOXICITY,2e-06,1.5482,HOLD,0,0,0.5,0.042,1,APPROVED
2026-09-02 10:39:04.301716+05:30,23868.15,23868.15,23767.65,23868.15,12701.0,0.166,LOW_TOXICITY,-2.1e-05,1.3178,HOLD,0,0,0.5,0.041,-1,APPROVED
2026-09-02 10:39:04.092594+05:30,24000.0,24000.0,23768.0,24000.0,12701.0,0.1524,LOW_TOXICITY,0.0,1.1639,HOLD,0,0,0.5,0.077,-1,APPROVED
2026-09-02 10:39:07.564774+05:30,23868.6,23868.6,23768.1,23868.6,12701.0,0.1759,LOW_TOXICITY,-0.00742,1.1962,SELL,-1,-1,0.5,0.015,1,VETO
2026-09-02 10:40:01.258115+05:30,23868.15,23868.15,23767.65,23868.15,12701.0,0.166,LOW_TOXICITY,-2.1e-05,1.3177,HOLD,0,0,0.5,0.041,-1,APPROVED
2026-09-02 10:40:00.749566+05:30,24000.0,24000.0,23898.94,24000.0,12701.0,0.1524,LOW_TOXICITY,0.000348,1.1638,BUY,1,1,0.6267,0.077,-1,APPROVED
2026-09-01 05:55:01.537682+05:30,23848.12,23936.54,23758.06,23898.0,13569.0,0.2031,LOW_TOXICITY,-0.0006,0.5145,SELL,-1,-1,0.9924,0.294,-1,APPROVED
2026-09-02 10:40:01.613884+05:30,23862.8,23862.8,23762.47,23862.8,12701.0,0.1683,LOW_TOXICITY,-3.7e-05,1.6922,HOLD,0,0,0.5,0.04,-1,APPROVED
2026-09-01 05:56:01.537682+05:30,23922.4,23942.04,23894.58,23903.82,15148.0,0.2031,LOW_TOXICITY,-0.000462,0.2973,SELL,1,1,0.9858,0.305,-1,VETO
2026-09-01 05:57:01.537682+05:30,23954.14,23967.5,23924.99,23952.45,17163.0,0.2031,LOW_TOXICITY,-0.000275,0.4107,SELL,1,1,0.9952,0.395,-1,VETO
2026-09-01 05:58:01.537682+05:30,24001.34,24008.93,23975.73,23984.07,10568.0,0.2031,LOW_TOXICITY,-0.000136,0.3487,HOLD,0,0,0.5,0.453,-1,APPROVED
2026-09-01 05:59:01.537682+05:30,24008.75,24038.54,23978.6,23990.61,9675.0,0.2031,LOW_TOXICITY,-4.9e-05,0.2978,HOLD,0,0,0.5,0.465,-1,APPROVED
2026-09-02 10:40:04.419514+05:30,23868.6,23868.6,23768.1,23868.6,12701.0,0.1759,LOW_TOXICITY,-0.007365,1.1966,SELL,-1,-1,0.5,0.015,1,VETO
2026-09-01 06:00:01.537682+05:30,23958.33,23983.9,23938.99,23978.8,7929.0,0.2031,LOW_TOXICITY,-0.000141,0.3031,HOLD,0,0,0.5,0.443,-1,APPROVED
2026-09-01 06:01:01.537682+05:30,23993.67,24002.88,23977.07,23999.79,4260.0,0.2031,LOW_TOXICITY,-7.3e-05,0.3199,HOLD,0,0,0.5,0.482,-1,APPROVED
2026-09-02 10:40:04.194125+05:30,23862.6,23862.6,23762.52,23862.6,12701.0,0.1704,LOW_TOXICITY,-3.7e-05,1.5484,HOLD,0,0,0.5,0.039,1,APPROVED
2026-09-01 06:02:01.537682+05:30,23989.87,24026.36,23963.78,23971.68,15298.0,0.2031,LOW_TOXICITY,-0.000133,0.3377,HOLD,0,0,0.5,0.43,-1,APPROVED
2026-09-01 06:03:01.537682+05:30,23983.36,23991.86,23972.6,23987.84,10192.0,0.2031,LOW_TOXICITY,4.4e-05,0.3101,HOLD,0,0,0.5,0.46,-1,APPROVED
2026-09-01 06:04:01.537682+05:30,23991.71,24012.35,23987.44,24003.12,14828.0,0.2031,LOW_TOXICITY,3.9e-05,0.3086,HOLD,0,0,0.5,0.488,-1,APPROVED
2026-09-01 06:05:01.537682+05:30,24043.43,24054.2,24019.86,24035.93,16785.0,0.2031,LOW_TOXICITY,0.000217,0.3434,BUY,1,1,0.9952,0.549,-1,APPROVED
2026-09-02 10:40:07.854700+05:30,23863.45,23863.45,23762.97,23863.45,12701.0,0.1669,LOW_TOXICITY,-2.1e-05,1.4498,HOLD,0,0,0.5,0.04,1,APPROVED
2026-09-01 06:06:01.537682+05:30,24076.27,24150.02,24051.32,24111.71,9856.0,0.2031,LOW_TOXICITY,0.000418,0.5047,BUY,1,1,0.9952,0.689,-1,APPROVED
2026-09-01 06:07:01.537682+05:30,24128.53,24146.5,24099.79,24124.47,17497.0,0.2031,LOW_TOXICITY,0.000431,0.3334,BUY,1,1,0.9952,0.712,-1,APPROVED
2026-09-01 06:08:01.537682+05:30,24113.19,24133.49,24088.91,24109.0,12952.0,0.2031,LOW_TOXICITY,0.000305,0.312,BUY,-1,-1,0.9951,0.684,-1,VETO
2026-09-01 06:09:01.537682+05:30,24115.59,24128.78,24106.8,24109.43,17524.0,0.2031,LOW_TOXICITY,0.000387,0.2969,BUY,1,1,0.9852,0.685,-1,APPROVED
2026-09-01 06:10:01.537682+05:30,24057.26,24099.82,24016.35,24052.47,8801.0,0.2031,LOW_TOXICITY,0.00043,0.4286,BUY,-1,-1,0.9377,0.579,-1,VETO
2026-09-01 06:11:01.537682+05:30,24059.9,24087.25,24025.6,24030.18,15936.0,0.2009,LOW_TOXICITY,0.000351,0.3374,BUY,-1,-1,0.9725,0.538,-1,VETO
2026-09-01 06:12:01.537682+05:30,24022.27,24061.22,24008.66,24016.68,27243.0,0.2009,LOW_TOXICITY,0.000179,0.3098,BUY,-1,-1,0.9393,0.513,-1,VETO
2026-09-01 06:13:01.537682+05:30,23999.86,24021.21,23967.71,23996.39,8876.0,0.2009,LOW_TOXICITY,3.4e-05,0.3176,HOLD,0,0,0.5,0.476,-1,APPROVED
2026-09-01 06:14:01.537682+05:30,24007.75,24029.52,23995.63,24003.64,14274.0,0.2009,LOW_TOXICITY,3.6e-05,0.2997,HOLD,0,0,0.5,0.489,-1,APPROVED
2026-09-01 06:15:01.537682+05:30,23940.92,23987.88,23924.95,23974.46,15873.0,0.2009,LOW_TOXICITY,-1.2e-05,0.3438,HOLD,0,0,0.5,0.435,-1,APPROVED
2026-09-01 06:16:01.537682+05:30,24020.41,24034.76,23993.05,24013.75,25989.0,0.2009,LOW_TOXICITY,3.9e-05,0.3729,HOLD,0,0,0.5,0.508,-1,APPROVED
2026-09-01 06:17:01.537682+05:30,24017.03,24021.18,24007.17,24014.95,6796.0,0.2009,LOW_TOXICITY,0.00012,0.3064,HOLD,0,0,0.5,0.51,-1,APPROVED
2026-09-01 06:18:01.537682+05:30,24016.0,24020.97,24003.26,24015.87,5082.0,0.2009,LOW_TOXICITY,7.8e-05,0.3057,HOLD,0,0,0.5,0.512,-1,APPROVED
2026-09-01 06:19:01.537682+05:30,24005.84,24024.0,23986.54,24006.6,17318.0,0.2009,LOW_TOXICITY,1e-05,0.3096,HOLD,0,0,0.5,0.495,-1,APPROVED
2026-09-01 06:20:01.537682+05:30,24021.46,24047.05,24001.55,24012.86,24047.0,0.2009,LOW_TOXICITY,-6.4e-05,0.3076,HOLD,0,0,0.5,0.506,-1,APPROVED
2026-09-01 06:21:01.537682+05:30,24031.0,24051.18,24006.71,24042.75,7957.0,0.2009,LOW_TOXICITY,-0.000191,0.3459,SELL,1,1,0.9924,0.562,-1,VETO
2026-09-01 06:22:01.537682+05:30,24015.56,24050.44,23971.64,24014.02,25652.0,0.2009,LOW_TOXICITY,-0.000306,0.3429,SELL,-1,-1,0.9768,0.508,-1,APPROVED
2026-09-01 06:23:01.537682+05:30,24008.14,24032.32,23970.65,23989.96,10498.0,0.2009,LOW_TOXICITY,-0.00033,0.3323,SELL,-1,-1,0.9768,0.464,-1,APPROVED
2026-09-01 06:24:01.537682+05:30,23985.77,24006.31,23960.47,23979.89,14393.0,0.1948,LOW_TOXICITY,-0.000359,0.3106,SELL,-1,-1,0.8851,0.445,-1,APPROVED
2026-09-01 06:25:01.537682+05:30,23940.99,23942.91,23903.16,23921.24,28652.0,0.1948,LOW_TOXICITY,-0.000365,0.4349,SELL,-1,-1,0.9618,0.337,-1,APPROVED
2026-09-01 06:26:01.537682+05:30,23884.49,23903.98,23856.16,23885.26,11407.0,0.1948,LOW_TOXICITY,-0.000403,0.3616,SELL,-1,-1,0.983,0.271,-1,APPROVED
2026-09-01 06:27:01.537682+05:30,23865.16,23883.71,23834.57,23866.43,7642.0,0.1948,LOW_TOXICITY,-0.000418,0.3243,SELL,-1,-1,0.9819,0.236,-1,APPROVED
2026-09-01 06:28:01.537682+05:30,23896.44,23910.61,23873.07,23901.13,14089.0,0.1948,LOW_TOXICITY,-0.000265,0.3598,SELL,1,1,0.9882,0.3,-1,VETO
2026-09-01 06:29:01.537682+05:30,23922.74,23949.07,23903.02,23912.63,21255.0,0.1948,LOW_TOXICITY,-0.000253,0.3154,SELL,1,1,0.9711,0.321,-1,VETO
2026-09-01 06:30:01.537682+05:30,23911.23,23921.23,23912.17,23921.2,10128.0,0.1948,LOW_TOXICITY,-0.000148,0.3128,HOLD,0,0,0.5,0.337,-1,APPROVED
2026-09-01 06:31:01.537682+05:30,23963.55,23971.51,23927.58,23956.19,9585.0,0.1948,LOW_TOXICITY,-0.00016,0.3604,SELL,1,1,0.9851,0.402,-1,VETO
2026-09-01 06:32:01.537682+05:30,23932.52,23976.43,23902.25,23951.82,8347.0,0.1948,LOW_TOXICITY,-0.000175,0.31,SELL,-1,-1,0.9436,0.394,-1,APPROVED
2026-09-01 06:33:01.537682+05:30,23968.27,23999.45,23932.36,23968.55,12423.0,0.1948,LOW_TOXICITY,-0.000131,0.3219,HOLD,0,0,0.5,0.425,-1,APPROVED
2026-09-01 06:34:01.537682+05:30,23963.91,23974.62,23950.17,23965.95,18663.0,0.1948,LOW_TOXICITY,-0.000113,0.3095,HOLD,0,0,0.5,0.42,-1,APPROVED
2026-09-01 06:35:01.537682+05:30,23968.92,23977.24,23948.53,23975.65,10152.0,0.1948,LOW_TOXICITY,-0.000103,0.3111,HOLD,0,0,0.5,0.438,-1,APPROVED
2026-09-01 06:36:01.537682+05:30,23962.46,23980.4,23954.96,23959.02,11219.0,0.1948,LOW_TOXICITY,-0.000233,0.3189,SELL,-1,-1,0.957,0.407,-1,APPROVED
2026-09-01 06:37:01.537682+05:30,23862.9,23905.97,23853.71,23880.01,12198.0,0.1948,LOW_TOXICITY,-0.000373,0.5052,SELL,-1,-1,0.9806,0.261,-1,APPROVED
2026-09-01 06:38:01.537682+05:30,23895.19,23901.28,23865.39,23876.74,24267.0,0.1916,LOW_TOXICITY,-0.000315,0.3078,SELL,-1,-1,0.9515,0.255,-1,APPROVED
2026-09-01 06:39:01.537682+05:30,23922.7,23967.02,23862.64,23919.85,14183.0,0.1916,LOW_TOXICITY,-0.000167,0.3765,SELL,1,1,0.9851,0.335,-1,VETO
2026-09-01 06:40:01.537682+05:30,23960.63,23964.03,23944.16,23948.8,18199.0,0.1916,LOW_TOXICITY,7.7e-05,0.34,HOLD,0,0,0.5,0.388,-1,APPROVED
2026-09-01 06:41:01.537682+05:30,23977.26,24006.09,23957.91,23979.98,15857.0,0.1916,LOW_TOXICITY,0.000264,0.3449,BUY,1,1,0.8801,0.446,-1,APPROVED
2026-09-01 06:42:01.537682+05:30,24024.41,24026.82,24008.75,24016.32,8543.0,0.1916,LOW_TOXICITY,0.000417,0.3574,BUY,1,1,0.9352,0.513,-1,APPROVED
2026-09-01 06:43:01.537682+05:30,24018.09,24064.53,23978.48,24020.09,16202.0,0.1916,LOW_TOXICITY,0.000331,0.3078,BUY,1,1,0.8423,0.52,-1,APPROVED
2026-09-01 06:44:01.537682+05:30,24032.23,24040.38,24024.73,24027.03,16641.0,0.1916,LOW_TOXICITY,0.000318,0.3092,BUY,1,1,0.8645,0.533,-1,APPROVED
2026-09-01 06:45:01.537682+05:30,24003.83,24017.59,23980.48,24012.31,21303.0,0.1916,LOW_TOXICITY,0.000253,0.3234,BUY,-1,-1,0.9743,0.505,-1,VETO
2026-09-01 06:46:01.537682+05:30,24013.41,24027.07,24003.18,24004.99,8204.0,0.1916,LOW_TOXICITY,0.000136,0.3177,HOLD,0,0,0.5,0.492,-1,APPROVED
2026-09-01 06:47:01.537682+05:30,24025.56,24032.07,24011.56,24023.84,8131.0,0.1916,LOW_TOXICITY,0.0002,0.3273,BUY,1,1,0.9351,0.527,-1,APPROVED
2026-09-01 06:48:01.537682+05:30,24080.87,24127.93,24029.7,24063.36,21481.0,0.1916,LOW_TOXICITY,0.000263,0.366,BUY,1,1,0.9534,0.6,-1,APPROVED
2026-09-01 06:49:01.537682+05:30,24049.48,24072.76,24040.24,24059.72,27822.0,0.1916,LOW_TOXICITY,0.00026,0.3177,BUY,-1,-1,0.9443,0.593,-1,VETO
2026-09-01 06:50:01.537682+05:30,24038.85,24047.53,24033.58,24047.21,20540.0,0.196,LOW_TOXICITY,0.000199,0.3213,BUY,-1,-1,0.9743,0.57,-1,VETO
2026-09-01 06:51:01.537682+05:30,24045.28,24061.78,24031.31,24048.43,7436.0,0.196,LOW_TOXICITY,0.000248,0.3156,BUY,1,1,0.7778,0.572,-1,APPROVED
2026-09-01 06:52:01.537682+05:30,24086.28,24108.8,24054.26,24067.2,15414.0,0.196,LOW_TOXICITY,0.000521,0.3271,BUY,1,1,0.9009,0.607,-1,APPROVED
2026-09-01 06:53:01.537682+05:30,24052.17,24064.42,24023.86,24024.11,13249.0,0.196,LOW_TOXICITY,0.00041,0.3767,BUY,-1,-1,0.9898,0.527,-1,VETO
2026-09-01 06:54:01.537682+05:30,23973.56,24033.97,23881.52,23951.84,12216.0,0.196,LOW_TOXICITY,8.9e-05,0.4684,HOLD,0,0,0.5,0.394,-1,APPROVED
2026-09-01 06:55:01.537682+05:30,23935.89,23954.12,23915.43,23929.45,18372.0,0.196,LOW_TOXICITY,-5.4e-05,0.335,HOLD,0,0,0.5,0.352,-1,APPROVED
2026-09-01 06:56:01.537682+05:30,23933.19,23985.55,23876.88,23877.29,12897.0,0.196,LOW_TOXICITY,-0.000286,0.417,SELL,-1,-1,0.9016,0.256,-1,APPROVED
2026-09-01 06:57:01.537682+05:30,23872.45,23884.53,23845.39,23855.03,12551.0,0.196,LOW_TOXICITY,-0.000449,0.3349,SELL,-1,-1,0.901,0.215,-1,APPROVED
2026-09-01 06:58:01.537682+05:30,23848.66,23870.55,23811.78,23849.13,7834.0,0.196,LOW_TOXICITY,-0.000476,0.3151,SELL,-1,-1,0.6,0.204,-1,APPROVED
2026-09-01 06:59:01.537682+05:30,23829.94,23833.99,23820.3,23828.19,19657.0,0.196,LOW_TOXICITY,-0.000554,0.3326,SELL,-1,-1,0.901,0.165,-1,APPROVED
2026-09-01 07:00:01.537682+05:30,23889.67,23953.37,23893.1,23897.61,31470.0,0.196,LOW_TOXICITY,-0.000319,0.4815,SELL,1,1,0.9451,0.294,-1,VETO
2026-09-01 07:01:01.537682+05:30,23918.04,23926.3,23913.32,23914.6,24537.0,0.196,LOW_TOXICITY,-0.000252,0.3259,SELL,1,1,0.8356,0.325,-1,VETO
2026-09-01 07:02:01.537682+05:30,23960.98,23994.19,23928.98,23929.36,10977.0,0.196,LOW_TOXICITY,-0.000263,0.3229,SELL,1,1,0.8356,0.352,-1,VETO
2026-09-01 07:03:01.537682+05:30,23974.32,24004.49,23933.71,23957.74,16911.0,0.1884,LOW_TOXICITY,-0.000293,0.347,SELL,1,1,0.8749,0.405,-1,VETO
2026-09-01 07:04:01.537682+05:30,23916.65,23967.15,23882.28,23911.64,25336.0,0.1884,LOW_TOXICITY,-0.000412,0.3965,SELL,-1,-1,0.939,0.319,-1,APPROVED
2026-09-01 07:05:01.537682+05:30,23926.44,23973.4,23890.78,23955.57,17694.0,0.1884,LOW_TOXICITY,-0.000255,0.3924,SELL,1,1,0.9787,0.401,-1,VETO
2026-09-01 07:06:01.537682+05:30,23938.35,23972.33,23937.67,23953.19,17441.0,0.1884,LOW_TOXICITY,-0.000265,0.324,SELL,-1,1,0.5933,0.396,-1,VETO
2026-09-01 07:07:01.537682+05:30,23951.62,24015.14,23926.75,23981.83,21269.0,0.1884,LOW_TOXICITY,-0.000237,0.3534,SELL,1,1,0.8749,0.449,-1,VETO
2026-09-01 07:08:01.537682+05:30,23950.28,23943.12,23928.22,23937.71,20065.0,0.1884,LOW_TOXICITY,-0.00024,0.3941,SELL,-1,-1,0.939,0.368,-1,APPROVED
2026-09-01 07:09:01.537682+05:30,23887.13,23968.27,23806.91,23881.6,6652.0,0.1884,LOW_TOXICITY,-0.000196,0.4325,SELL,-1,-1,0.9291,0.264,-1,APPROVED
2026-09-01 07:10:01.537682+05:30,23915.7,23918.06,23904.39,23911.5,14523.0,0.1884,LOW_TOXICITY,-5e-05,0.3574,HOLD,0,0,0.5,0.319,-1,APPROVED
2026-09-01 07:11:01.537682+05:30,23938.37,23941.22,23910.9,23926.98,11780.0,0.1884,LOW_TOXICITY,0.000139,0.3323,HOLD,0,0,0.5,0.348,-1,APPROVED
2026-09-01 07:12:01.537682+05:30,23898.81,23923.67,23886.51,23894.21,29949.0,0.1884,LOW_TOXICITY,0.000109,0.3642,HOLD,0,0,0.5,0.287,-1,APPROVED
2026-09-01 07:13:01.537682+05:30,23858.73,23873.48,23850.39,23865.78,20273.0,0.1884,LOW_TOXICITY,4.7e-05,0.3549,HOLD,0,0,0.5,0.235,-1,APPROVED
2026-09-01 07:14:01.537682+05:30,23908.87,23908.28,23880.04,23902.71,9380.0,0.1855,LOW_TOXICITY,0.000208,0.3731,BUY,1,1,0.9899,0.303,-1,APPROVED
2026-09-01 07:15:01.537682+05:30,23837.49,23865.32,23839.85,23864.01,18362.0,0.1855,LOW_TOXICITY,-9.4e-05,0.3841,HOLD,0,0,0.5,0.231,-1,APPROVED
2026-09-01 07:16:01.537682+05:30,23910.23,23969.42,23875.19,23916.47,20964.0,0.1855,LOW_TOXICITY,5e-06,0.4255,HOLD,0,0,0.5,0.328,-1,APPROVED
2026-09-01 07:17:01.537682+05:30,23893.94,23918.04,23866.56,23889.1,12582.0,0.1855,LOW_TOXICITY,-0.000112,0.3572,HOLD,0,0,0.5,0.278,-1,APPROVED
2026-09-01 07:18:01.537682+05:30,23896.31,23923.7,23876.92,23910.53,8311.0,0.1855,LOW_TOXICITY,-0.000131,0.3449,HOLD,0,0,0.5,0.317,-1,APPROVED
2026-09-01 07:19:01.537682+05:30,23895.05,23917.17,23883.78,23901.97,6607.0,0.1855,LOW_TOXICITY,-2.7e-05,0.3294,HOLD,0,0,0.5,0.302,-1,APPROVED
2026-09-01 07:20:01.537682+05:30,23930.72,23935.79,23922.87,23924.76,22521.0,0.1855,LOW_TOXICITY,-8.6e-05,0.3468,HOLD,0,0,0.5,0.344,-1,APPROVED
2026-09-01 07:21:01.537682+05:30,23908.38,23917.72,23901.32,23905.68,17929.0,0.1855,LOW_TOXICITY,-0.000132,0.3411,HOLD,0,0,0.5,0.308,-1,APPROVED
2026-09-01 07:22:01.537682+05:30,23912.24,23930.9,23898.94,23901.82,8198.0,0.1855,LOW_TOXICITY,-0.000223,0.3269,SELL,-1,-1,0.7762,0.301,-1,APPROVED
2026-09-01 07:23:01.537682+05:30,23916.51,23937.33,23889.08,23904.31,17923.0,0.1855,LOW_TOXICITY,-9.3e-05,0.3263,HOLD,0,0,0.5,0.306,-1,APPROVED
2026-09-01 07:24:01.537682+05:30,23855.52,23879.53,23838.05,23876.06,22813.0,0.1855,LOW_TOXICITY,-1.5e-05,0.3577,HOLD,0,0,0.5,0.254,-1,APPROVED
2026-09-01 07:25:01.537682+05:30,23897.57,23901.72,23886.4,23900.8,17245.0,0.1855,LOW_TOXICITY,-3e-05,0.3496,HOLD,0,0,0.5,0.299,-1,APPROVED
2026-09-01 07:26:01.537682+05:30,23889.86,23895.08,23885.07,23886.92,45379.0,0.1757,LOW_TOXICITY,-0.000112,0.3325,HOLD,0,0,0.5,0.274,-1,APPROVED
2026-09-01 07:27:01.537682+05:30,23887.4,23908.55,23864.98,23881.49,22357.0,0.1757,LOW_TOXICITY,-3.5e-05,0.3246,HOLD,0,0,0.5,0.264,-1,APPROVED
2026-09-01 07:28:01.537682+05:30,23857.19,23866.86,23851.73,23852.46,13610.0,0.1757,LOW_TOXICITY,-3.7e-05,0.3592,HOLD,0,0,0.5,0.21,-1,APPROVED
2026-09-02 10:41:00.679831+05:30,23866.2,23866.2,23766.01,23866.2,12701.0,0.1683,LOW_TOXICITY,-2.4e-05,1.6929,HOLD,0,0,0.5,0.041,-1,APPROVED
2026-09-02 10:41:01.462855+05:30,23868.6,23868.6,23768.1,23868.6,12701.0,0.1759,LOW_TOXICITY,-0.007416,1.197,SELL,-1,-1,0.5,0.015,1,VETO
2026-09-01 07:29:01.537682+05:30,23877.49,24021.2,23753.14,23769.84,34764.0,0.1757,LOW_TOXICITY,-0.000372,0.5515,SELL,-1,-1,0.9508,0.058,-1,APPROVED
2026-09-01 07:30:01.537682+05:30,23751.84,23765.92,23738.32,23765.48,7991.0,0.1757,LOW_TOXICITY,-0.000276,0.3341,SELL,-1,-1,0.8495,0.05,-1,APPROVED
2026-09-02 10:41:03.082587+05:30,23866.85,23922.06,23866.85,23866.85,12701.0,0.1524,LOW_TOXICITY,-2.3e-05,1.1639,HOLD,0,0,0.5,0.035,-1,APPROVED
2026-09-01 07:31:01.537682+05:30,23856.3,23865.75,23815.16,23834.42,10299.0,0.1757,LOW_TOXICITY,-0.000229,0.491,SELL,1,1,0.969,0.177,-1,VETO
2026-09-01 07:32:01.537682+05:30,23845.44,23857.41,23825.45,23856.64,18124.0,0.1757,LOW_TOXICITY,-9.1e-05,0.3503,HOLD,0,0,0.5,0.218,-1,APPROVED
2026-09-01 07:33:01.537682+05:30,23865.36,23868.68,23857.31,23857.35,29842.0,0.1757,LOW_TOXICITY,-0.000148,0.3238,HOLD,0,0,0.5,0.219,-1,APPROVED
2026-09-02 10:41:04.803016+05:30,23866.4,23866.4,23765.91,23866.4,12701.0,0.1669,LOW_TOXICITY,-2.7e-05,1.3724,HOLD,0,0,0.5,0.041,1,APPROVED
2026-09-01 07:34:01.537682+05:30,23846.05,23857.1,23847.42,23850.59,8777.0,0.1757,LOW_TOXICITY,-0.000143,0.325,HOLD,0,0,0.5,0.207,-1,APPROVED
2026-09-01 07:35:01.537682+05:30,23839.52,23854.72,23827.26,23852.48,11920.0,0.1757,LOW_TOXICITY,-0.000202,0.3258,SELL,1,1,0.9612,0.21,-1,VETO
2026-09-01 07:36:01.537682+05:30,23869.0,23878.07,23856.56,23868.78,6535.0,0.1757,LOW_TOXICITY,-0.000103,0.3359,HOLD,0,0,0.5,0.24,-1,APPROVED
2026-09-02 10:41:06.146354+05:30,23867.25,23867.25,23766.75,23867.25,12701.0,0.166,LOW_TOXICITY,-2.1e-05,1.3177,HOLD,0,0,0.5,0.041,-1,APPROVED
2026-09-01 07:37:01.537682+05:30,23850.38,23876.62,23812.2,23834.23,7593.0,0.1757,LOW_TOXICITY,-0.000189,0.3735,SELL,-1,-1,0.9746,0.176,-1,APPROVED
2026-09-02 10:41:05.534008+05:30,23867.0,23867.0,23766.5,23867.0,12701.0,0.1704,LOW_TOXICITY,-2.2e-05,1.5486,HOLD,0,0,0.5,0.041,1,APPROVED
2026-09-01 07:38:01.537682+05:30,23879.6,23902.48,23849.05,23875.83,8834.0,0.1771,LOW_TOXICITY,-7.9e-05,0.3969,HOLD,0,0,0.5,0.253,-1,APPROVED
2026-09-01 07:39:01.537682+05:30,23890.14,23911.78,23872.02,23904.85,23710.0,0.1771,LOW_TOXICITY,8e-05,0.3692,HOLD,0,0,0.5,0.307,-1,APPROVED
2026-09-01 07:40:01.537682+05:30,23934.12,23950.05,23930.15,23930.52,19439.0,0.1771,LOW_TOXICITY,8.3e-05,0.3578,HOLD,0,0,0.5,0.354,-1,APPROVED
2026-09-01 07:41:01.537682+05:30,23924.12,23946.38,23892.92,23945.94,13624.0,0.1771,LOW_TOXICITY,0.000165,0.3398,BUY,1,1,0.8134,0.383,-1,APPROVED
2026-09-01 07:42:01.537682+05:30,23930.92,23975.31,23922.82,23947.84,15421.0,0.1771,LOW_TOXICITY,0.000185,0.3276,BUY,1,1,0.8596,0.386,-1,APPROVED
2026-09-01 07:43:01.537682+05:30,23950.03,23978.26,23932.97,23971.6,55604.0,0.1771,LOW_TOXICITY,0.000332,0.3477,BUY,1,1,0.8293,0.43,-1,APPROVED
2026-09-01 07:44:01.537682+05:30,23984.7,24000.26,23976.58,23993.28,4910.0,0.1771,LOW_TOXICITY,0.000624,0.3471,BUY,1,1,0.8377,0.47,-1,APPROVED
2026-09-01 07:45:01.537682+05:30,23978.16,23985.43,23975.47,23981.54,12924.0,0.1771,LOW_TOXICITY,0.000603,0.3316,BUY,-1,-1,0.7984,0.449,-1,VETO
2026-09-01 07:46:01.537682+05:30,23957.62,23969.58,23960.11,23963.54,17676.0,0.1771,LOW_TOXICITY,0.00036,0.3385,BUY,-1,-1,0.88,0.415,-1,VETO
2026-09-01 07:47:01.537682+05:30,23971.17,24012.64,23921.26,23968.1,17379.0,0.1771,LOW_TOXICITY,0.000311,0.3252,BUY,1,1,0.8091,0.424,-1,APPROVED
2026-09-01 07:48:01.537682+05:30,23975.42,24007.82,23955.7,24005.76,12635.0,0.1857,LOW_TOXICITY,0.000413,0.3782,BUY,1,1,0.7082,0.493,-1,APPROVED
2026-09-01 07:49:01.537682+05:30,23995.0,24018.57,23963.77,23981.12,28674.0,0.1857,LOW_TOXICITY,0.000364,0.3574,BUY,-1,-1,0.504,0.448,-1,VETO
2026-09-01 07:50:01.537682+05:30,23934.4,23963.78,23931.39,23952.23,19698.0,0.1857,LOW_TOXICITY,0.000278,0.3635,BUY,-1,-1,0.6565,0.394,-1,VETO
2026-09-01 07:51:01.537682+05:30,23960.53,23974.65,23949.25,23956.28,26072.0,0.1857,LOW_TOXICITY,0.000244,0.329,BUY,1,1,0.6162,0.402,-1,APPROVED
2026-09-01 07:52:01.537682+05:30,23959.85,23978.6,23944.28,23958.62,12404.0,0.1857,LOW_TOXICITY,0.000347,0.3232,BUY,1,1,0.528,0.406,-1,APPROVED
2026-09-01 07:53:01.537682+05:30,23955.44,23967.28,23943.76,23963.08,13068.0,0.1857,LOW_TOXICITY,0.000243,0.3229,BUY,1,1,0.6162,0.414,-1,APPROVED
2026-09-01 07:54:01.537682+05:30,23975.02,23974.19,23966.74,23968.67,21447.0,0.1857,LOW_TOXICITY,0.000178,0.3233,BUY,1,1,0.6162,0.425,-1,APPROVED
2026-09-01 07:55:01.537682+05:30,23960.95,23989.65,23945.8,23965.65,18038.0,0.1857,LOW_TOXICITY,9.8e-05,0.3164,HOLD,0,0,0.5,0.419,-1,APPROVED
2026-09-01 07:56:01.537682+05:30,23980.43,24023.45,23935.81,24001.99,11371.0,0.1857,LOW_TOXICITY,0.000156,0.3725,BUY,1,-1,0.5231,0.486,-1,APPROVED
2026-09-01 07:57:01.537682+05:30,23958.33,23993.57,23932.54,23971.62,9492.0,0.1857,LOW_TOXICITY,6.6e-05,0.3674,HOLD,0,0,0.5,0.43,-1,APPROVED
2026-09-01 07:58:01.537682+05:30,23945.58,23955.08,23937.69,23953.35,24850.0,0.1857,LOW_TOXICITY,-5.1e-05,0.3406,HOLD,0,0,0.5,0.396,-1,APPROVED
2026-09-01 07:59:01.537682+05:30,23930.25,23964.23,23902.33,23952.09,10114.0,0.1857,LOW_TOXICITY,-0.000115,0.3197,HOLD,0,0,0.5,0.394,-1,APPROVED
2026-09-01 08:00:01.537682+05:30,23904.49,23933.86,23834.22,23918.47,18646.0,0.185,LOW_TOXICITY,-0.000176,0.3688,SELL,-1,-1,0.8148,0.332,-1,APPROVED
2026-09-01 08:01:01.537682+05:30,23917.23,23919.04,23888.65,23915.64,20770.0,0.185,LOW_TOXICITY,-0.000133,0.3249,HOLD,0,0,0.5,0.327,-1,APPROVED
2026-09-01 08:02:01.537682+05:30,23970.82,23993.15,23951.24,23956.31,11426.0,0.185,LOW_TOXICITY,-3.3e-05,0.3871,HOLD,0,0,0.5,0.402,-1,APPROVED
2026-09-01 08:03:01.537682+05:30,23951.85,23976.85,23942.28,23957.98,12907.0,0.185,LOW_TOXICITY,-0.000133,0.3277,HOLD,0,0,0.5,0.405,-1,APPROVED
2026-09-01 08:04:01.537682+05:30,23981.3,24002.93,23960.08,23964.44,14572.0,0.185,LOW_TOXICITY,-4.6e-05,0.3191,HOLD,0,0,0.5,0.417,-1,APPROVED
2026-09-01 08:05:01.537682+05:30,23914.18,23951.12,23860.02,23937.91,7568.0,0.185,LOW_TOXICITY,-4e-05,0.349,HOLD,0,0,0.5,0.368,-1,APPROVED
2026-09-01 08:06:01.537682+05:30,23915.06,23930.46,23911.25,23925.14,7018.0,0.185,LOW_TOXICITY,-8.7e-05,0.3314,HOLD,0,0,0.5,0.344,-1,APPROVED
2026-09-01 08:07:01.537682+05:30,23919.7,23926.89,23901.45,23917.01,22331.0,0.185,LOW_TOXICITY,-0.000116,0.3244,HOLD,0,0,0.5,0.329,-1,APPROVED
2026-09-01 08:08:01.537682+05:30,23917.48,23940.2,23889.34,23908.81,18643.0,0.185,LOW_TOXICITY,-0.000151,0.3233,SELL,-1,-1,0.6728,0.314,-1,APPROVED
2026-09-01 08:09:01.537682+05:30,23951.69,23958.96,23917.89,23943.33,16049.0,0.185,LOW_TOXICITY,-7.1e-05,0.3652,HOLD,0,0,0.5,0.378,-1,APPROVED
2026-09-01 08:10:01.537682+05:30,23953.45,23977.07,23943.76,23962.54,10452.0,0.185,LOW_TOXICITY,-9e-06,0.341,HOLD,0,0,0.5,0.413,-1,APPROVED
2026-09-01 08:11:01.537682+05:30,23921.54,23937.62,23905.59,23934.28,6082.0,0.185,LOW_TOXICITY,-0.000188,0.3554,SELL,-1,-1,0.8599,0.361,-1,APPROVED
2026-09-01 08:12:01.537682+05:30,23950.51,23967.52,23926.6,23941.93,11158.0,0.185,LOW_TOXICITY,-8.3e-05,0.3274,HOLD,0,0,0.5,0.375,-1,APPROVED
2026-09-01 08:13:01.537682+05:30,23954.83,23980.33,23933.6,23957.07,19023.0,0.185,LOW_TOXICITY,1e-05,0.3294,HOLD,0,0,0.5,0.403,-1,APPROVED
2026-09-01 08:14:01.537682+05:30,23988.83,24021.37,23975.05,23991.19,16361.0,0.1799,LOW_TOXICITY,0.000109,0.3649,HOLD,0,0,0.5,0.466,-1,APPROVED
2026-09-01 08:15:01.537682+05:30,24055.55,24069.78,24013.53,24035.26,22056.0,0.1799,LOW_TOXICITY,0.000325,0.3948,BUY,1,1,0.9164,0.548,-1,APPROVED
2026-09-01 08:16:01.537682+05:30,23997.06,24013.32,23978.21,24009.44,23949.0,0.1799,LOW_TOXICITY,0.000261,0.3584,BUY,-1,-1,0.9468,0.5,-1,VETO
2026-09-01 08:17:01.537682+05:30,23986.38,23998.72,23959.27,23990.14,31930.0,0.1799,LOW_TOXICITY,9.4e-05,0.3407,HOLD,0,0,0.5,0.464,-1,APPROVED
2026-09-01 08:18:01.537682+05:30,23967.29,23969.82,23945.45,23961.49,17707.0,0.1799,LOW_TOXICITY,1e-05,0.3558,HOLD,0,0,0.5,0.411,-1,APPROVED
2026-09-01 08:19:01.537682+05:30,23958.47,23967.96,23946.26,23956.51,7080.0,0.1799,LOW_TOXICITY,-2.2e-05,0.3253,HOLD,0,0,0.5,0.402,-1,APPROVED
2026-09-01 08:20:01.537682+05:30,23947.15,23973.83,23945.51,23970.56,29618.0,0.1799,LOW_TOXICITY,9.1e-05,0.3264,HOLD,0,0,0.5,0.428,-1,APPROVED
2026-09-01 08:21:01.537682+05:30,24008.89,24025.45,23985.47,23997.08,14121.0,0.1799,LOW_TOXICITY,0.0002,0.346,BUY,1,1,0.7842,0.477,-1,APPROVED
2026-09-01 08:22:01.537682+05:30,23990.95,24024.23,23973.67,23996.13,17955.0,0.1799,LOW_TOXICITY,0.00022,0.3225,BUY,-1,1,0.5847,0.475,-1,VETO
2026-09-01 08:23:01.537682+05:30,23985.19,23992.65,23986.06,23987.95,32564.0,0.1734,LOW_TOXICITY,0.00022,0.3219,BUY,-1,-1,0.5291,0.46,-1,VETO
2026-09-01 08:24:01.537682+05:30,23989.76,24017.71,23977.05,23993.95,11154.0,0.1734,LOW_TOXICITY,0.000141,0.3196,HOLD,0,0,0.5,0.471,-1,APPROVED
2026-09-01 08:25:01.537682+05:30,23977.75,23978.36,23961.27,23967.36,20930.0,0.1734,LOW_TOXICITY,1.3e-05,0.345,HOLD,0,0,0.5,0.422,-1,APPROVED
2026-09-01 08:26:01.537682+05:30,24031.08,24093.0,24012.36,24032.69,13763.0,0.1734,LOW_TOXICITY,0.000274,0.4652,BUY,1,1,0.7441,0.543,-1,APPROVED
2026-09-01 08:27:01.537682+05:30,24014.5,24033.09,23985.05,23987.27,12469.0,0.1734,LOW_TOXICITY,0.000126,0.4181,HOLD,0,0,0.5,0.459,-1,APPROVED
2026-09-01 08:28:01.537682+05:30,24006.34,24017.75,23991.4,23994.22,9765.0,0.1734,LOW_TOXICITY,0.000103,0.3345,HOLD,0,0,0.5,0.472,-1,APPROVED
2026-09-01 08:29:01.537682+05:30,24057.18,24076.96,24001.43,24061.81,13153.0,0.1734,LOW_TOXICITY,0.000196,0.4724,BUY,1,1,0.7936,0.597,-1,APPROVED
2026-09-01 08:30:01.537682+05:30,24061.91,24096.43,24028.31,24063.24,8093.0,0.1734,LOW_TOXICITY,7.8e-05,0.3441,HOLD,0,0,0.5,0.599,-1,APPROVED
2026-09-01 08:31:01.537682+05:30,24057.38,24105.88,24024.58,24058.22,26893.0,0.1734,LOW_TOXICITY,0.000135,0.3204,HOLD,0,0,0.5,0.59,-1,APPROVED
2026-09-01 08:32:01.537682+05:30,24030.66,24049.12,24037.57,24046.47,7519.0,0.1734,LOW_TOXICITY,0.000156,0.3216,BUY,-1,-1,0.9109,0.568,-1,VETO
2026-09-01 08:33:01.537682+05:30,24047.53,24061.78,24034.96,24041.51,17902.0,0.1734,LOW_TOXICITY,0.000222,0.3167,BUY,-1,-1,0.8685,0.559,-1,VETO
2026-09-01 08:34:01.537682+05:30,24125.79,24168.97,24080.96,24091.44,16236.0,0.1734,LOW_TOXICITY,0.000374,0.4064,BUY,1,1,0.9183,0.651,-1,APPROVED
2026-09-01 08:35:01.537682+05:30,24038.87,24187.15,23866.19,24016.21,14587.0,0.1734,LOW_TOXICITY,0.000127,0.5419,HOLD,0,0,0.5,0.513,-1,APPROVED
2026-09-01 08:36:01.537682+05:30,24066.09,24097.4,24036.01,24068.97,21159.0,0.1689,LOW_TOXICITY,0.000199,0.4648,BUY,1,1,0.957,0.61,-1,APPROVED
2026-09-01 08:37:01.537682+05:30,24063.57,24168.56,23979.07,24018.12,11952.0,0.1689,LOW_TOXICITY,6.1e-05,0.4505,HOLD,0,0,0.5,0.516,-1,APPROVED
2026-09-01 08:38:01.537682+05:30,23991.83,24019.41,23968.02,24009.05,19636.0,0.1689,LOW_TOXICITY,5.9e-05,0.3475,HOLD,0,0,0.5,0.499,-1,APPROVED
2026-09-01 08:39:01.537682+05:30,23998.3,24022.04,23968.98,23992.93,9565.0,0.1689,LOW_TOXICITY,-3e-06,0.3371,HOLD,0,0,0.5,0.47,-1,APPROVED
2026-09-01 08:40:01.537682+05:30,24005.84,24023.37,23978.95,24019.76,14168.0,0.1689,LOW_TOXICITY,0.000146,0.3529,HOLD,0,0,0.5,0.519,-1,APPROVED
2026-09-01 08:41:01.537682+05:30,23949.48,23967.74,23947.61,23952.51,5318.0,0.1689,LOW_TOXICITY,-0.000223,0.5003,SELL,-1,-1,0.6034,0.395,-1,APPROVED
2026-09-01 08:42:01.537682+05:30,23997.9,24020.73,23970.52,23974.07,13562.0,0.1689,LOW_TOXICITY,-3.7e-05,0.3724,HOLD,0,0,0.5,0.435,-1,APPROVED
2026-09-01 08:43:01.537682+05:30,24050.88,24122.25,24045.85,24061.27,49284.0,0.1689,LOW_TOXICITY,0.000186,0.5832,BUY,1,1,0.6096,0.596,-1,APPROVED
2026-09-01 08:44:01.537682+05:30,24003.7,24071.19,23948.17,24004.18,28461.0,0.1689,LOW_TOXICITY,-0.00016,0.4941,SELL,-1,-1,0.5593,0.49,-1,APPROVED
2026-09-01 08:45:01.537682+05:30,24006.49,24013.61,23985.04,24013.28,19619.0,0.1689,LOW_TOXICITY,-0.000139,0.3803,HOLD,0,0,0.5,0.507,-1,APPROVED
2026-09-01 08:46:01.537682+05:30,23999.84,24000.55,23969.36,23987.16,42005.0,0.1635,LOW_TOXICITY,-0.000197,0.3687,SELL,-1,-1,0.8272,0.459,-1,APPROVED
2026-09-01 08:47:01.537682+05:30,23997.88,24022.09,23969.3,24006.4,17834.0,0.1635,LOW_TOXICITY,-0.000111,0.3478,HOLD,0,0,0.5,0.494,-1,APPROVED
2026-09-01 08:48:01.537682+05:30,24021.1,24047.02,24004.46,24008.35,20294.0,0.1635,LOW_TOXICITY,-9.2e-05,0.3255,HOLD,0,0,0.5,0.498,-1,APPROVED
2026-09-01 08:49:01.537682+05:30,23967.5,24008.9,23926.38,23980.8,24754.0,0.1635,LOW_TOXICITY,-0.000307,0.3606,SELL,-1,-1,0.8031,0.447,-1,APPROVED
2026-09-01 08:50:01.537682+05:30,23997.87,24006.33,23985.4,24002.06,16551.0,0.1635,LOW_TOXICITY,-3.9e-05,0.3498,HOLD,0,0,0.5,0.486,-1,APPROVED
2026-09-01 08:51:01.537682+05:30,24021.41,24087.71,23991.41,24070.15,21745.0,0.1635,LOW_TOXICITY,3e-06,0.5109,HOLD,0,0,0.5,0.612,-1,APPROVED
2026-09-01 08:52:01.537682+05:30,24059.93,24064.15,24060.54,24063.71,11623.0,0.1635,LOW_TOXICITY,0.000126,0.3728,HOLD,0,0,0.5,0.6,-1,APPROVED
2026-09-01 08:53:01.537682+05:30,24095.61,24126.08,24085.05,24095.0,20636.0,0.1635,LOW_TOXICITY,0.000238,0.3763,BUY,1,1,0.9073,0.658,-1,APPROVED
2026-09-01 08:54:01.537682+05:30,24065.87,24051.24,24039.05,24040.67,14716.0,0.1635,LOW_TOXICITY,0.000133,0.4625,HOLD,0,0,0.5,0.558,-1,APPROVED
2026-09-01 08:55:01.537682+05:30,23980.41,24011.06,23954.02,23999.82,19661.0,0.1635,LOW_TOXICITY,-5.5e-05,0.4322,HOLD,0,0,0.5,0.482,-1,APPROVED
2026-09-01 08:56:01.537682+05:30,24037.46,24056.95,24016.82,24021.41,14251.0,0.1635,LOW_TOXICITY,0.000191,0.3706,BUY,1,1,0.7284,0.522,-1,APPROVED
2026-09-01 08:57:01.537682+05:30,24123.25,24141.42,24062.65,24081.86,9151.0,0.1589,LOW_TOXICITY,0.000299,0.4798,BUY,1,-1,0.6364,0.634,-1,VETO
2026-09-01 08:58:01.537682+05:30,24091.64,24100.27,24095.23,24097.16,22235.0,0.1589,LOW_TOXICITY,9.9e-05,0.3737,HOLD,0,0,0.5,0.662,-1,APPROVED
2026-09-01 08:59:01.537682+05:30,24115.98,24139.85,24086.35,24086.74,14238.0,0.1589,LOW_TOXICITY,0.000229,0.341,BUY,-1,-1,0.8788,0.643,-1,VETO
2026-09-01 09:00:01.537682+05:30,24071.23,24104.22,24046.31,24087.91,6677.0,0.1589,LOW_TOXICITY,0.000207,0.3269,BUY,1,1,0.6966,0.645,-1,APPROVED
2026-09-01 09:01:01.537682+05:30,24072.5,24116.97,24035.76,24040.9,22875.0,0.1589,LOW_TOXICITY,0.000149,0.4245,HOLD,0,0,0.5,0.558,-1,APPROVED
2026-09-01 09:02:01.537682+05:30,24068.11,24089.3,24046.14,24063.67,23403.0,0.1589,LOW_TOXICITY,0.000159,0.3708,BUY,1,1,0.5672,0.6,-1,APPROVED
2026-09-01 09:03:01.537682+05:30,24099.65,24110.3,24087.82,24095.26,17390.0,0.1589,LOW_TOXICITY,0.000241,0.3785,BUY,1,-1,0.5463,0.659,-1,APPROVED
2026-09-02 10:42:00.386363+05:30,23865.1,23865.1,23764.61,23865.1,12701.0,0.1683,LOW_TOXICITY,-3e-05,1.6937,HOLD,0,0,0.5,0.04,-1,APPROVED
2026-09-02 10:42:00.034341+05:30,23865.9,23865.9,23765.61,23865.9,12701.0,0.1704,LOW_TOXICITY,-3.1e-05,1.2935,HOLD,0,0,0.5,0.04,1,APPROVED
2026-09-02 10:42:01.752593+05:30,23866.4,23866.4,23765.91,23866.4,12701.0,0.1712,LOW_TOXICITY,-2.6e-05,1.3723,HOLD,0,0,0.5,0.041,1,APPROVED
2026-09-01 09:04:01.537682+05:30,24071.28,24085.08,24056.94,24080.48,8050.0,0.1589,LOW_TOXICITY,0.000277,0.3477,BUY,-1,-1,0.8623,0.631,-1,VETO
2026-09-01 09:05:01.537682+05:30,24075.92,24067.83,24055.0,24065.98,13490.0,0.1589,LOW_TOXICITY,0.000177,0.3426,BUY,-1,-1,0.8017,0.604,-1,VETO
2026-09-01 09:06:01.537682+05:30,24092.85,24107.45,24072.31,24075.37,31445.0,0.1589,LOW_TOXICITY,1.4e-05,0.3337,HOLD,0,0,0.5,0.622,-1,APPROVED
2026-09-02 10:42:02.919913+05:30,23865.8,23865.8,23765.31,23865.8,12701.0,0.166,LOW_TOXICITY,-2.5e-05,1.3177,HOLD,0,0,0.5,0.04,-1,APPROVED
2026-09-01 09:07:01.537682+05:30,24056.18,24076.33,24026.7,24062.86,6873.0,0.1589,LOW_TOXICITY,-2e-06,0.336,HOLD,0,0,0.5,0.599,-1,APPROVED
2026-09-01 09:08:01.537682+05:30,24063.59,24071.91,24056.06,24061.95,18892.0,0.1589,LOW_TOXICITY,-9.2e-05,0.3288,HOLD,0,0,0.5,0.597,-1,APPROVED
2026-09-01 09:09:01.537682+05:30,24139.4,24169.14,24110.1,24126.98,16340.0,0.1562,LOW_TOXICITY,0.000239,0.479,BUY,1,1,0.8132,0.717,-1,APPROVED
2026-09-01 09:10:01.537682+05:30,24121.98,24123.26,24111.06,24121.02,16458.0,0.1562,LOW_TOXICITY,0.000336,0.3708,BUY,-1,-1,0.8451,0.706,-1,VETO
2026-09-02 10:42:04.666459+05:30,24000.0,24000.0,23898.94,24000.0,12701.0,0.1524,LOW_TOXICITY,0.000344,1.1639,BUY,-1,1,0.5602,0.077,-1,VETO
2026-09-01 09:11:01.537682+05:30,24098.99,24121.96,24075.45,24111.6,17311.0,0.1562,LOW_TOXICITY,0.00025,0.3421,BUY,-1,-1,0.693,0.689,-1,VETO
2026-09-01 09:12:01.537682+05:30,24093.0,24113.0,24080.53,24096.35,10343.0,0.1562,LOW_TOXICITY,4e-05,0.3415,HOLD,0,0,0.5,0.661,-1,APPROVED
2026-09-01 09:13:01.537682+05:30,24105.56,24125.83,24089.95,24113.57,21787.0,0.1562,LOW_TOXICITY,4.5e-05,0.342,HOLD,0,0,0.5,0.692,-1,APPROVED
2026-09-02 10:42:06.728427+05:30,23868.0,23868.0,23767.5,23868.0,12701.0,0.1759,LOW_TOXICITY,-0.007452,1.1974,SELL,-1,-1,0.5,0.015,1,VETO
2026-09-01 09:14:01.537682+05:30,24109.97,24114.0,24108.34,24111.18,19501.0,0.1562,LOW_TOXICITY,6.8e-05,0.3306,HOLD,0,0,0.5,0.688,-1,APPROVED
2026-09-01 09:15:01.537682+05:30,24072.48,24107.07,24047.63,24099.63,17725.0,0.1562,LOW_TOXICITY,3.2e-05,0.336,HOLD,0,0,0.5,0.667,-1,APPROVED
2026-09-01 09:16:01.537682+05:30,24123.87,24143.14,24104.74,24128.61,15169.0,0.1562,LOW_TOXICITY,0.000243,0.3611,BUY,1,1,0.8043,0.72,-1,APPROVED
2026-09-01 09:17:01.537682+05:30,24205.05,24270.5,24159.76,24166.34,16510.0,0.1562,LOW_TOXICITY,0.000284,0.387,BUY,1,1,0.9886,0.79,-1,APPROVED
2026-09-01 09:18:01.537682+05:30,24173.24,24197.9,24148.4,24150.5,20528.0,0.1562,LOW_TOXICITY,0.000153,0.3543,BUY,-1,-1,0.9149,0.761,-1,VETO
2026-09-01 09:19:01.537682+05:30,24109.12,24146.54,24075.33,24099.61,10069.0,0.1562,LOW_TOXICITY,5.3e-05,0.4289,HOLD,0,0,0.5,0.667,-1,APPROVED
2026-09-01 09:20:01.537682+05:30,24131.44,24160.25,24120.31,24128.92,11518.0,0.1562,LOW_TOXICITY,0.000174,0.3847,BUY,1,1,0.7943,0.721,-1,APPROVED
2026-09-01 09:21:01.537682+05:30,24128.35,24135.71,24100.41,24112.97,7199.0,0.1562,LOW_TOXICITY,0.000104,0.3539,HOLD,0,0,0.5,0.691,-1,APPROVED
2026-09-01 09:22:01.537682+05:30,24153.93,24176.44,24131.25,24134.1,15556.0,0.1534,LOW_TOXICITY,0.000197,0.351,BUY,1,1,0.991,0.73,-1,APPROVED
2026-09-01 09:23:01.537682+05:30,24096.56,24106.9,24078.0,24086.97,24673.0,0.1534,LOW_TOXICITY,6.9e-05,0.4165,HOLD,0,0,0.5,0.643,-1,APPROVED
2026-09-01 09:24:01.537682+05:30,24130.45,24155.81,24102.65,24111.09,8865.0,0.1534,LOW_TOXICITY,-4.4e-05,0.3719,HOLD,0,0,0.5,0.688,-1,APPROVED
2026-09-01 09:25:01.537682+05:30,24097.76,24128.53,24067.51,24083.9,18637.0,0.1534,LOW_TOXICITY,-0.000103,0.3699,HOLD,0,0,0.5,0.638,-1,APPROVED
2026-09-01 09:26:01.537682+05:30,24086.74,24117.04,24061.34,24103.53,23264.0,0.1534,LOW_TOXICITY,-2.2e-05,0.3554,HOLD,0,0,0.5,0.674,-1,APPROVED
2026-09-01 09:27:01.537682+05:30,24104.63,24112.86,24085.82,24105.16,11362.0,0.1534,LOW_TOXICITY,2.4e-05,0.3396,HOLD,0,0,0.5,0.677,-1,APPROVED
2026-09-01 09:28:01.537682+05:30,24087.77,24091.27,24074.44,24078.25,46407.0,0.1534,LOW_TOXICITY,-9.8e-05,0.3612,HOLD,0,0,0.5,0.627,-1,APPROVED
2026-09-01 09:29:01.537682+05:30,24060.32,24085.91,24040.51,24067.01,8186.0,0.1534,LOW_TOXICITY,-0.000122,0.3461,HOLD,0,0,0.5,0.606,-1,APPROVED
2026-09-01 09:30:01.537682+05:30,24083.84,24091.94,24088.07,24090.52,12836.0,0.1534,LOW_TOXICITY,-2.5e-05,0.3546,HOLD,0,0,0.5,0.65,-1,APPROVED
2026-09-01 09:31:01.537682+05:30,24098.35,24104.15,24086.79,24095.02,15596.0,0.1534,LOW_TOXICITY,-9.3e-05,0.3398,HOLD,0,0,0.5,0.658,-1,APPROVED
2026-09-01 09:32:01.537682+05:30,24107.84,24126.35,24103.03,24114.77,33946.0,0.1523,LOW_TOXICITY,-0.000142,0.3478,HOLD,0,0,0.5,0.695,-1,APPROVED
2026-09-01 09:33:01.537682+05:30,24158.18,24179.4,24165.01,24178.59,65640.0,0.1523,LOW_TOXICITY,7.7e-05,0.4547,HOLD,0,0,0.5,0.812,-1,APPROVED
2026-09-01 09:34:01.537682+05:30,24149.59,24179.33,24110.28,24130.0,19850.0,0.1523,LOW_TOXICITY,8.4e-05,0.4392,HOLD,0,0,0.5,0.723,-1,APPROVED
2026-09-01 09:35:01.537682+05:30,24165.05,24223.09,24095.33,24178.83,8676.0,0.1523,LOW_TOXICITY,0.000138,0.4332,HOLD,0,0,0.5,0.813,-1,APPROVED
2026-09-01 09:36:01.537682+05:30,24194.36,24189.0,24176.09,24183.13,6700.0,0.1523,LOW_TOXICITY,0.000194,0.3616,BUY,1,1,0.9603,0.821,-1,APPROVED
2026-09-01 09:37:01.537682+05:30,24174.65,24186.76,24152.0,24156.53,13394.0,0.1523,LOW_TOXICITY,6.2e-05,0.3673,HOLD,0,0,0.5,0.772,-1,APPROVED
2026-09-01 09:38:01.537682+05:30,24120.17,24147.35,24078.94,24111.18,23762.0,0.1523,LOW_TOXICITY,6.7e-05,0.4121,HOLD,0,0,0.5,0.688,-1,APPROVED
2026-09-01 09:39:01.537682+05:30,24089.7,24105.61,24091.6,24105.3,20370.0,0.1523,LOW_TOXICITY,-1.6e-05,0.3567,HOLD,0,0,0.5,0.677,-1,APPROVED
2026-09-01 09:40:01.537682+05:30,24130.61,24162.88,24108.81,24146.39,11480.0,0.1523,LOW_TOXICITY,0.000173,0.3933,BUY,1,-1,0.6586,0.753,-1,VETO
2026-09-01 09:41:01.537682+05:30,24143.57,24176.33,24123.76,24142.45,10959.0,0.1523,LOW_TOXICITY,0.000108,0.3506,HOLD,0,0,0.5,0.746,-1,APPROVED
2026-09-01 09:42:01.537682+05:30,24211.48,24253.24,24107.37,24207.69,28363.0,0.1547,LOW_TOXICITY,0.000283,0.4632,BUY,1,1,0.9875,0.866,-1,APPROVED
2026-09-01 09:43:01.537682+05:30,24167.91,24191.84,24132.13,24147.6,27247.0,0.1547,LOW_TOXICITY,0.000192,0.4773,BUY,-1,-1,0.9774,0.755,-1,VETO
2026-09-01 09:44:01.537682+05:30,24141.97,24166.93,24123.27,24148.23,6859.0,0.1547,LOW_TOXICITY,0.000225,0.3748,BUY,1,1,0.5037,0.756,-1,APPROVED
2026-09-01 09:45:01.537682+05:30,24112.45,24131.09,24026.93,24093.65,8163.0,0.1547,LOW_TOXICITY,9e-06,0.4351,HOLD,0,0,0.5,0.656,-1,APPROVED
2026-09-01 09:46:01.537682+05:30,24117.65,24125.84,24100.51,24109.87,6620.0,0.1547,LOW_TOXICITY,4.1e-05,0.3793,HOLD,0,0,0.5,0.685,-1,APPROVED
2026-09-01 09:47:01.537682+05:30,24154.57,24188.44,24119.37,24145.66,10415.0,0.1547,LOW_TOXICITY,8.5e-05,0.3869,HOLD,0,0,0.5,0.752,-1,APPROVED
2026-09-01 09:48:01.537682+05:30,24132.47,24148.31,24109.79,24133.25,30784.0,0.1547,LOW_TOXICITY,-0.000125,0.3605,HOLD,0,0,0.5,0.729,-1,APPROVED
2026-09-01 09:49:01.537682+05:30,24050.32,24085.71,23964.19,24054.76,11479.0,0.1547,LOW_TOXICITY,-0.000208,0.5006,SELL,-1,1,0.6428,0.584,-1,VETO
2026-09-01 09:50:01.537682+05:30,24056.62,24082.4,24025.64,24061.59,6413.0,0.1547,LOW_TOXICITY,-0.000324,0.3991,SELL,1,-1,0.5842,0.596,-1,VETO
2026-09-01 09:51:01.537682+05:30,24069.77,24096.34,24045.13,24075.36,14299.0,0.1547,LOW_TOXICITY,-0.000298,0.3645,SELL,1,1,0.5207,0.622,-1,VETO
2026-09-01 09:52:01.537682+05:30,24090.9,24105.93,24072.68,24088.59,12367.0,0.1547,LOW_TOXICITY,-0.000188,0.3523,SELL,1,1,0.5257,0.646,-1,VETO
2026-09-01 09:53:01.537682+05:30,24127.6,24146.52,24096.95,24133.28,12836.0,0.1547,LOW_TOXICITY,6.1e-05,0.3974,HOLD,0,0,0.5,0.729,-1,APPROVED
2026-09-01 09:54:01.537682+05:30,24103.95,24134.27,24089.41,24094.19,9882.0,0.1547,LOW_TOXICITY,-3.1e-05,0.4025,HOLD,0,0,0.5,0.657,0,APPROVED
2026-09-01 09:55:01.537682+05:30,24135.45,24143.08,24113.0,24119.55,9402.0,0.1547,LOW_TOXICITY,-7.4e-05,0.4107,HOLD,0,0,0.5,0.703,0,APPROVED
2026-09-01 09:56:01.537682+05:30,24148.31,24166.82,24134.73,24159.67,6801.0,0.1547,LOW_TOXICITY,4.8e-05,0.4124,HOLD,0,0,0.5,0.777,0,APPROVED
2026-09-01 09:57:01.537682+05:30,24108.95,24112.98,24089.83,24100.65,16764.0,0.151,LOW_TOXICITY,-0.000295,0.428,SELL,-1,1,0.5215,0.668,0,APPROVED
2026-09-01 09:58:01.537682+05:30,24113.88,24138.75,24086.6,24111.37,15081.0,0.151,LOW_TOXICITY,-0.0001,0.4178,HOLD,0,0,0.5,0.688,0,APPROVED
2026-09-01 09:59:01.537682+05:30,24090.36,24095.13,24083.09,24094.92,17524.0,0.151,LOW_TOXICITY,-0.000147,0.4099,HOLD,0,0,0.5,0.658,0,APPROVED
2026-09-01 10:00:01.537682+05:30,24105.37,24132.94,24080.71,24093.02,15245.0,0.151,LOW_TOXICITY,-2e-06,0.4005,HOLD,0,0,0.5,0.654,0,APPROVED
2026-09-01 10:01:01.537682+05:30,24108.82,24134.11,24089.21,24106.85,10636.0,0.151,LOW_TOXICITY,-8e-06,0.3931,HOLD,0,0,0.5,0.68,0,APPROVED
2026-09-01 10:02:01.537682+05:30,24102.55,24111.27,24085.03,24092.96,8115.0,0.151,LOW_TOXICITY,-0.000146,0.3867,HOLD,0,0,0.5,0.654,0,APPROVED
2026-09-01 10:03:01.537682+05:30,24052.91,24080.45,24031.79,24070.68,11855.0,0.151,LOW_TOXICITY,-0.000173,0.3832,SELL,-1,-1,0.604,0.613,0,APPROVED
2026-09-01 10:04:01.537682+05:30,24076.47,24111.31,24066.77,24073.05,4942.0,0.151,LOW_TOXICITY,5.1e-05,0.3759,HOLD,0,0,0.5,0.617,0,APPROVED
2026-09-01 10:05:01.537682+05:30,24026.23,24034.85,24010.57,24033.58,15719.0,0.151,LOW_TOXICITY,-7.8e-05,0.3781,HOLD,0,0,0.5,0.545,0,APPROVED
2026-09-01 10:06:01.537682+05:30,24016.93,24037.16,23982.27,23999.67,6325.0,0.151,LOW_TOXICITY,-0.00021,0.3803,SELL,-1,-1,0.5294,0.482,0,APPROVED
2026-09-01 10:07:01.537682+05:30,24009.66,24042.22,23980.25,24021.54,13649.0,0.151,LOW_TOXICITY,-0.000186,0.3768,SELL,1,1,0.5285,0.522,0,VETO
2026-09-01 10:08:01.537682+05:30,23981.29,23991.53,23985.9,23987.88,12999.0,0.151,LOW_TOXICITY,-0.000403,0.3791,SELL,-1,-1,0.6552,0.46,0,APPROVED
2026-09-01 10:09:01.537682+05:30,24009.13,24043.55,23978.19,24009.33,10930.0,0.151,LOW_TOXICITY,-0.000235,0.3756,SELL,1,1,0.5285,0.5,0,VETO
2026-09-01 10:10:01.537682+05:30,24021.5,24060.27,23995.59,24023.97,7958.0,0.151,LOW_TOXICITY,-0.000265,0.3705,SELL,1,1,0.5841,0.527,0,VETO
2026-09-01 10:11:01.537682+05:30,23972.16,23975.37,23950.66,23972.01,53572.0,0.1555,LOW_TOXICITY,-0.00052,0.3856,SELL,-1,1,0.7128,0.431,0,VETO
2026-09-01 10:12:01.537682+05:30,23970.08,24005.91,23940.61,23954.51,10328.0,0.1555,LOW_TOXICITY,-0.000405,0.3805,SELL,-1,1,0.6744,0.399,0,VETO
2026-09-01 10:13:01.537682+05:30,23997.14,24008.17,23959.03,23988.25,21789.0,0.1555,LOW_TOXICITY,-0.000341,0.382,SELL,1,-1,0.5149,0.461,0,VETO
2026-09-01 10:14:01.537682+05:30,23936.52,23962.87,23928.88,23962.3,7240.0,0.1555,LOW_TOXICITY,-0.000368,0.3802,SELL,-1,1,0.702,0.413,0,VETO
2026-09-01 10:15:01.537682+05:30,23967.75,23999.7,23933.96,23949.94,14427.0,0.1555,LOW_TOXICITY,-0.000397,0.3734,SELL,-1,1,0.6206,0.39,0,VETO
2026-09-01 10:16:01.537682+05:30,23955.73,23968.97,23933.32,23965.56,15551.0,0.1555,LOW_TOXICITY,-0.000392,0.3691,SELL,1,1,0.63,0.419,0,VETO
2026-09-01 10:17:01.537682+05:30,23977.13,24005.34,23945.35,23988.6,7731.0,0.1555,LOW_TOXICITY,-0.000289,0.3673,SELL,1,1,0.6261,0.462,0,VETO
2026-09-01 10:18:01.537682+05:30,23982.83,23992.96,23971.67,23983.88,8813.0,0.1555,LOW_TOXICITY,-0.000241,0.362,SELL,-1,1,0.7078,0.453,0,VETO
2026-09-01 10:19:01.537682+05:30,23957.83,23968.82,23933.69,23968.68,12439.0,0.1555,LOW_TOXICITY,-0.00029,0.3587,SELL,-1,1,0.7273,0.425,0,VETO
2026-09-01 10:20:01.537682+05:30,24016.95,24054.83,23989.48,24010.39,9910.0,0.1555,LOW_TOXICITY,-6.4e-05,0.367,HOLD,0,0,0.5,0.502,0,APPROVED
2026-09-01 10:21:01.537682+05:30,24068.44,24096.72,24025.73,24057.49,12116.0,0.1555,LOW_TOXICITY,0.00016,0.3776,BUY,1,-1,0.5203,0.589,0,APPROVED
2026-09-01 10:22:01.537682+05:30,24101.31,24148.31,24071.98,24089.08,14480.0,0.1555,LOW_TOXICITY,0.000187,0.3783,BUY,1,-1,0.5203,0.647,0,APPROVED
2026-09-01 10:23:01.537682+05:30,24095.45,24120.15,24071.79,24092.95,12323.0,0.1555,LOW_TOXICITY,0.000291,0.3719,BUY,1,1,0.5585,0.654,0,APPROVED
2026-09-01 10:24:01.537682+05:30,24062.18,24082.86,24041.77,24066.22,9589.0,0.1555,LOW_TOXICITY,0.000158,0.3713,BUY,-1,1,0.588,0.605,0,VETO
2026-09-01 10:25:01.537682+05:30,24048.96,24084.99,24020.97,24038.82,14897.0,0.1555,LOW_TOXICITY,4.1e-05,0.3719,HOLD,0,0,0.5,0.554,0,APPROVED
2026-09-01 10:26:01.537682+05:30,24053.56,24068.87,24045.26,24060.98,13582.0,0.1533,LOW_TOXICITY,0.000247,0.3693,BUY,1,1,0.6344,0.595,0,APPROVED
2026-09-01 10:27:01.537682+05:30,24090.14,24107.91,24073.05,24080.86,10296.0,0.1533,LOW_TOXICITY,0.000351,0.3663,BUY,1,1,0.644,0.632,0,APPROVED
2026-09-01 10:28:01.537682+05:30,24128.35,24179.69,24092.84,24142.63,21990.0,0.1533,LOW_TOXICITY,0.000428,0.3887,BUY,1,-1,0.7034,0.746,0,VETO
2026-09-01 10:29:01.537682+05:30,24169.82,24179.82,24134.13,24173.37,16675.0,0.1533,LOW_TOXICITY,0.000585,0.3877,BUY,1,-1,0.7034,0.803,0,VETO
2026-09-01 10:30:01.537682+05:30,24137.92,24196.1,24076.15,24104.82,35777.0,0.1533,LOW_TOXICITY,0.00043,0.4137,BUY,-1,1,0.5719,0.676,0,VETO
2026-09-01 10:31:01.537682+05:30,24179.05,24213.96,24108.86,24158.08,10833.0,0.1533,LOW_TOXICITY,0.000533,0.4228,BUY,1,-1,0.7034,0.775,0,VETO
2026-09-01 10:32:01.537682+05:30,24095.63,24125.36,24070.17,24113.7,14323.0,0.1533,LOW_TOXICITY,0.000347,0.4256,BUY,-1,1,0.5222,0.693,0,VETO
2026-09-01 10:33:01.537682+05:30,24087.76,24112.02,24072.04,24096.95,5169.0,0.1533,LOW_TOXICITY,0.000314,0.4168,BUY,-1,1,0.625,0.662,0,VETO
2026-09-01 10:34:01.537682+05:30,24108.71,24110.88,24103.69,24110.4,11663.0,0.1533,LOW_TOXICITY,0.000393,0.4079,BUY,1,-1,0.5901,0.686,0,VETO
2026-09-01 10:35:01.537682+05:30,24147.98,24207.54,24072.73,24197.29,13078.0,0.1533,LOW_TOXICITY,0.000517,0.468,BUY,1,1,0.5097,0.847,0,APPROVED
2026-09-01 10:36:01.537682+05:30,24385.93,24377.38,24300.12,24319.71,15266.0,0.1533,LOW_TOXICITY,0.000723,0.5565,BUY,1,1,0.5,1.0,0,VETO
2026-09-01 10:37:01.537682+05:30,24341.72,24341.18,24329.71,24340.73,37131.0,0.1533,LOW_TOXICITY,0.000693,0.5366,BUY,1,1,0.5,1.0,0,VETO
2026-09-01 10:38:01.537682+05:30,24340.55,24346.43,24334.25,24336.14,4094.0,0.1533,LOW_TOXICITY,0.00067,0.5157,BUY,1,1,0.5,1.0,0,VETO
2026-09-01 10:39:01.537682+05:30,24364.78,24372.38,24352.29,24355.35,9730.0,0.1557,LOW_TOXICITY,0.000796,0.4987,BUY,1,1,0.5,1.0,0,VETO
2026-09-01 10:40:01.537682+05:30,24398.11,24402.76,24376.77,24390.2,11845.0,0.1557,LOW_TOXICITY,0.000967,0.4889,BUY,1,1,0.5,1.0,0,VETO
2026-09-01 10:41:01.537682+05:30,24390.92,24426.92,24369.49,24379.33,12807.0,0.1557,LOW_TOXICITY,0.000876,0.4726,BUY,1,1,0.5,1.0,0,VETO
2026-09-01 10:42:01.537682+05:30,24429.42,24502.93,24298.46,24456.11,21973.0,0.1557,LOW_TOXICITY,0.001031,0.4989,BUY,1,1,0.5,1.0,0,VETO
2026-09-01 10:43:01.537682+05:30,24462.26,24478.14,24462.18,24465.96,10701.0,0.1557,LOW_TOXICITY,0.000887,0.4813,BUY,1,1,0.5,1.0,0,VETO
2026-09-01 10:44:01.537682+05:30,24466.29,24502.38,24459.13,24483.15,12345.0,0.1557,LOW_TOXICITY,0.000849,0.4666,BUY,1,1,0.5,1.0,0,VETO
2026-09-01 10:45:01.537682+05:30,24509.79,24508.79,24502.46,24505.55,19217.0,0.1557,LOW_TOXICITY,0.001099,0.4604,BUY,1,1,0.5,1.0,0,VETO
2026-09-01 10:46:01.537682+05:30,24501.25,24526.54,24493.31,24520.63,17722.0,0.1557,LOW_TOXICITY,0.000993,0.4432,BUY,1,1,0.5,1.0,0,VETO
2026-09-01 10:47:01.537682+05:30,24531.05,24565.88,24516.22,24549.21,9737.0,0.1557,LOW_TOXICITY,0.001193,0.4341,BUY,1,1,0.5,1.0,0,VETO
2026-09-01 10:48:01.537682+05:30,24529.6,24549.27,24516.94,24534.16,8973.0,0.1557,LOW_TOXICITY,0.001199,0.4204,BUY,1,1,0.5,1.0,0,VETO
2026-09-01 10:49:01.537682+05:30,24515.02,24534.71,24495.17,24520.73,12549.0,0.1557,LOW_TOXICITY,0.001125,0.4077,BUY,1,1,0.5,1.0,0,VETO
2026-09-01 10:50:01.537682+05:30,24479.37,24499.67,24467.63,24497.16,27031.0,0.1557,LOW_TOXICITY,0.000821,0.4012,BUY,1,1,0.5,1.0,0,VETO
2026-09-01 10:51:01.537682+05:30,24524.16,24514.11,24505.64,24509.3,8076.0,0.1557,LOW_TOXICITY,0.000518,0.3896,BUY,1,1,0.5,1.0,0,VETO
2026-09-01 10:52:01.537682+05:30,24526.32,24539.0,24502.76,24530.92,32459.0,0.1576,LOW_TOXICITY,0.000519,0.3831,BUY,1,1,0.5,1.0,0,VETO
2026-09-01 10:53:01.537682+05:30,24546.91,24581.1,24514.98,24542.94,11403.0,0.1576,LOW_TOXICITY,0.000564,0.3735,BUY,1,1,0.5,1.0,0,VETO
2026-09-01 10:54:01.537682+05:30,24579.32,24641.87,24508.33,24581.67,11270.0,0.1576,LOW_TOXICITY,0.000617,0.3817,BUY,1,1,0.5,1.0,1,VETO
2026-09-01 10:55:01.537682+05:30,24589.17,24613.13,24560.56,24582.79,12283.0,0.1576,LOW_TOXICITY,0.000524,0.3539,BUY,1,1,0.5,1.0,1,VETO
2026-09-01 10:56:01.537682+05:30,24595.64,24611.95,24595.91,24597.36,14285.0,0.1576,LOW_TOXICITY,0.000594,0.3479,BUY,1,1,0.5,1.0,1,VETO
2026-09-01 10:57:01.537682+05:30,24589.29,24597.18,24572.54,24573.21,8310.0,0.1576,LOW_TOXICITY,0.000318,0.3517,BUY,1,1,0.5,1.0,1,VETO
2026-09-01 10:58:01.537682+05:30,24563.88,24567.05,24552.18,24566.45,13758.0,0.1576,LOW_TOXICITY,0.000273,0.3442,BUY,1,1,0.5,1.0,1,VETO
2026-09-02 10:43:01.184529+05:30,24000.0,24000.0,23898.94,24000.0,12701.0,0.1524,LOW_TOXICITY,0.000341,1.1639,BUY,1,1,0.6267,0.077,-1,APPROVED
2026-09-01 10:59:01.537682+05:30,24582.79,24599.15,24558.53,24583.38,15842.0,0.1576,LOW_TOXICITY,0.000272,0.3415,BUY,1,1,0.5,1.0,1,VETO
2026-09-02 10:43:01.024794+05:30,23866.7,23866.7,23766.35,23866.7,12701.0,0.1741,LOW_TOXICITY,-3e-05,1.2935,HOLD,0,0,0.5,0.041,1,APPROVED
2026-09-01 11:00:01.537682+05:30,24611.08,24625.56,24602.69,24602.75,11691.0,0.1576,LOW_TOXICITY,0.000264,0.3409,BUY,1,1,0.5,1.0,1,VETO
2026-09-01 11:01:01.537682+05:30,24580.17,24606.83,24575.88,24598.27,9653.0,0.1576,LOW_TOXICITY,0.000211,0.3351,BUY,1,1,0.5,1.0,1,VETO
2026-09-01 11:02:01.537682+05:30,24584.99,24602.51,24567.29,24598.09,34561.0,0.1576,LOW_TOXICITY,0.000133,0.3299,HOLD,0,0,0.5,1.0,1,APPROVED
2026-09-01 11:03:01.537682+05:30,24568.56,24596.88,24535.76,24573.43,25152.0,0.1576,LOW_TOXICITY,0.000107,0.3386,HOLD,0,0,0.5,1.0,1,APPROVED
2026-09-02 10:43:02.918854+05:30,23865.8,23865.8,23765.31,23865.8,12701.0,0.1683,LOW_TOXICITY,-3.5e-05,1.6944,HOLD,0,0,0.5,0.04,-1,APPROVED
2026-09-02 10:43:03.606084+05:30,23868.0,23868.0,23767.5,23868.0,12701.0,0.1773,LOW_TOXICITY,-0.007471,1.1978,SELL,-1,-1,0.5,0.015,1,VETO
2026-09-01 11:04:01.537682+05:30,24554.2,24585.47,24554.21,24568.93,24396.0,0.1544,LOW_TOXICITY,0.000131,0.3332,HOLD,0,0,0.5,1.0,1,APPROVED
2026-09-01 11:05:01.537682+05:30,24593.12,24618.48,24570.65,24583.29,9432.0,0.1544,LOW_TOXICITY,0.000234,0.3235,BUY,1,1,0.5,1.0,1,VETO
2026-09-01 11:06:01.537682+05:30,24578.33,24605.51,24571.06,24596.77,16844.0,0.1544,LOW_TOXICITY,0.000237,0.3216,BUY,1,1,0.5,1.0,1,VETO
2026-09-01 11:07:01.537682+05:30,24613.41,24615.24,24606.33,24608.92,12460.0,0.1544,LOW_TOXICITY,0.000212,0.3195,BUY,1,1,0.5,1.0,1,VETO
2026-09-01 11:08:01.537682+05:30,24615.43,24613.52,24606.26,24611.15,16546.0,0.1544,LOW_TOXICITY,0.000185,0.3154,BUY,1,1,0.5,1.0,1,VETO
2026-09-01 11:09:01.537682+05:30,24598.37,24617.57,24583.49,24612.53,20997.0,0.1544,LOW_TOXICITY,8.4e-05,0.3121,HOLD,0,0,0.5,1.0,1,APPROVED
2026-09-01 11:10:01.537682+05:30,24602.67,24600.54,24584.61,24599.68,23042.0,0.1544,LOW_TOXICITY,4.6e-05,0.3139,HOLD,0,0,0.5,1.0,1,APPROVED
2026-09-02 10:43:06.641221+05:30,23865.05,23865.05,23764.56,23865.05,12701.0,0.1712,LOW_TOXICITY,-3e-05,1.3723,HOLD,0,0,0.5,0.04,1,APPROVED
2026-09-01 11:11:01.537682+05:30,24596.29,24617.77,24603.97,24615.65,12679.0,0.1544,LOW_TOXICITY,5e-05,0.3155,HOLD,0,0,0.5,1.0,1,APPROVED
2026-09-01 11:12:01.537682+05:30,24625.08,24634.15,24617.78,24626.7,11638.0,0.1544,LOW_TOXICITY,0.000145,0.3142,HOLD,0,0,0.5,1.0,1,APPROVED
2026-09-02 10:43:07.759894+05:30,23864.35,23864.35,23763.86,23864.35,12701.0,0.166,LOW_TOXICITY,-3.8e-05,1.3177,HOLD,0,0,0.5,0.04,-1,APPROVED
2026-09-01 11:13:01.537682+05:30,24652.98,24681.32,24619.19,24640.67,32400.0,0.1544,LOW_TOXICITY,0.000201,0.3146,BUY,1,1,0.5,1.0,1,VETO
2026-09-01 11:14:01.537682+05:30,24631.82,24631.24,24621.52,24629.01,9117.0,0.1544,LOW_TOXICITY,0.000124,0.3151,HOLD,0,0,0.5,1.0,1,APPROVED
2026-09-01 11:15:01.537682+05:30,24581.96,24597.12,24547.39,24580.65,15827.0,0.1544,LOW_TOXICITY,-6e-05,0.3551,HOLD,0,0,0.5,1.0,1,APPROVED
2026-09-01 11:16:01.537682+05:30,24605.02,24613.79,24587.73,24606.6,39886.0,0.1546,LOW_TOXICITY,2.3e-05,0.3546,HOLD,0,0,0.5,1.0,1,APPROVED
2026-09-01 11:17:01.537682+05:30,24609.08,24623.15,24592.36,24600.12,20056.0,0.1546,LOW_TOXICITY,6e-06,0.3431,HOLD,0,0,0.5,1.0,1,APPROVED
2026-09-01 11:18:01.537682+05:30,24570.41,24601.4,24523.89,24588.62,19998.0,0.1546,LOW_TOXICITY,4.1e-05,0.336,HOLD,0,0,0.5,1.0,1,APPROVED
2026-09-01 11:19:01.537682+05:30,24625.32,24643.22,24589.51,24603.39,28381.0,0.1546,LOW_TOXICITY,9.3e-05,0.3306,HOLD,0,0,0.5,1.0,1,APPROVED
2026-09-01 11:20:01.537682+05:30,24604.05,24616.31,24590.84,24594.87,12730.0,0.1546,LOW_TOXICITY,3.1e-05,0.3244,HOLD,0,0,0.5,1.0,1,APPROVED
2026-09-01 11:21:01.537682+05:30,24620.06,24650.32,24599.93,24621.95,23358.0,0.1546,LOW_TOXICITY,6.8e-05,0.3317,HOLD,0,0,0.5,1.0,1,APPROVED
2026-09-01 11:22:01.537682+05:30,24620.38,24640.47,24607.96,24639.46,13461.0,0.1546,LOW_TOXICITY,8.3e-05,0.3289,HOLD,0,0,0.5,1.0,1,APPROVED
2026-09-01 11:23:01.537682+05:30,24661.48,24680.55,24659.3,24659.47,10894.0,0.1546,LOW_TOXICITY,0.000131,0.3285,HOLD,0,0,0.5,1.0,1,APPROVED
2026-09-01 11:24:01.537682+05:30,24635.55,24675.69,24579.18,24610.62,6182.0,0.1546,LOW_TOXICITY,-5e-06,0.3714,HOLD,0,0,0.5,1.0,1,APPROVED
2026-09-01 11:25:01.537682+05:30,24633.82,24720.8,24545.79,24659.87,10665.0,0.1546,LOW_TOXICITY,0.000163,0.3974,BUY,1,1,0.5,1.0,1,VETO
2026-09-01 11:26:01.537682+05:30,24688.55,24735.77,24641.1,24671.24,14952.0,0.1546,LOW_TOXICITY,0.00015,0.3793,BUY,1,1,0.5,1.0,1,VETO
2026-09-01 11:27:01.537682+05:30,24667.77,24690.09,24651.14,24659.36,8503.0,0.1546,LOW_TOXICITY,8.8e-05,0.3658,HOLD,0,0,0.5,1.0,1,APPROVED
2026-09-01 11:28:01.537682+05:30,24657.63,24672.77,24641.95,24664.96,10190.0,0.1587,LOW_TOXICITY,6.6e-05,0.3517,HOLD,0,0,0.5,1.0,1,APPROVED
2026-09-01 11:29:01.537682+05:30,24610.92,24685.69,24548.56,24611.17,7860.0,0.1587,LOW_TOXICITY,-4.8e-05,0.3968,HOLD,0,0,0.5,1.0,1,APPROVED
2026-09-01 11:30:01.537682+05:30,24615.27,24627.95,24622.55,24624.11,16184.0,0.1587,LOW_TOXICITY,0.000118,0.3794,HOLD,0,0,0.5,1.0,1,APPROVED
2026-09-01 11:31:01.537682+05:30,24595.54,24624.06,24561.04,24600.14,11471.0,0.1587,LOW_TOXICITY,-1.8e-05,0.3747,HOLD,0,0,0.5,1.0,1,APPROVED
2026-09-01 11:32:01.537682+05:30,24583.55,24591.03,24567.63,24570.52,13985.0,0.1587,LOW_TOXICITY,-8e-05,0.3768,HOLD,0,0,0.5,1.0,1,APPROVED
2026-09-01 11:33:01.537682+05:30,24539.48,24547.3,24539.84,24541.42,11920.0,0.1587,LOW_TOXICITY,-0.000128,0.3779,HOLD,0,0,0.5,1.0,1,APPROVED
2026-09-01 11:34:01.537682+05:30,24588.17,24628.05,24544.19,24570.88,9619.0,0.1587,LOW_TOXICITY,-8.8e-05,0.3761,HOLD,0,0,0.5,1.0,1,APPROVED
2026-09-01 11:35:01.537682+05:30,24569.15,24597.76,24552.39,24554.37,21193.0,0.1587,LOW_TOXICITY,-0.00011,0.3649,HOLD,0,0,0.5,1.0,1,APPROVED
2026-09-01 11:36:01.537682+05:30,24594.58,24615.39,24582.58,24598.91,18251.0,0.1587,LOW_TOXICITY,-6.2e-05,0.3843,HOLD,0,0,0.5,1.0,1,APPROVED
2026-09-01 11:37:01.537682+05:30,24568.39,24588.61,24569.93,24582.63,11110.0,0.1587,LOW_TOXICITY,-0.000154,0.373,SELL,-1,-1,0.6343,1.0,1,APPROVED
2026-09-01 11:38:01.537682+05:30,24544.61,24615.53,24489.04,24528.02,11866.0,0.1587,LOW_TOXICITY,-0.000356,0.4103,SELL,-1,-1,0.5779,1.0,1,APPROVED
2026-09-01 11:39:01.537682+05:30,24479.15,24532.28,24429.48,24495.8,15238.0,0.1587,LOW_TOXICITY,-0.000312,0.4078,SELL,-1,-1,0.5861,1.0,1,APPROVED
2026-09-01 11:40:01.537682+05:30,24538.11,24541.7,24533.65,24539.55,24268.0,0.1587,LOW_TOXICITY,-0.000326,0.4167,SELL,1,-1,0.5116,1.0,1,VETO
2026-09-01 11:41:01.537682+05:30,24529.21,24539.55,24522.09,24535.2,18007.0,0.1587,LOW_TOXICITY,-0.000369,0.3957,SELL,-1,-1,0.5907,1.0,1,APPROVED
2026-09-01 11:42:01.537682+05:30,24528.19,24550.93,24504.32,24518.67,16356.0,0.1579,LOW_TOXICITY,-0.000381,0.3827,SELL,-1,-1,0.6347,1.0,1,APPROVED
2026-09-01 11:43:01.537682+05:30,24527.7,24547.64,24524.5,24524.96,5587.0,0.1579,LOW_TOXICITY,-0.000379,0.3669,SELL,1,-1,0.547,1.0,1,VETO
2026-09-01 11:44:01.537682+05:30,24541.7,24549.12,24531.97,24540.74,13667.0,0.1579,LOW_TOXICITY,-0.000191,0.357,SELL,1,1,0.5142,1.0,1,VETO
2026-09-01 11:45:01.537682+05:30,24574.15,24596.35,24568.65,24569.88,28371.0,0.1579,LOW_TOXICITY,-0.000147,0.3592,HOLD,0,0,0.5,1.0,1,APPROVED
2026-09-01 11:46:01.537682+05:30,24624.02,24664.22,24604.03,24611.63,19277.0,0.1579,LOW_TOXICITY,3.1e-05,0.3759,HOLD,0,0,0.5,1.0,1,APPROVED
2026-09-01 11:47:01.537682+05:30,24603.47,24608.3,24588.88,24600.73,13858.0,0.1579,LOW_TOXICITY,8.2e-05,0.3633,HOLD,0,0,0.5,1.0,1,APPROVED
2026-09-01 11:48:01.537682+05:30,24542.63,24581.15,24528.7,24563.06,15175.0,0.1579,LOW_TOXICITY,5.9e-05,0.3768,HOLD,0,0,0.5,1.0,1,APPROVED
2026-09-01 11:49:01.537682+05:30,24547.51,24558.77,24537.17,24551.48,15151.0,0.1579,LOW_TOXICITY,-5.3e-05,0.3644,HOLD,0,0,0.5,1.0,1,APPROVED
2026-09-01 11:50:01.537682+05:30,24556.29,24597.34,24517.1,24560.25,19274.0,0.1579,LOW_TOXICITY,1.6e-05,0.3521,HOLD,0,0,0.5,1.0,1,APPROVED
2026-09-01 11:51:01.537682+05:30,24533.46,24554.63,24527.66,24534.92,17612.0,0.1579,LOW_TOXICITY,-0.000174,0.3539,SELL,-1,-1,0.5465,1.0,1,APPROVED
2026-09-01 11:52:01.537682+05:30,24519.09,24519.5,24510.7,24511.37,7560.0,0.1579,LOW_TOXICITY,-0.000194,0.3537,SELL,-1,-1,0.5465,1.0,1,APPROVED
2026-09-01 11:53:01.537682+05:30,24535.26,24536.32,24510.23,24520.68,12705.0,0.1579,LOW_TOXICITY,-2e-05,0.3434,HOLD,0,0,0.5,1.0,1,APPROVED
2026-09-01 11:54:01.537682+05:30,24537.36,24534.25,24518.3,24520.74,5578.0,0.1579,LOW_TOXICITY,6.8e-05,0.3337,HOLD,0,0,0.5,1.0,1,APPROVED
2026-09-01 11:55:01.537682+05:30,24490.87,24524.84,24485.54,24522.68,15563.0,0.1554,LOW_TOXICITY,-4.6e-05,0.323,HOLD,0,0,0.5,1.0,1,APPROVED
2026-09-01 11:56:01.537682+05:30,24504.23,24509.68,24499.99,24506.49,64967.0,0.1554,LOW_TOXICITY,-7.8e-05,0.3223,HOLD,0,0,0.5,1.0,1,APPROVED
2026-09-01 11:57:01.537682+05:30,24495.81,24508.29,24490.74,24502.39,15614.0,0.1554,LOW_TOXICITY,-4.4e-05,0.3161,HOLD,0,0,0.5,1.0,1,APPROVED
2026-09-01 11:58:01.537682+05:30,24491.04,24488.06,24473.24,24482.62,25038.0,0.1554,LOW_TOXICITY,-0.000115,0.3196,HOLD,0,0,0.5,1.0,1,APPROVED
2026-09-01 11:59:01.537682+05:30,24475.17,24505.12,24449.34,24501.99,53653.0,0.1554,LOW_TOXICITY,-0.000105,0.3204,HOLD,0,0,0.5,1.0,1,APPROVED
2026-09-01 12:00:01.537682+05:30,24521.32,24528.32,24497.84,24523.05,15546.0,0.1554,LOW_TOXICITY,-0.000127,0.3223,HOLD,0,0,0.5,1.0,1,APPROVED
2026-09-01 12:01:01.537682+05:30,24461.01,24514.62,24394.91,24483.87,9600.0,0.1554,LOW_TOXICITY,-0.000347,0.3476,SELL,-1,1,0.66,1.0,1,VETO
2026-09-01 12:02:01.537682+05:30,24449.28,24467.09,24434.51,24463.06,14165.0,0.1554,LOW_TOXICITY,-0.000374,0.3457,SELL,-1,1,0.7019,1.0,1,VETO
2026-09-01 12:03:01.537682+05:30,24429.2,24440.33,24401.1,24432.72,10528.0,0.1544,LOW_TOXICITY,-0.000355,0.3538,SELL,-1,1,0.66,1.0,1,VETO
2026-09-01 12:04:01.537682+05:30,24437.86,24458.04,24417.29,24419.78,14860.0,0.1544,LOW_TOXICITY,-0.000359,0.3454,SELL,-1,1,0.6488,1.0,1,VETO
2026-09-01 12:05:01.537682+05:30,24431.15,24450.09,24413.57,24418.97,7708.0,0.1544,LOW_TOXICITY,-0.000385,0.3316,SELL,1,1,0.6619,1.0,1,VETO
2026-09-01 12:06:01.537682+05:30,24397.09,24412.63,24386.92,24391.64,5443.0,0.1544,LOW_TOXICITY,-0.00039,0.3387,SELL,-1,1,0.7186,1.0,1,VETO
2026-09-01 12:07:01.537682+05:30,24371.91,24405.81,24344.76,24372.81,16598.0,0.1544,LOW_TOXICITY,-0.000378,0.3363,SELL,-1,1,0.7019,1.0,1,VETO
2026-09-01 12:08:01.537682+05:30,24338.26,24381.12,24319.66,24353.78,19907.0,0.1544,LOW_TOXICITY,-0.000455,0.3345,SELL,-1,1,0.6856,1.0,1,VETO
2026-09-01 12:09:01.537682+05:30,24326.73,24372.08,24292.74,24359.62,8529.0,0.1544,LOW_TOXICITY,-0.000439,0.3256,SELL,1,1,0.7086,1.0,1,VETO
2026-09-01 12:10:01.537682+05:30,24363.25,24375.17,24356.7,24362.25,18243.0,0.1544,LOW_TOXICITY,-0.000438,0.3178,SELL,1,1,0.5061,1.0,1,VETO
2026-09-01 12:11:01.537682+05:30,24337.36,24374.59,24320.67,24352.24,4485.0,0.1544,LOW_TOXICITY,-0.000421,0.3137,SELL,-1,-1,0.6056,1.0,1,APPROVED
2026-09-01 12:12:01.537682+05:30,24354.91,24367.87,24349.16,24356.04,25071.0,0.1544,LOW_TOXICITY,-0.000399,0.308,SELL,1,1,0.7123,1.0,1,VETO
2026-09-01 12:13:01.537682+05:30,24348.75,24376.85,24341.14,24348.79,10213.0,0.1544,LOW_TOXICITY,-0.000365,0.3046,SELL,-1,-1,0.8106,1.0,1,APPROVED
2026-09-01 12:14:01.537682+05:30,24340.77,24359.11,24330.4,24345.41,9703.0,0.1544,LOW_TOXICITY,-0.000427,0.3008,SELL,-1,-1,0.7709,1.0,1,APPROVED
2026-09-01 12:15:01.537682+05:30,24369.79,24381.05,24355.97,24371.57,16856.0,0.1544,LOW_TOXICITY,-0.000413,0.3039,SELL,1,1,0.8048,1.0,1,VETO
2026-09-01 12:16:01.537682+05:30,24386.42,24417.32,24366.85,24396.25,6251.0,0.1544,LOW_TOXICITY,-0.000239,0.3115,SELL,1,1,0.757,1.0,1,VETO
2026-09-01 12:17:01.537682+05:30,24375.3,24387.16,24359.78,24378.46,4163.0,0.1544,LOW_TOXICITY,-0.000231,0.312,SELL,-1,-1,0.5221,1.0,1,APPROVED
2026-09-01 12:18:01.537682+05:30,24391.92,24424.08,24376.9,24392.26,6559.0,0.1544,LOW_TOXICITY,-0.00011,0.3088,HOLD,0,0,0.5,1.0,1,APPROVED
2026-09-01 12:19:01.537682+05:30,24411.28,24443.57,24388.51,24405.36,4418.0,0.1544,LOW_TOXICITY,-3.9e-05,0.3057,HOLD,0,0,0.5,1.0,1,APPROVED
2026-09-01 12:20:01.537682+05:30,24395.27,24397.79,24384.57,24389.77,6849.0,0.1544,LOW_TOXICITY,-8e-05,0.3056,HOLD,0,0,0.5,1.0,1,APPROVED
2026-09-01 12:21:01.537682+05:30,24421.66,24438.43,24393.39,24403.69,6264.0,0.1528,LOW_TOXICITY,3.3e-05,0.3036,HOLD,0,0,0.5,1.0,1,APPROVED
2026-09-01 12:22:01.537682+05:30,24445.6,24452.15,24426.58,24427.44,13526.0,0.1528,LOW_TOXICITY,0.000149,0.3102,HOLD,0,0,0.5,1.0,1,APPROVED
2026-09-01 12:23:01.537682+05:30,24445.35,24469.84,24408.74,24412.21,8812.0,0.1528,LOW_TOXICITY,0.00016,0.309,BUY,1,1,0.5,1.0,1,VETO
2026-09-01 12:24:01.537682+05:30,24382.48,24405.49,24392.6,24396.62,31797.0,0.1528,LOW_TOXICITY,0.000101,0.3082,HOLD,0,0,0.5,1.0,1,APPROVED
2026-09-01 12:25:01.537682+05:30,24419.35,24435.92,24403.77,24415.33,26015.0,0.1528,LOW_TOXICITY,0.000145,0.3027,HOLD,0,0,0.5,1.0,1,APPROVED
2026-09-01 12:26:01.537682+05:30,24418.9,24431.32,24416.68,24422.05,20183.0,0.1528,LOW_TOXICITY,0.000191,0.2967,BUY,1,1,0.5,1.0,1,VETO
2026-09-01 12:27:01.537682+05:30,24440.61,24475.67,24418.1,24432.86,25541.0,0.1528,LOW_TOXICITY,0.00021,0.2932,BUY,1,1,0.5,1.0,1,VETO
2026-09-01 12:28:01.537682+05:30,24435.69,24444.43,24426.02,24440.74,5652.0,0.1528,LOW_TOXICITY,0.000251,0.289,BUY,1,1,0.5,1.0,1,VETO
2026-09-01 12:29:01.537682+05:30,24454.55,24471.11,24436.08,24451.45,24641.0,0.1528,LOW_TOXICITY,0.00029,0.2867,BUY,1,1,0.5,1.0,1,VETO
2026-09-01 12:30:01.537682+05:30,24418.77,24438.97,24407.67,24429.76,14689.0,0.1528,LOW_TOXICITY,0.000159,0.2945,BUY,1,1,0.5,1.0,1,VETO
2026-09-01 12:31:01.537682+05:30,24457.09,24500.12,24409.02,24447.25,25557.0,0.1528,LOW_TOXICITY,0.000139,0.2957,HOLD,0,0,0.5,1.0,1,APPROVED
2026-09-01 12:32:01.537682+05:30,24486.04,24505.56,24441.01,24469.45,7215.0,0.1543,LOW_TOXICITY,0.000248,0.3009,BUY,1,1,0.5,1.0,1,VETO
2026-09-01 12:33:01.537682+05:30,24466.54,24484.19,24466.54,24466.56,17194.0,0.1543,LOW_TOXICITY,0.000203,0.2945,BUY,1,1,0.5,1.0,1,VETO
2026-09-01 12:34:01.537682+05:30,24476.25,24485.98,24453.2,24466.94,5810.0,0.1543,LOW_TOXICITY,0.000168,0.2889,BUY,1,1,0.5,1.0,1,VETO
2026-09-01 12:35:01.537682+05:30,24457.31,24477.55,24436.75,24440.17,9848.0,0.1543,LOW_TOXICITY,0.000138,0.2933,HOLD,0,0,0.5,1.0,1,APPROVED
2026-09-01 12:36:01.537682+05:30,24459.29,24469.7,24439.07,24451.2,12846.0,0.1543,LOW_TOXICITY,0.00013,0.2888,HOLD,0,0,0.5,1.0,1,APPROVED
2026-09-01 12:37:01.537682+05:30,24476.9,24477.15,24453.2,24463.38,9121.0,0.1543,LOW_TOXICITY,9.8e-05,0.2857,HOLD,0,0,0.5,1.0,1,APPROVED
2026-09-01 12:38:01.537682+05:30,24478.96,24511.27,24462.37,24463.17,26489.0,0.1543,LOW_TOXICITY,0.000139,0.2797,HOLD,0,0,0.5,1.0,1,APPROVED
2026-09-01 12:39:01.537682+05:30,24490.06,24494.9,24469.0,24491.56,16737.0,0.1543,LOW_TOXICITY,0.000259,0.2938,BUY,1,1,0.5,1.0,1,VETO
2026-09-01 12:40:01.537682+05:30,24479.91,24497.82,24462.0,24484.29,19104.0,0.1543,LOW_TOXICITY,0.000188,0.2882,BUY,1,1,0.5,1.0,1,VETO
2026-09-01 12:41:01.537682+05:30,24515.15,24548.51,24489.09,24499.3,31472.0,0.1543,LOW_TOXICITY,0.000211,0.287,BUY,1,1,0.5,1.0,1,VETO
2026-09-01 12:42:01.537682+05:30,24483.99,24491.07,24471.36,24476.84,8481.0,0.1543,LOW_TOXICITY,0.00012,0.2941,HOLD,0,0,0.5,1.0,1,APPROVED
2026-09-01 12:43:01.537682+05:30,24475.58,24514.63,24432.04,24477.54,29633.0,0.1543,LOW_TOXICITY,0.0001,0.2868,HOLD,0,0,0.5,1.0,1,APPROVED
2026-09-02 10:44:00.435573+05:30,23861.75,23861.75,23761.28,23861.75,12701.0,0.1773,LOW_TOXICITY,-0.007407,1.1982,SELL,-1,-1,0.5,0.013,1,VETO
2026-09-01 12:44:01.537682+05:30,24472.25,24487.62,24456.4,24474.62,16704.0,0.154,LOW_TOXICITY,6.3e-05,0.2809,HOLD,0,0,0.5,1.0,1,APPROVED
2026-09-01 12:45:01.537682+05:30,24481.09,24489.98,24468.69,24480.98,8215.0,0.154,LOW_TOXICITY,0.00014,0.2656,HOLD,0,0,0.5,1.0,1,APPROVED
2026-09-01 12:46:01.537682+05:30,24470.38,24485.19,24453.61,24473.34,24145.0,0.154,LOW_TOXICITY,7.1e-05,0.2624,HOLD,0,0,0.5,1.0,1,APPROVED
2026-09-01 12:47:01.537682+05:30,24472.45,24498.39,24459.88,24470.57,7697.0,0.154,LOW_TOXICITY,3e-06,0.2581,HOLD,0,0,0.5,1.0,1,APPROVED
2026-09-01 12:48:01.537682+05:30,24491.21,24515.67,24474.0,24498.96,12699.0,0.154,LOW_TOXICITY,8.8e-05,0.2747,HOLD,0,0,0.5,1.0,1,APPROVED
2026-09-02 10:44:02.103500+05:30,23861.8,23861.8,23761.33,23861.8,12701.0,0.1664,LOW_TOXICITY,-3.8e-05,0.676,HOLD,0,0,0.5,0.039,-1,APPROVED
2026-09-01 12:49:01.537682+05:30,24483.15,24505.44,24478.97,24486.31,24234.0,0.154,LOW_TOXICITY,5.3e-05,0.2731,HOLD,0,0,0.5,1.0,1,APPROVED
2026-09-02 10:44:02.377230+05:30,23864.75,23864.75,23764.26,23864.75,12701.0,0.1741,LOW_TOXICITY,-3.5e-05,1.2935,HOLD,0,0,0.5,0.04,1,APPROVED
2026-09-01 12:50:01.537682+05:30,24456.93,24474.27,24428.08,24431.11,16428.0,0.154,LOW_TOXICITY,-2.5e-05,0.3409,HOLD,0,0,0.5,1.0,1,APPROVED
2026-09-02 10:44:03.572212+05:30,23865.05,23865.05,23764.56,23865.05,12701.0,0.1712,LOW_TOXICITY,-3e-05,1.3723,HOLD,0,0,0.5,0.04,1,APPROVED
2026-09-02 10:44:03.280518+05:30,24000.0,24000.0,23761.97,24000.0,12701.0,0.1524,LOW_TOXICITY,0.000343,1.1638,BUY,1,1,0.6267,0.077,-1,APPROVED
2026-09-01 12:51:01.537682+05:30,24496.36,24552.58,24464.31,24491.18,44583.0,0.154,LOW_TOXICITY,0.000109,0.3964,HOLD,0,0,0.5,1.0,1,APPROVED
2026-09-01 12:52:01.537682+05:30,24540.06,24537.5,24525.01,24530.4,16345.0,0.154,LOW_TOXICITY,0.000182,0.4035,BUY,1,1,0.5,1.0,1,VETO
2026-09-02 10:44:04.655598+05:30,23864.35,23864.35,23763.86,23864.35,12701.0,0.166,LOW_TOXICITY,-3.8e-05,1.3176,HOLD,0,0,0.5,0.04,-1,APPROVED
2026-09-01 12:53:01.537682+05:30,24467.98,24511.18,24428.7,24499.79,12109.0,0.154,LOW_TOXICITY,0.0001,0.4007,HOLD,0,0,0.5,1.0,1,APPROVED
2026-09-01 12:54:01.537682+05:30,24494.85,24517.03,24489.89,24514.37,5149.0,0.154,LOW_TOXICITY,6.2e-05,0.3838,HOLD,0,0,0.5,1.0,1,APPROVED
2026-09-01 12:55:01.537682+05:30,24491.74,24519.54,24468.79,24506.12,17465.0,0.154,LOW_TOXICITY,5.9e-05,0.3704,HOLD,0,0,0.5,1.0,1,APPROVED
2026-09-01 12:56:01.537682+05:30,24506.74,24532.82,24479.86,24512.46,20829.0,0.1527,LOW_TOXICITY,3.6e-05,0.3532,HOLD,0,0,0.5,1.0,1,APPROVED
2026-09-01 12:57:01.537682+05:30,24535.66,24559.73,24502.26,24521.0,21901.0,0.1527,LOW_TOXICITY,0.00012,0.3388,HOLD,0,0,0.5,1.0,1,APPROVED
2026-09-01 12:58:01.537682+05:30,24502.85,24543.96,24465.81,24516.12,14252.0,0.1527,LOW_TOXICITY,0.000105,0.3257,HOLD,0,0,0.5,1.0,1,APPROVED
2026-09-01 12:59:01.537682+05:30,24510.81,24506.83,24497.27,24497.32,7081.0,0.1527,LOW_TOXICITY,6.2e-05,0.3226,HOLD,0,0,0.5,1.0,1,APPROVED
2026-09-01 13:00:01.537682+05:30,24479.02,24498.76,24447.63,24479.09,11556.0,0.1527,LOW_TOXICITY,-5e-06,0.3195,HOLD,0,0,0.5,1.0,1,APPROVED
2026-09-01 13:01:01.537682+05:30,24474.85,24479.94,24452.62,24460.42,14396.0,0.1527,LOW_TOXICITY,-3.5e-05,0.3173,HOLD,0,0,0.5,1.0,1,APPROVED
2026-09-01 13:02:01.537682+05:30,24427.65,24466.13,24382.34,24442.7,14189.0,0.1527,LOW_TOXICITY,-7.6e-05,0.3147,HOLD,0,0,0.5,1.0,1,APPROVED
2026-09-01 13:03:01.537682+05:30,24459.94,24458.73,24433.87,24442.22,14633.0,0.1527,LOW_TOXICITY,-0.000155,0.3042,SELL,1,1,0.5468,1.0,1,VETO
2026-09-01 13:04:01.537682+05:30,24428.1,24434.5,24409.17,24428.26,21200.0,0.1527,LOW_TOXICITY,-0.000158,0.3006,SELL,-1,1,0.5001,1.0,1,APPROVED
2026-09-01 13:05:01.537682+05:30,24436.99,24457.88,24433.34,24446.51,15202.0,0.1527,LOW_TOXICITY,4.2e-05,0.2963,HOLD,0,0,0.5,1.0,1,APPROVED
2026-09-01 13:06:01.537682+05:30,24455.93,24503.72,24422.62,24486.72,7630.0,0.1527,LOW_TOXICITY,-1.2e-05,0.3266,HOLD,0,0,0.5,1.0,1,APPROVED
2026-09-01 13:07:01.537682+05:30,24475.94,24493.81,24442.81,24473.35,29770.0,0.1527,LOW_TOXICITY,-0.000155,0.3185,SELL,-1,1,0.5219,1.0,1,APPROVED
2026-09-01 13:08:01.537682+05:30,24471.56,24488.41,24453.19,24481.09,12941.0,0.152,LOW_TOXICITY,-5.1e-05,0.308,HOLD,0,0,0.5,1.0,1,APPROVED
2026-09-01 13:09:01.537682+05:30,24490.74,24506.93,24492.23,24499.32,15814.0,0.152,LOW_TOXICITY,-4.1e-05,0.3055,HOLD,0,0,0.5,1.0,1,APPROVED
2026-09-01 13:10:01.537682+05:30,24509.24,24517.68,24499.73,24516.76,12754.0,0.152,LOW_TOXICITY,2.9e-05,0.3028,HOLD,0,0,0.5,1.0,1,APPROVED
2026-09-01 13:11:01.537682+05:30,24533.98,24540.54,24518.98,24520.63,7602.0,0.152,LOW_TOXICITY,2.2e-05,0.2935,HOLD,0,0,0.5,1.0,1,APPROVED
2026-09-01 13:12:01.537682+05:30,24540.46,24548.66,24540.92,24546.55,10483.0,0.152,LOW_TOXICITY,6.9e-05,0.3019,HOLD,0,0,0.5,1.0,1,APPROVED
2026-09-01 13:13:01.537682+05:30,24554.21,24567.79,24536.63,24562.52,8816.0,0.152,LOW_TOXICITY,0.000126,0.2985,HOLD,0,0,0.5,1.0,1,APPROVED
2026-09-01 13:14:01.537682+05:30,24491.56,24562.11,24436.86,24522.96,18857.0,0.152,LOW_TOXICITY,7e-05,0.3292,HOLD,0,0,0.5,1.0,1,APPROVED
2026-09-01 13:15:01.537682+05:30,24538.35,24569.11,24523.81,24550.48,17941.0,0.152,LOW_TOXICITY,0.000194,0.3321,BUY,1,1,0.5,1.0,1,VETO
2026-09-01 13:16:01.537682+05:30,24580.71,24601.68,24573.3,24578.74,21313.0,0.152,LOW_TOXICITY,0.000322,0.3358,BUY,1,1,0.5,1.0,1,VETO
2026-09-01 13:17:01.537682+05:30,24559.12,24576.95,24545.22,24557.83,13153.0,0.152,LOW_TOXICITY,0.000313,0.3327,BUY,1,1,0.5,1.0,1,VETO
2026-09-01 13:18:01.537682+05:30,24554.4,24563.58,24542.8,24560.21,28854.0,0.152,LOW_TOXICITY,0.000321,0.3193,BUY,1,1,0.5,1.0,1,VETO
2026-09-01 13:19:01.537682+05:30,24586.94,24600.66,24556.11,24582.88,9293.0,0.152,LOW_TOXICITY,0.000421,0.319,BUY,1,1,0.5,1.0,1,VETO
2026-09-01 13:20:01.537682+05:30,24586.96,24610.16,24570.02,24576.92,34419.0,0.1526,LOW_TOXICITY,0.000355,0.3085,BUY,1,1,0.5,1.0,1,VETO
2026-09-01 13:21:01.537682+05:30,24590.59,24614.33,24586.15,24613.16,24737.0,0.1526,LOW_TOXICITY,0.000343,0.328,BUY,1,1,0.5,1.0,1,VETO
2026-09-01 13:22:01.537682+05:30,24724.98,24729.83,24686.34,24689.44,12109.0,0.1526,LOW_TOXICITY,0.000586,0.4279,BUY,1,1,0.5,1.0,1,VETO
2026-09-01 13:23:01.537682+05:30,24672.3,24669.11,24667.68,24668.06,18728.0,0.1526,LOW_TOXICITY,0.000507,0.4116,BUY,1,1,0.5,1.0,1,VETO
2026-09-01 13:24:01.537682+05:30,24630.85,24638.84,24629.19,24631.35,6857.0,0.1526,LOW_TOXICITY,0.000358,0.4142,BUY,1,1,0.5,1.0,1,VETO
2026-09-01 13:25:01.537682+05:30,24617.57,24647.18,24598.06,24641.3,9260.0,0.1526,LOW_TOXICITY,0.000338,0.3928,BUY,1,1,0.5,1.0,1,VETO
2026-09-01 13:26:01.537682+05:30,24669.11,24684.78,24648.33,24664.88,12932.0,0.1526,LOW_TOXICITY,0.000391,0.3817,BUY,1,1,0.5,1.0,1,VETO
2026-09-01 13:27:01.537682+05:30,24660.1,24680.58,24657.5,24659.61,14507.0,0.1526,LOW_TOXICITY,0.000306,0.3628,BUY,1,1,0.5,1.0,1,VETO
2026-09-01 13:28:01.537682+05:30,24681.25,24742.87,24652.32,24705.69,32176.0,0.1526,LOW_TOXICITY,0.000387,0.3866,BUY,1,1,0.5,1.0,1,VETO
2026-09-01 13:29:01.537682+05:30,24647.7,24686.01,24612.61,24660.32,13453.0,0.1526,LOW_TOXICITY,0.000372,0.4072,BUY,1,1,0.5,1.0,1,VETO
2026-09-01 13:30:01.537682+05:30,24681.77,24696.9,24665.04,24686.34,11622.0,0.1526,LOW_TOXICITY,0.000368,0.3962,BUY,1,1,0.5,1.0,1,VETO
2026-09-01 13:31:01.537682+05:30,24672.45,24692.89,24655.01,24662.72,12942.0,0.1526,LOW_TOXICITY,0.000227,0.3864,BUY,1,1,0.5,1.0,1,VETO
2026-09-01 13:32:01.537682+05:30,24731.39,24804.52,24631.13,24729.62,24566.0,0.1526,LOW_TOXICITY,0.000465,0.4451,BUY,1,1,0.5,1.0,1,VETO
2026-09-01 13:33:01.537682+05:30,24784.63,24818.47,24688.35,24798.94,14771.0,0.1565,LOW_TOXICITY,0.000645,0.4928,BUY,1,1,0.5,1.0,1,VETO
2026-09-01 13:34:01.537682+05:30,24788.64,24795.29,24768.66,24778.18,13759.0,0.1565,LOW_TOXICITY,0.000528,0.4672,BUY,1,1,0.5,1.0,1,VETO
2026-09-01 13:35:01.537682+05:30,24757.28,24790.41,24736.45,24761.19,9866.0,0.1565,LOW_TOXICITY,0.000498,0.4457,BUY,1,1,0.5,1.0,1,VETO
2026-09-01 13:36:01.537682+05:30,24766.08,24820.09,24714.23,24792.47,6945.0,0.1565,LOW_TOXICITY,0.000484,0.434,BUY,1,1,0.5,1.0,1,VETO
2026-09-01 13:37:01.537682+05:30,24780.33,24791.23,24773.52,24780.34,10384.0,0.1565,LOW_TOXICITY,0.000245,0.4109,BUY,1,1,0.5,1.0,1,VETO
2026-09-01 13:38:01.537682+05:30,24777.01,24805.06,24727.62,24779.99,7478.0,0.1565,LOW_TOXICITY,0.000302,0.3875,BUY,1,1,0.5,1.0,1,VETO
2026-09-01 13:39:01.537682+05:30,24796.28,24818.18,24772.9,24782.03,12997.0,0.1565,LOW_TOXICITY,0.000407,0.3669,BUY,1,1,0.5,1.0,1,VETO
2026-09-01 13:40:01.537682+05:30,24700.31,24753.52,24642.85,24709.1,12079.0,0.1565,LOW_TOXICITY,0.000183,0.4521,BUY,1,1,0.5,1.0,1,VETO
2026-09-01 13:41:01.537682+05:30,24705.12,24739.61,24689.39,24709.8,13461.0,0.1565,LOW_TOXICITY,0.000121,0.4236,HOLD,0,0,0.5,1.0,1,APPROVED
2026-09-01 13:42:01.537682+05:30,24703.43,24712.5,24678.37,24684.57,25578.0,0.1565,LOW_TOXICITY,6.7e-05,0.4115,HOLD,0,0,0.5,1.0,1,APPROVED
2026-09-01 13:43:01.537682+05:30,24676.16,24666.79,24664.06,24666.05,17984.0,0.1565,LOW_TOXICITY,-0.000107,0.3954,HOLD,0,0,0.5,1.0,1,APPROVED
2026-09-01 13:44:01.537682+05:30,24701.27,24744.78,24646.76,24726.46,22698.0,0.1565,LOW_TOXICITY,0.000179,0.4393,BUY,1,1,0.5,1.0,1,VETO
2026-09-01 13:45:01.537682+05:30,24679.76,24705.51,24662.48,24676.06,13428.0,0.1565,LOW_TOXICITY,-2.8e-05,0.4576,HOLD,0,0,0.5,1.0,1,APPROVED
2026-09-01 13:46:01.537682+05:30,24749.4,24782.62,24701.71,24708.33,10380.0,0.1565,LOW_TOXICITY,0.000123,0.4467,HOLD,0,0,0.5,1.0,1,APPROVED
2026-09-01 13:47:01.537682+05:30,24692.67,24699.84,24681.37,24698.64,12224.0,0.1549,LOW_TOXICITY,-8.4e-05,0.4231,HOLD,0,0,0.5,1.0,1,APPROVED
2026-09-01 13:48:01.537682+05:30,24688.31,24708.96,24657.06,24687.5,10096.0,0.1549,LOW_TOXICITY,-0.0003,0.4028,SELL,-1,1,0.7089,1.0,1,VETO
2026-09-01 13:49:01.537682+05:30,24731.35,24744.16,24707.02,24726.3,6176.0,0.1549,LOW_TOXICITY,-0.00014,0.4076,HOLD,0,0,0.5,1.0,1,APPROVED
2026-09-01 13:50:01.537682+05:30,24747.96,24768.02,24732.0,24745.02,51849.0,0.1549,LOW_TOXICITY,-4.4e-05,0.3921,HOLD,0,0,0.5,1.0,1,APPROVED
2026-09-01 13:51:01.537682+05:30,24758.18,24782.24,24763.75,24774.13,28340.0,0.1549,LOW_TOXICITY,-4.9e-05,0.3872,HOLD,0,0,0.5,1.0,1,APPROVED
2026-09-01 13:52:01.537682+05:30,24822.6,24874.53,24777.51,24818.96,29577.0,0.1549,LOW_TOXICITY,0.000104,0.4032,HOLD,0,0,0.5,1.0,1,APPROVED
2026-09-01 13:53:01.537682+05:30,24814.45,24823.32,24802.05,24805.65,10161.0,0.1549,LOW_TOXICITY,6.9e-05,0.3862,HOLD,0,0,0.5,1.0,1,APPROVED
2026-09-01 13:54:01.537682+05:30,24786.78,24783.62,24778.65,24780.36,22773.0,0.1549,LOW_TOXICITY,-4e-06,0.3804,HOLD,0,0,0.5,1.0,1,APPROVED
2026-09-01 13:55:01.537682+05:30,24743.1,24753.96,24715.62,24731.85,14010.0,0.1549,LOW_TOXICITY,6.1e-05,0.4061,HOLD,0,0,0.5,1.0,1,APPROVED
2026-09-01 13:56:01.537682+05:30,24710.68,24731.85,24688.28,24700.11,22412.0,0.1549,LOW_TOXICITY,-2.6e-05,0.4041,HOLD,0,0,0.5,1.0,1,APPROVED
2026-09-01 13:57:01.537682+05:30,24770.94,24853.49,24684.95,24831.28,17884.0,0.1531,LOW_TOXICITY,0.000395,0.6164,BUY,1,1,0.5,1.0,1,VETO
2026-09-01 13:58:01.537682+05:30,24880.43,24895.45,24839.75,24886.08,11020.0,0.1531,LOW_TOXICITY,0.000592,0.6077,BUY,1,1,0.5,1.0,1,VETO
2026-09-01 13:59:01.537682+05:30,24829.94,24862.54,24779.9,24831.8,30578.0,0.1531,LOW_TOXICITY,0.000283,0.6022,BUY,1,1,0.5,1.0,1,VETO
2026-09-01 14:00:01.537682+05:30,24801.47,24797.53,24772.79,24783.53,18876.0,0.1531,LOW_TOXICITY,0.00029,0.5904,BUY,1,1,0.5,1.0,1,VETO
2026-09-01 14:01:01.537682+05:30,24795.49,24810.21,24773.03,24800.24,8678.0,0.1531,LOW_TOXICITY,0.000248,0.5539,BUY,1,1,0.5,1.0,1,VETO
2026-09-01 14:02:01.537682+05:30,24825.99,24846.25,24812.42,24820.34,12443.0,0.1531,LOW_TOXICITY,0.000328,0.5226,BUY,1,1,0.5,1.0,1,VETO
2026-09-01 14:03:01.537682+05:30,24852.46,24873.43,24818.6,24840.51,5251.0,0.1531,LOW_TOXICITY,0.000412,0.4948,BUY,1,1,0.5,1.0,1,VETO
2026-09-01 14:04:01.537682+05:30,24840.81,24856.35,24815.48,24834.0,13079.0,0.1531,LOW_TOXICITY,0.00029,0.4655,BUY,1,1,0.5,1.0,1,VETO
2026-09-01 14:05:01.537682+05:30,24837.05,24832.57,24827.68,24831.91,7218.0,0.1531,LOW_TOXICITY,0.000234,0.4436,BUY,1,1,0.5,1.0,1,VETO
2026-09-01 14:06:01.537682+05:30,24840.03,24855.46,24816.41,24841.57,43548.0,0.1531,LOW_TOXICITY,0.000181,0.4197,BUY,1,1,0.5,1.0,1,VETO
2026-09-01 14:07:01.537682+05:30,24839.97,24857.55,24823.59,24845.47,24947.0,0.1531,LOW_TOXICITY,7.1e-05,0.3973,HOLD,0,0,0.5,1.0,1,APPROVED
2026-09-01 14:08:01.537682+05:30,24788.32,24780.58,24756.77,24780.12,11825.0,0.1518,LOW_TOXICITY,-6.9e-05,0.454,HOLD,0,0,0.5,1.0,1,APPROVED
2026-09-01 14:09:01.537682+05:30,24789.27,24807.78,24763.69,24775.5,27046.0,0.1518,LOW_TOXICITY,-1.3e-05,0.4283,HOLD,0,0,0.5,1.0,1,APPROVED
2026-09-01 14:10:01.537682+05:30,24733.94,24758.03,24725.37,24755.49,11136.0,0.1518,LOW_TOXICITY,6.4e-05,0.4128,HOLD,0,0,0.5,1.0,1,APPROVED
2026-09-01 14:11:01.537682+05:30,24763.47,24767.59,24758.38,24761.0,19082.0,0.1518,LOW_TOXICITY,0.000164,0.3914,BUY,1,1,0.5,1.0,1,VETO
2026-09-01 14:12:01.537682+05:30,24818.58,24832.82,24805.41,24811.93,9273.0,0.1518,LOW_TOXICITY,-5.2e-05,0.4171,HOLD,0,0,0.5,1.0,1,APPROVED
2026-09-01 14:13:01.537682+05:30,24818.19,24822.08,24816.2,24819.48,13780.0,0.1518,LOW_TOXICITY,-0.000179,0.3956,SELL,1,-1,0.5793,1.0,1,VETO
2026-09-01 14:14:01.537682+05:30,24818.55,24817.09,24805.48,24815.36,7507.0,0.1518,LOW_TOXICITY,-4.4e-05,0.3763,HOLD,0,0,0.5,1.0,1,APPROVED
2026-09-01 14:15:01.537682+05:30,24805.42,24851.34,24771.35,24834.87,7056.0,0.1518,LOW_TOXICITY,0.000138,0.365,HOLD,0,0,0.5,1.0,1,APPROVED
2026-09-01 14:16:01.537682+05:30,24831.9,24865.36,24801.12,24848.58,40141.0,0.1518,LOW_TOXICITY,0.00013,0.3522,HOLD,0,0,0.5,1.0,1,APPROVED
2026-09-01 14:17:01.537682+05:30,24848.63,24897.48,24816.9,24862.18,21508.0,0.1518,LOW_TOXICITY,0.000112,0.3409,HOLD,0,0,0.5,1.0,1,APPROVED
2026-09-01 14:18:01.537682+05:30,24891.71,24906.51,24869.1,24880.81,27775.0,0.1518,LOW_TOXICITY,0.000108,0.3342,HOLD,0,0,0.5,1.0,1,APPROVED
2026-09-01 14:19:01.537682+05:30,24943.98,25022.23,24922.28,24934.39,9815.0,0.1518,LOW_TOXICITY,0.000269,0.3763,BUY,1,1,0.5,1.0,1,VETO
2026-09-01 14:20:01.537682+05:30,24899.13,24912.18,24889.23,24897.9,25087.0,0.1527,LOW_TOXICITY,0.000177,0.3855,BUY,1,1,0.5,1.0,1,VETO
2026-09-01 14:21:01.537682+05:30,24933.81,24944.06,24911.02,24914.94,16523.0,0.1527,LOW_TOXICITY,0.000197,0.3719,BUY,1,1,0.5,1.0,1,VETO
2026-09-01 14:22:01.537682+05:30,24874.49,24887.16,24860.85,24885.41,39597.0,0.1527,LOW_TOXICITY,0.000107,0.3731,HOLD,0,0,0.5,1.0,1,APPROVED
2026-09-01 14:23:01.537682+05:30,24914.8,24937.84,24893.2,24904.98,17297.0,0.1527,LOW_TOXICITY,0.000335,0.3627,BUY,1,1,0.5,1.0,1,VETO
2026-09-01 14:24:01.537682+05:30,24882.73,24909.8,24874.87,24875.53,21563.0,0.1527,LOW_TOXICITY,0.000269,0.3654,BUY,1,1,0.5,1.0,1,VETO
2026-09-01 14:25:01.537682+05:30,24849.52,24880.35,24818.73,24863.1,6183.0,0.1527,LOW_TOXICITY,0.000289,0.3524,BUY,1,1,0.5,1.0,1,VETO
2026-09-01 14:26:01.537682+05:30,24857.12,24870.41,24834.59,24855.22,14388.0,0.1527,LOW_TOXICITY,0.000253,0.3399,BUY,1,1,0.5,1.0,1,VETO
2026-09-01 14:27:01.537682+05:30,24880.73,24920.14,24860.92,24884.99,16700.0,0.1527,LOW_TOXICITY,0.000196,0.3437,BUY,1,1,0.5,1.0,1,VETO
2026-09-01 14:28:01.537682+05:30,24922.06,24934.0,24903.63,24913.04,18316.0,0.1527,LOW_TOXICITY,0.000251,0.345,BUY,1,1,0.5,1.0,1,VETO
2026-09-01 14:29:01.537682+05:30,24901.31,24920.57,24877.4,24879.9,11448.0,0.1527,LOW_TOXICITY,0.000173,0.3552,BUY,1,1,0.5,1.0,1,VETO
2026-09-02 10:45:00.529245+05:30,23861.4,23861.4,23760.93,23861.4,12701.0,0.1712,LOW_TOXICITY,-4e-05,1.3723,HOLD,0,0,0.5,0.039,-1,APPROVED
2026-09-01 14:30:01.537682+05:30,24879.05,24886.71,24872.51,24882.55,5450.0,0.1527,LOW_TOXICITY,0.000128,0.3406,HOLD,0,0,0.5,1.0,1,APPROVED
2026-09-01 14:31:01.537682+05:30,24861.02,24872.85,24856.95,24865.28,7273.0,0.1527,LOW_TOXICITY,4.5e-05,0.3349,HOLD,0,0,0.5,1.0,1,APPROVED
2026-09-02 10:45:00.650460+05:30,24000.0,24000.0,23898.94,24000.0,12701.0,0.1524,LOW_TOXICITY,0.0,1.1638,HOLD,0,0,0.5,0.077,-1,APPROVED
2026-09-02 10:45:01.565979+05:30,23864.35,23864.35,23763.86,23864.35,12701.0,0.166,LOW_TOXICITY,-3.2e-05,1.6475,HOLD,0,0,0.5,0.04,-1,APPROVED
2026-09-01 14:32:01.537682+05:30,24846.77,24876.29,24820.5,24834.44,8036.0,0.149,LOW_TOXICITY,-7.4e-05,0.344,HOLD,0,0,0.5,1.0,1,APPROVED
2026-09-01 14:33:01.537682+05:30,24824.42,24847.91,24799.37,24829.13,10253.0,0.149,LOW_TOXICITY,-0.000139,0.3317,HOLD,0,0,0.5,1.0,1,APPROVED
2026-09-02 10:45:01.676933+05:30,23862.35,23862.35,23761.87,23862.35,12701.0,0.1664,LOW_TOXICITY,-5.6e-05,0.7005,HOLD,0,0,0.5,0.039,-1,APPROVED
2026-09-01 14:34:01.537682+05:30,24828.6,24835.15,24804.9,24823.51,26573.0,0.149,LOW_TOXICITY,-0.000297,0.321,SELL,-1,-1,0.6652,1.0,1,APPROVED
2026-09-01 14:35:01.537682+05:30,24844.27,24915.13,24850.57,24887.63,7191.0,0.149,LOW_TOXICITY,-2.8e-05,0.3874,HOLD,0,0,0.5,1.0,1,APPROVED
2026-09-01 14:36:01.537682+05:30,24913.7,24932.41,24898.72,24901.81,7012.0,0.149,LOW_TOXICITY,-3.5e-05,0.3725,HOLD,0,0,0.5,1.0,1,APPROVED
2026-09-01 14:37:01.537682+05:30,24871.02,24878.54,24855.89,24870.44,5493.0,0.149,LOW_TOXICITY,-4e-05,0.3757,HOLD,0,0,0.5,1.0,1,APPROVED
2026-09-01 14:38:01.537682+05:30,24849.55,24861.66,24827.13,24858.73,20239.0,0.149,LOW_TOXICITY,-0.000124,0.3624,HOLD,0,0,0.5,1.0,1,APPROVED
2026-09-02 10:45:05.313725+05:30,23861.75,23861.75,23761.28,23861.75,12701.0,0.1773,LOW_TOXICITY,-0.007396,1.1986,SELL,-1,-1,0.5,0.013,1,VETO
2026-09-02 10:45:04.465981+05:30,23862.15,23862.15,23762.67,23862.15,12701.0,0.1741,LOW_TOXICITY,-5.7e-05,1.2935,HOLD,0,0,0.5,0.039,1,APPROVED
2026-09-01 14:39:01.537682+05:30,24881.5,24903.15,24865.13,24882.63,4539.0,0.149,LOW_TOXICITY,1.9e-05,0.357,HOLD,0,0,0.5,1.0,1,APPROVED
2026-09-01 14:40:01.537682+05:30,24932.24,24934.49,24912.35,24922.27,8328.0,0.149,LOW_TOXICITY,0.000158,0.37,BUY,1,1,0.5,1.0,1,VETO
2026-09-01 14:41:01.537682+05:30,24881.1,24911.4,24862.38,24897.12,7772.0,0.149,LOW_TOXICITY,0.000112,0.367,HOLD,0,0,0.5,1.0,1,APPROVED
2026-09-01 14:42:01.537682+05:30,24874.73,24894.83,24853.1,24870.3,11639.0,0.149,LOW_TOXICITY,-3.9e-05,0.3662,HOLD,0,0,0.5,1.0,1,APPROVED
2026-09-01 14:43:01.537682+05:30,24936.63,24957.73,24904.44,24910.68,7896.0,0.149,LOW_TOXICITY,-6e-06,0.3785,HOLD,0,0,0.5,1.0,1,APPROVED
2026-09-01 14:44:01.537682+05:30,24918.12,24939.83,24901.93,24921.34,17792.0,0.149,LOW_TOXICITY,0.000111,0.3633,HOLD,0,0,0.5,1.0,1,APPROVED
2026-09-01 14:45:01.537682+05:30,24903.4,24913.21,24897.19,24898.05,14919.0,0.149,LOW_TOXICITY,4.2e-05,0.359,HOLD,0,0,0.5,1.0,1,APPROVED
2026-09-01 14:46:01.537682+05:30,24925.41,24969.99,24873.79,24915.6,23230.0,0.149,LOW_TOXICITY,0.000135,0.3496,HOLD,0,0,0.5,1.0,1,APPROVED
2026-09-01 14:47:01.537682+05:30,24871.7,24904.11,24829.8,24845.51,21555.0,0.149,LOW_TOXICITY,3e-05,0.4236,HOLD,0,0,0.5,1.0,1,APPROVED
2026-09-01 14:48:01.537682+05:30,24857.98,24893.17,24826.59,24846.84,19039.0,0.1453,LOW_TOXICITY,4.8e-05,0.4021,HOLD,0,0,0.5,1.0,1,APPROVED
2026-09-01 14:49:01.537682+05:30,24874.92,24914.11,24851.81,24857.02,16671.0,0.1453,LOW_TOXICITY,9e-05,0.3842,HOLD,0,0,0.5,1.0,1,APPROVED
2026-09-01 14:50:01.537682+05:30,24888.92,24910.42,24877.77,24880.24,22576.0,0.1453,LOW_TOXICITY,-2e-05,0.3754,HOLD,0,0,0.5,1.0,1,APPROVED
2026-09-01 14:51:01.537682+05:30,24852.92,24870.36,24831.04,24854.91,23117.0,0.1453,LOW_TOXICITY,-0.000126,0.3718,HOLD,0,0,0.5,1.0,1,APPROVED
2026-09-01 14:52:01.537682+05:30,24869.05,24885.36,24856.84,24858.36,24848.0,0.1453,LOW_TOXICITY,-3.2e-05,0.3561,HOLD,0,0,0.5,1.0,1,APPROVED
2026-09-01 14:53:01.537682+05:30,24837.69,24864.35,24826.68,24836.7,23750.0,0.1453,LOW_TOXICITY,-5.9e-05,0.352,HOLD,0,0,0.5,1.0,1,APPROVED
2026-09-01 14:54:01.537682+05:30,24836.13,24850.76,24815.88,24844.87,7366.0,0.1453,LOW_TOXICITY,-0.000101,0.3394,HOLD,0,0,0.5,1.0,1,APPROVED
2026-09-01 14:55:01.537682+05:30,24824.13,24853.09,24785.1,24820.54,9576.0,0.1453,LOW_TOXICITY,-0.000273,0.34,SELL,-1,1,0.5088,1.0,1,APPROVED
2026-09-01 14:56:01.537682+05:30,24808.36,24817.54,24807.22,24810.55,31765.0,0.1453,LOW_TOXICITY,-0.000232,0.3307,SELL,-1,-1,0.5003,1.0,1,APPROVED
2026-09-01 14:57:01.537682+05:30,24748.16,24784.8,24706.88,24780.85,11897.0,0.1453,LOW_TOXICITY,-0.00024,0.3385,SELL,-1,1,0.5258,1.0,1,APPROVED
2026-09-01 14:58:01.537682+05:30,24801.43,24801.89,24791.76,24800.18,24296.0,0.1473,LOW_TOXICITY,-0.000296,0.3333,SELL,1,1,0.5651,1.0,1,VETO
2026-09-01 14:59:01.537682+05:30,24826.0,24833.92,24818.58,24826.95,14219.0,0.1473,LOW_TOXICITY,-0.000253,0.335,SELL,1,-1,0.5055,1.0,1,VETO
2026-09-01 15:00:01.537682+05:30,24825.97,24839.13,24807.57,24820.79,29218.0,0.1473,LOW_TOXICITY,-0.000207,0.325,SELL,1,1,0.5388,1.0,1,VETO
2026-09-01 15:01:01.537682+05:30,24834.39,24851.88,24807.53,24823.2,8345.0,0.1473,LOW_TOXICITY,-0.000248,0.3152,SELL,1,1,0.5452,1.0,1,VETO
2026-09-01 15:02:01.537682+05:30,24772.16,24807.31,24757.86,24778.93,16739.0,0.1473,LOW_TOXICITY,-0.000179,0.3464,SELL,-1,1,0.5584,1.0,1,VETO
2026-09-01 15:03:01.537682+05:30,24781.44,24833.01,24731.9,24771.91,14119.0,0.1473,LOW_TOXICITY,-0.000201,0.3353,SELL,-1,1,0.604,1.0,1,VETO
2026-09-01 15:04:01.537682+05:30,24753.12,24780.06,24735.53,24771.62,16256.0,0.1473,LOW_TOXICITY,-0.000229,0.3242,SELL,1,1,0.5938,1.0,1,VETO
2026-09-01 15:05:01.537682+05:30,24893.12,24893.84,24850.01,24851.2,18910.0,0.1473,LOW_TOXICITY,-7.8e-05,0.419,HOLD,0,0,0.5,1.0,1,APPROVED
2026-09-01 15:06:01.537682+05:30,24817.64,24841.74,24813.09,24820.91,13428.0,0.1473,LOW_TOXICITY,-9.1e-05,0.414,HOLD,0,0,0.5,1.0,1,APPROVED
2026-09-01 15:07:01.537682+05:30,24892.99,24916.92,24838.46,24868.37,12579.0,0.1473,LOW_TOXICITY,2.7e-05,0.4263,HOLD,0,0,0.5,1.0,1,APPROVED
2026-09-01 15:08:01.537682+05:30,24925.47,24936.75,24893.53,24898.95,14026.0,0.1473,LOW_TOXICITY,0.000167,0.4184,BUY,1,1,0.5,1.0,1,VETO
2026-09-01 15:09:01.537682+05:30,24897.41,24923.45,24873.58,24907.29,15151.0,0.1473,LOW_TOXICITY,0.000167,0.3995,BUY,1,1,0.5,1.0,1,VETO
2026-09-01 15:10:01.537682+05:30,24953.83,24990.04,24940.6,24945.22,41975.0,0.1496,LOW_TOXICITY,0.000334,0.4025,BUY,1,1,0.5,1.0,1,VETO
2026-09-01 15:11:01.537682+05:30,24965.24,24965.82,24951.46,24955.08,10050.0,0.1496,LOW_TOXICITY,0.000387,0.3857,BUY,1,1,0.5,1.0,1,VETO
2026-09-01 15:12:01.537682+05:30,24962.36,24987.01,24958.18,24963.98,11775.0,0.1496,LOW_TOXICITY,0.000491,0.3704,BUY,1,1,0.5,1.0,1,VETO
2026-09-01 15:13:01.537682+05:30,24954.78,24969.48,24957.71,24963.88,29652.0,0.1496,LOW_TOXICITY,0.000439,0.356,BUY,1,1,0.5,1.0,1,VETO
2026-09-01 15:14:01.537682+05:30,24972.22,24991.28,24956.14,24988.91,9035.0,0.1496,LOW_TOXICITY,0.000433,0.3529,BUY,1,1,0.5,1.0,1,VETO
2026-09-01 15:15:01.537682+05:30,25010.62,25024.72,25011.98,25017.65,29460.0,0.1496,LOW_TOXICITY,0.000527,0.3519,BUY,1,1,0.5,1.0,1,VETO
2026-09-01 15:16:01.537682+05:30,24996.33,25016.88,24960.61,25002.66,10693.0,0.1496,LOW_TOXICITY,0.00048,0.3443,BUY,1,1,0.5,1.0,1,VETO
2026-09-01 15:17:01.537682+05:30,24965.5,24988.07,24916.78,24969.81,7472.0,0.1496,LOW_TOXICITY,0.000512,0.3532,BUY,1,1,0.5,1.0,1,VETO
2026-09-01 15:18:01.537682+05:30,24958.75,24967.44,24945.25,24966.1,13063.0,0.1496,LOW_TOXICITY,0.000521,0.3412,BUY,1,1,0.5,1.0,1,VETO
2026-09-01 15:19:01.537682+05:30,24957.92,24985.54,24928.16,24946.66,9364.0,0.1496,LOW_TOXICITY,0.000469,0.3379,BUY,1,1,0.5,1.0,1,VETO
2026-09-01 15:20:01.537682+05:30,24946.29,24950.9,24930.68,24946.26,7242.0,0.1496,LOW_TOXICITY,0.000255,0.3274,BUY,1,1,0.5,1.0,1,VETO
2026-09-01 15:21:01.537682+05:30,25008.62,25059.8,24957.48,24983.97,24775.0,0.1496,LOW_TOXICITY,0.000437,0.3416,BUY,1,1,0.5,1.0,1,VETO
2026-09-01 15:22:01.537682+05:30,24980.87,25025.62,24938.7,24971.57,4168.0,0.1496,LOW_TOXICITY,0.000276,0.334,BUY,1,1,0.5,1.0,1,VETO
2026-09-01 15:23:01.537682+05:30,24969.32,24975.92,24963.17,24971.52,9632.0,0.1487,LOW_TOXICITY,0.000194,0.3239,BUY,1,1,0.5,1.0,1,VETO
2026-09-01 15:24:01.537682+05:30,25001.92,25021.29,24965.93,24974.46,10000.0,0.1487,LOW_TOXICITY,0.00018,0.3151,BUY,1,1,0.5,1.0,1,VETO
2026-09-01 15:25:01.537682+05:30,24989.73,25010.82,24963.22,25000.39,11544.0,0.1487,LOW_TOXICITY,0.000147,0.317,HOLD,0,0,0.5,1.0,1,APPROVED
2026-09-01 15:26:01.537682+05:30,24928.27,24980.37,24888.1,24934.17,18320.0,0.1487,LOW_TOXICITY,-5.6e-05,0.3875,HOLD,0,0,0.5,1.0,1,APPROVED
2026-09-01 15:27:01.537682+05:30,24930.55,24950.32,24911.26,24920.34,7926.0,0.1487,LOW_TOXICITY,-0.000117,0.3745,HOLD,0,0,0.5,1.0,1,APPROVED
2026-09-01 15:28:01.537682+05:30,24932.99,24967.09,24906.54,24926.04,8285.0,0.1487,LOW_TOXICITY,-0.000101,0.3596,HOLD,0,0,0.5,1.0,1,APPROVED
2026-09-01 15:29:01.537682+05:30,24966.39,25004.82,24940.72,24955.79,24614.0,0.1487,LOW_TOXICITY,-8.8e-05,0.3597,HOLD,0,0,0.5,1.0,1,APPROVED
2026-09-01 15:30:01.537682+05:30,24942.33,24949.53,24939.07,24944.95,9384.0,0.1487,LOW_TOXICITY,-0.000194,0.3488,SELL,-1,-1,0.5159,1.0,1,APPROVED
2026-09-01 15:31:01.537682+05:30,24914.88,24914.36,24878.5,24900.64,7712.0,0.1487,LOW_TOXICITY,-0.000273,0.3721,SELL,-1,1,0.6224,1.0,1,VETO
2026-09-01 15:32:01.537682+05:30,24935.11,24952.23,24914.58,24917.13,20934.0,0.1487,LOW_TOXICITY,-0.000141,0.3609,HOLD,0,0,0.5,1.0,1,APPROVED
2026-09-01 15:33:01.537682+05:30,24883.78,24916.32,24882.17,24901.92,9605.0,0.1487,LOW_TOXICITY,-0.000172,0.352,SELL,-1,1,0.5157,1.0,1,APPROVED
2026-09-01 15:34:01.537682+05:30,24868.46,24897.69,24841.99,24874.05,17109.0,0.1487,LOW_TOXICITY,-0.000194,0.3543,SELL,-1,1,0.5731,1.0,1,VETO
2026-09-01 15:35:01.537682+05:30,24862.79,24877.37,24855.81,24861.31,16478.0,0.1487,LOW_TOXICITY,-0.000227,0.3455,SELL,-1,1,0.5368,1.0,1,APPROVED
2026-09-01 15:36:01.537682+05:30,24853.41,24861.09,24836.86,24858.25,13648.0,0.1487,LOW_TOXICITY,-0.000336,0.3349,SELL,1,-1,0.6931,1.0,1,VETO
2026-09-01 15:37:01.537682+05:30,24846.6,24867.45,24832.03,24846.95,11671.0,0.1487,LOW_TOXICITY,-0.000334,0.3279,SELL,-1,-1,0.6815,1.0,1,APPROVED
2026-09-01 15:38:01.537682+05:30,24788.34,24810.68,24767.12,24798.81,14774.0,0.1501,LOW_TOXICITY,-0.000463,0.3596,SELL,-1,-1,0.5165,1.0,1,APPROVED
2026-09-01 15:39:01.537682+05:30,24806.36,24819.18,24804.12,24815.9,5745.0,0.1501,LOW_TOXICITY,-0.000425,0.3512,SELL,1,1,0.5908,1.0,1,VETO
2026-09-01 15:40:01.537682+05:30,24842.69,24862.6,24831.98,24844.38,12542.0,0.1501,LOW_TOXICITY,-0.000417,0.3518,SELL,1,-1,0.5154,1.0,1,VETO
2026-09-01 15:41:01.537682+05:30,24853.96,24871.41,24848.85,24860.75,22718.0,0.1501,LOW_TOXICITY,-0.000197,0.344,SELL,1,1,0.509,1.0,1,VETO
2026-09-01 15:42:01.537682+05:30,24829.31,24861.72,24806.91,24834.34,25523.0,0.1501,LOW_TOXICITY,-0.00023,0.3459,SELL,-1,-1,0.5942,1.0,1,APPROVED
2026-09-01 15:43:01.537682+05:30,24798.37,24833.4,24779.33,24830.04,11896.0,0.1501,LOW_TOXICITY,-0.000257,0.3354,SELL,1,-1,0.5541,1.0,1,VETO
2026-09-01 15:44:01.537682+05:30,24839.82,24857.65,24821.63,24831.07,27811.0,0.1501,LOW_TOXICITY,-0.000334,0.3257,SELL,1,-1,0.6082,1.0,1,VETO
2026-09-01 15:45:01.537682+05:30,24852.78,24860.19,24829.05,24853.55,28607.0,0.1501,LOW_TOXICITY,-0.000245,0.3245,SELL,1,1,0.5659,1.0,1,VETO
2026-09-01 15:46:01.537682+05:30,24858.12,24881.17,24829.81,24874.66,23524.0,0.1501,LOW_TOXICITY,-7e-05,0.323,HOLD,0,0,0.5,1.0,1,APPROVED
2026-09-01 15:47:01.537682+05:30,24842.79,24858.73,24817.02,24856.88,18385.0,0.1501,LOW_TOXICITY,-0.000161,0.321,SELL,-1,-1,0.5587,1.0,1,APPROVED
2026-09-01 15:48:01.537682+05:30,24854.47,24884.93,24852.49,24860.11,10477.0,0.1501,LOW_TOXICITY,-0.000112,0.313,HOLD,0,0,0.5,1.0,1,APPROVED
2026-09-01 15:49:01.537682+05:30,24875.78,24899.96,24854.15,24872.61,8123.0,0.1413,LOW_TOXICITY,-4e-06,0.3083,HOLD,0,0,0.5,1.0,1,APPROVED
2026-09-01 15:50:01.537682+05:30,24906.15,24977.4,24851.01,24912.34,15529.0,0.1413,LOW_TOXICITY,0.000137,0.3281,HOLD,0,0,0.5,1.0,1,APPROVED
2026-09-01 15:51:01.537682+05:30,24934.49,24946.37,24916.77,24930.83,20791.0,0.1413,LOW_TOXICITY,0.000194,0.3244,BUY,1,1,0.5,1.0,1,VETO
2026-09-01 15:52:01.537682+05:30,24916.44,24959.64,24884.98,24952.05,5922.0,0.1413,LOW_TOXICITY,0.000281,0.3229,BUY,1,1,0.5,1.0,1,VETO
2026-09-01 15:53:01.537682+05:30,24933.31,24964.23,24919.43,24955.25,8150.0,0.1413,LOW_TOXICITY,0.000419,0.3147,BUY,1,1,0.5,1.0,1,VETO
2026-09-01 15:54:01.537682+05:30,24990.6,25014.3,24959.31,24987.28,11037.0,0.1413,LOW_TOXICITY,0.000459,0.3242,BUY,1,1,0.5,1.0,1,VETO
2026-09-01 15:55:01.537682+05:30,24983.37,25000.01,24975.48,24995.91,11907.0,0.1413,LOW_TOXICITY,0.000405,0.3147,BUY,1,1,0.5,1.0,1,VETO
2026-09-01 15:56:01.537682+05:30,24951.88,24991.87,24939.15,24983.51,16278.0,0.1413,LOW_TOXICITY,0.000328,0.3105,BUY,1,1,0.5,1.0,1,VETO
2026-09-01 15:57:01.537682+05:30,24988.75,25017.05,24958.64,25005.81,21026.0,0.1413,LOW_TOXICITY,0.000459,0.3113,BUY,1,1,0.5,1.0,1,VETO
2026-09-01 15:58:01.537682+05:30,25025.89,25022.0,25010.74,25017.53,4728.0,0.1413,LOW_TOXICITY,0.000502,0.306,BUY,1,1,0.5,1.0,1,VETO
2026-09-01 15:59:01.537682+05:30,24992.34,25019.85,24961.6,25010.4,30929.0,0.1413,LOW_TOXICITY,0.00048,0.3008,BUY,1,1,0.5,1.0,1,VETO
2026-09-01 16:00:01.537682+05:30,25010.69,25018.05,25002.94,25003.68,4467.0,0.1413,LOW_TOXICITY,0.000401,0.2961,BUY,1,1,0.5,1.0,1,VETO
2026-09-01 16:01:01.537682+05:30,25017.91,25039.09,24987.34,25012.4,21023.0,0.1413,LOW_TOXICITY,0.000368,0.2918,BUY,1,1,0.5,1.0,1,VETO
2026-09-01 16:02:01.537682+05:30,25019.47,25033.52,25007.29,25026.12,25035.0,0.1413,LOW_TOXICITY,0.000452,0.2899,BUY,1,1,0.5,1.0,1,VETO
2026-09-01 16:03:01.537682+05:30,25030.75,25033.03,25031.5,25032.83,19064.0,0.1439,LOW_TOXICITY,0.000462,0.2859,BUY,1,1,0.5,1.0,1,VETO
2026-09-01 16:04:01.537682+05:30,25029.11,25051.55,25019.61,25041.92,7852.0,0.1439,LOW_TOXICITY,0.000452,0.283,BUY,1,1,0.5,1.0,1,VETO
2026-09-01 16:05:01.537682+05:30,25098.21,25120.21,25086.16,25090.05,22850.0,0.1439,LOW_TOXICITY,0.000474,0.3168,BUY,1,1,0.5,1.0,1,VETO
2026-09-01 16:06:01.537682+05:30,25133.84,25135.27,25113.87,25119.17,30514.0,0.1439,LOW_TOXICITY,0.000502,0.322,BUY,1,1,0.5,1.0,1,VETO
2026-09-01 16:07:01.537682+05:30,25147.27,25161.43,25119.05,25125.5,8417.0,0.1439,LOW_TOXICITY,0.000462,0.3135,BUY,1,1,0.5,1.0,1,VETO
2026-09-01 16:08:01.537682+05:30,25149.94,25187.07,25087.16,25159.25,9256.0,0.1439,LOW_TOXICITY,0.000543,0.3239,BUY,1,1,0.5,1.0,1,VETO
2026-09-01 16:09:01.537682+05:30,25118.68,25129.28,25097.37,25125.39,11818.0,0.1439,LOW_TOXICITY,0.000367,0.3362,BUY,1,1,0.5,1.0,1,VETO
2026-09-01 16:10:01.537682+05:30,25143.15,25171.29,25131.39,25141.48,9071.0,0.1439,LOW_TOXICITY,0.000387,0.3293,BUY,1,1,0.5,1.0,1,VETO
2026-09-01 16:11:01.537682+05:30,25228.34,25328.8,25122.67,25205.8,5642.0,0.1439,LOW_TOXICITY,0.000591,0.3819,BUY,1,1,0.5,1.0,1,VETO
2026-09-01 16:12:01.537682+05:30,25213.32,25233.37,25199.47,25199.53,36621.0,0.1439,LOW_TOXICITY,0.000514,0.3675,BUY,1,1,0.5,1.0,1,VETO
2026-09-01 16:13:01.537682+05:30,25185.43,25221.01,25141.68,25167.16,20680.0,0.1439,LOW_TOXICITY,0.000398,0.3712,BUY,1,1,0.5,1.0,1,VETO
2026-09-01 16:14:01.537682+05:30,25133.8,25157.78,25109.95,25144.12,12815.0,0.1439,LOW_TOXICITY,0.000355,0.3662,BUY,1,1,0.5,1.0,1,VETO
2026-09-01 16:15:01.537682+05:30,25091.48,25117.05,25081.22,25099.27,8181.0,0.1438,LOW_TOXICITY,0.000254,0.3871,BUY,1,1,0.5,1.0,1,VETO
2026-09-01 16:16:01.537682+05:30,25053.13,25069.46,25054.53,25066.17,22651.0,0.1438,LOW_TOXICITY,0.000143,0.3889,HOLD,0,0,0.5,1.0,1,APPROVED
2026-09-01 16:17:01.537682+05:30,25064.25,25092.55,25038.89,25052.1,9992.0,0.1438,LOW_TOXICITY,6.9e-05,0.3763,HOLD,0,0,0.5,1.0,1,APPROVED
2026-09-01 16:18:01.537682+05:30,24947.04,25023.7,24893.18,24993.42,50588.0,0.1438,LOW_TOXICITY,-0.000105,0.4147,HOLD,0,0,0.5,1.0,1,APPROVED
2026-09-01 16:19:01.537682+05:30,25002.03,25005.36,24993.27,24995.37,47518.0,0.1438,LOW_TOXICITY,-0.000124,0.3957,HOLD,0,0,0.5,1.0,1,APPROVED
2026-09-01 16:20:01.537682+05:30,25028.31,25076.99,24994.38,25038.16,14737.0,0.1438,LOW_TOXICITY,-0.000138,0.4036,HOLD,0,0,0.5,1.0,1,APPROVED
2026-09-01 16:21:01.537682+05:30,25044.0,25058.63,25001.9,25002.62,15434.0,0.1438,LOW_TOXICITY,-0.00031,0.4055,SELL,-1,-1,0.554,1.0,1,APPROVED
2026-09-01 16:22:01.537682+05:30,25064.68,25077.05,25028.22,25061.36,9878.0,0.1438,LOW_TOXICITY,-0.00017,0.433,SELL,1,1,0.819,1.0,1,VETO
2026-09-01 16:23:01.537682+05:30,25081.86,25123.58,25037.22,25081.39,13814.0,0.1438,LOW_TOXICITY,-0.000207,0.4169,SELL,1,1,0.8498,1.0,1,VETO
2026-09-01 16:24:01.537682+05:30,25111.79,25156.22,25081.52,25120.0,11057.0,0.1438,LOW_TOXICITY,-1.4e-05,0.4168,HOLD,0,0,0.5,1.0,1,APPROVED
2026-09-01 16:25:01.537682+05:30,25110.62,25126.59,25087.03,25096.38,7122.0,0.1449,LOW_TOXICITY,-0.00012,0.4078,HOLD,0,0,0.5,1.0,1,APPROVED
2026-09-01 16:26:01.537682+05:30,25109.51,25144.05,25088.77,25130.09,18778.0,0.1449,LOW_TOXICITY,-0.000201,0.4044,SELL,1,1,0.6628,1.0,1,VETO
2026-09-01 16:27:01.537682+05:30,25088.56,25118.31,25085.01,25094.69,15703.0,0.1449,LOW_TOXICITY,-0.000278,0.4061,SELL,-1,-1,0.6322,1.0,1,APPROVED
2026-09-01 16:28:01.537682+05:30,25115.35,25127.98,25105.47,25126.69,15552.0,0.1449,LOW_TOXICITY,-0.000107,0.4015,HOLD,0,0,0.5,1.0,1,APPROVED
2026-09-01 16:29:01.537682+05:30,25136.92,25152.78,25100.44,25134.17,9879.0,0.1449,LOW_TOXICITY,-2.6e-05,0.3843,HOLD,0,0,0.5,1.0,1,APPROVED
2026-09-01 16:30:01.537682+05:30,25165.94,25158.43,25133.13,25156.22,7485.0,0.1449,LOW_TOXICITY,0.000151,0.3749,BUY,1,1,0.5,1.0,1,VETO
2026-09-01 16:31:01.537682+05:30,25098.82,25128.85,25080.12,25109.91,10178.0,0.1449,LOW_TOXICITY,0.000116,0.3949,HOLD,0,0,0.5,1.0,1,APPROVED
2026-09-01 16:32:01.537682+05:30,25079.02,25110.83,25071.84,25073.22,23016.0,0.1449,LOW_TOXICITY,5.6e-05,0.3995,HOLD,0,0,0.5,1.0,1,APPROVED
2026-09-01 16:33:01.537682+05:30,25092.86,25101.6,25089.85,25100.25,11718.0,0.1449,LOW_TOXICITY,0.000284,0.3917,BUY,1,1,0.5,1.0,1,VETO
2026-09-01 16:34:01.537682+05:30,25042.73,25071.58,25020.22,25061.41,9365.0,0.1449,LOW_TOXICITY,0.000176,0.3992,BUY,1,1,0.5,1.0,1,VETO
2026-09-01 16:35:01.537682+05:30,25073.36,25099.99,25031.43,25079.64,9823.0,0.1449,LOW_TOXICITY,0.00011,0.3851,HOLD,0,0,0.5,1.0,1,APPROVED
2026-09-01 16:36:01.537682+05:30,25016.96,25082.69,24980.62,25029.5,8529.0,0.1449,LOW_TOXICITY,7.2e-05,0.4084,HOLD,0,0,0.5,1.0,1,APPROVED
2026-09-01 16:37:01.537682+05:30,25074.91,25140.71,25009.58,25062.83,16206.0,0.1449,LOW_TOXICITY,4e-06,0.4047,HOLD,0,0,0.5,1.0,1,APPROVED
2026-09-01 16:38:01.537682+05:30,25013.59,25043.36,24998.84,25016.94,5279.0,0.1449,LOW_TOXICITY,-0.000172,0.4186,SELL,-1,-1,0.63,1.0,1,APPROVED
2026-09-01 16:39:01.537682+05:30,25045.36,25067.16,25036.48,25036.97,13434.0,0.1449,LOW_TOXICITY,-0.000221,0.4042,SELL,1,1,0.6229,1.0,1,VETO
2026-09-01 16:40:01.537682+05:30,25065.55,25081.89,25039.46,25057.34,15734.0,0.1449,LOW_TOXICITY,-0.000104,0.3916,HOLD,0,0,0.5,1.0,1,APPROVED
2026-09-01 16:41:01.537682+05:30,25027.92,25035.33,25015.03,25035.11,28759.0,0.1429,LOW_TOXICITY,-0.000252,0.3836,SELL,-1,-1,0.5133,1.0,1,APPROVED
2026-09-01 16:42:01.537682+05:30,25048.71,25066.31,25045.98,25055.8,11226.0,0.1429,LOW_TOXICITY,-0.000103,0.3736,HOLD,0,0,0.5,1.0,1,APPROVED
2026-09-01 16:43:01.537682+05:30,25067.9,25088.29,25036.55,25066.25,5561.0,0.1429,LOW_TOXICITY,-0.000161,0.3603,SELL,1,1,0.5613,1.0,1,VETO
2026-09-01 16:44:01.537682+05:30,25045.08,25073.32,25006.57,25048.58,11508.0,0.1429,LOW_TOXICITY,-0.000227,0.3532,SELL,-1,-1,0.5212,1.0,1,APPROVED
2026-09-01 16:45:01.537682+05:30,25013.92,25036.39,24973.29,25014.61,6858.0,0.1429,LOW_TOXICITY,-0.000376,0.3597,SELL,-1,-1,0.6976,1.0,1,APPROVED
2026-09-01 16:46:01.537682+05:30,24902.57,24986.56,24876.51,24942.42,16030.0,0.1429,LOW_TOXICITY,-0.000446,0.4266,SELL,-1,1,0.5267,1.0,1,APPROVED
2026-09-01 16:47:01.537682+05:30,24946.78,24997.33,24895.13,24956.06,23988.0,0.1429,LOW_TOXICITY,-0.000312,0.4086,SELL,1,1,0.5972,1.0,1,VETO
2026-09-01 16:48:01.537682+05:30,24890.97,24913.38,24877.06,24901.85,16330.0,0.1429,LOW_TOXICITY,-0.000529,0.4333,SELL,-1,1,0.5267,1.0,1,APPROVED
2026-09-01 16:49:01.537682+05:30,24905.4,24918.6,24893.1,24906.31,13091.0,0.1429,LOW_TOXICITY,-0.000414,0.4126,SELL,1,1,0.7083,1.0,1,VETO
2026-09-01 16:50:01.537682+05:30,24896.03,24917.94,24874.71,24899.06,35258.0,0.1429,LOW_TOXICITY,-0.000482,0.395,SELL,1,-1,0.6363,1.0,1,VETO
2026-09-01 16:51:01.537682+05:30,24919.54,24948.11,24890.69,24921.51,16392.0,0.1429,LOW_TOXICITY,-0.000288,0.3848,SELL,1,1,0.5125,1.0,1,VETO
2026-09-01 16:52:01.537682+05:30,24895.62,24936.04,24877.5,24913.14,7037.0,0.1429,LOW_TOXICITY,-0.000399,0.3705,SELL,1,-1,0.6161,1.0,1,VETO
2026-09-01 16:53:01.537682+05:30,24912.37,24934.33,24898.08,24904.41,7261.0,0.1429,LOW_TOXICITY,-0.000301,0.358,SELL,1,-1,0.5054,1.0,1,VETO
2026-09-01 16:54:01.537682+05:30,24932.94,24943.88,24896.93,24930.57,13904.0,0.1433,LOW_TOXICITY,-0.000284,0.3553,SELL,1,-1,0.5006,1.0,1,VETO
2026-09-01 16:55:01.537682+05:30,24941.7,24943.58,24928.82,24942.26,21941.0,0.1433,LOW_TOXICITY,-0.000307,0.3454,SELL,1,-1,0.5103,1.0,1,VETO
2026-09-01 16:56:01.537682+05:30,24956.53,24977.7,24938.76,24953.17,20053.0,0.1433,LOW_TOXICITY,-0.000219,0.3359,SELL,1,-1,0.5103,1.0,1,VETO
2026-09-01 16:57:01.537682+05:30,24976.38,24980.19,24968.02,24968.14,20376.0,0.1433,LOW_TOXICITY,-0.000234,0.3291,SELL,1,1,0.7774,1.0,1,VETO
2026-09-01 16:58:01.537682+05:30,24939.62,24999.76,24884.87,24917.82,20949.0,0.1433,LOW_TOXICITY,-0.000396,0.3635,SELL,-1,-1,0.5275,1.0,1,APPROVED
2026-09-01 16:59:01.537682+05:30,24942.87,24963.97,24905.05,24944.77,27610.0,0.1433,LOW_TOXICITY,-0.000277,0.3608,SELL,1,-1,0.5774,1.0,1,VETO
2026-09-01 17:00:01.537682+05:30,24981.97,25001.6,24961.96,24968.62,21657.0,0.1433,LOW_TOXICITY,-0.000123,0.3561,HOLD,0,0,0.5,1.0,1,APPROVED
2026-09-01 17:01:01.537682+05:30,24946.22,24958.27,24928.36,24937.24,13953.0,0.1433,LOW_TOXICITY,-1.4e-05,0.3608,HOLD,0,0,0.5,1.0,1,APPROVED
2026-09-01 17:02:01.537682+05:30,24925.82,24950.0,24901.0,24930.49,37714.0,0.1433,LOW_TOXICITY,-6.8e-05,0.3491,HOLD,0,0,0.5,1.0,1,APPROVED
2026-09-01 17:03:01.537682+05:30,24942.74,24967.49,24917.63,24930.35,23599.0,0.1399,LOW_TOXICITY,7.6e-05,0.3376,HOLD,0,0,0.5,1.0,1,APPROVED
2026-09-01 17:04:01.537682+05:30,24921.43,24935.98,24919.76,24926.85,7544.0,0.1399,LOW_TOXICITY,5.5e-05,0.3279,HOLD,0,0,0.5,1.0,1,APPROVED
2026-09-01 17:05:01.537682+05:30,24925.91,24948.22,24909.68,24940.85,17644.0,0.1399,LOW_TOXICITY,0.000112,0.3208,HOLD,0,0,0.5,1.0,1,APPROVED
2026-09-01 17:06:01.537682+05:30,24993.74,25041.79,24915.91,24994.01,6738.0,0.1399,LOW_TOXICITY,0.000194,0.3572,BUY,1,1,0.5,1.0,1,VETO
2026-09-01 17:07:01.537682+05:30,25003.11,25076.95,24945.28,25038.8,21353.0,0.1399,LOW_TOXICITY,0.000335,0.3739,BUY,1,1,0.5,1.0,1,VETO
2026-09-01 17:08:01.537682+05:30,24956.74,25001.53,24953.63,24978.87,22296.0,0.1399,LOW_TOXICITY,0.000199,0.4132,BUY,1,1,0.5,1.0,1,VETO
2026-09-01 17:09:01.537682+05:30,25014.5,25022.65,25007.59,25007.91,7485.0,0.1399,LOW_TOXICITY,0.000206,0.4055,BUY,1,1,0.5,1.0,1,VETO
2026-09-01 17:10:01.537682+05:30,25076.07,25126.89,25014.68,25065.89,25200.0,0.1399,LOW_TOXICITY,0.00033,0.4312,BUY,1,1,0.5,1.0,1,VETO
2026-09-01 17:11:01.537682+05:30,25077.34,25092.54,25081.86,25085.12,12118.0,0.1399,LOW_TOXICITY,0.000352,0.4153,BUY,1,1,0.5,1.0,1,VETO
2026-09-01 17:12:01.537682+05:30,25100.92,25142.88,25041.34,25141.47,32028.0,0.1399,LOW_TOXICITY,0.000461,0.4367,BUY,1,1,0.5,1.0,1,VETO
2026-09-01 17:13:01.537682+05:30,25236.98,25292.52,25176.23,25239.43,17958.0,0.1399,LOW_TOXICITY,0.000855,0.5242,BUY,1,1,0.5,1.0,1,VETO
2026-09-01 17:14:01.537682+05:30,25297.7,25328.9,25270.99,25287.81,32671.0,0.1487,LOW_TOXICITY,0.000911,0.5188,BUY,1,1,0.5,1.0,1,VETO
2026-09-01 17:15:01.537682+05:30,25304.8,25347.69,25272.6,25300.15,6892.0,0.1487,LOW_TOXICITY,0.000879,0.5034,BUY,1,1,0.5,1.0,1,VETO
2026-09-01 17:16:01.537682+05:30,25363.65,25388.42,25314.67,25342.91,21620.0,0.1487,LOW_TOXICITY,0.001076,0.4956,BUY,1,1,0.5,1.0,1,VETO
2026-09-01 17:17:01.537682+05:30,25365.71,25396.52,25336.69,25349.46,16064.0,0.1487,LOW_TOXICITY,0.001111,0.4678,BUY,1,1,0.5,1.0,1,VETO
2026-09-01 17:18:01.537682+05:30,25353.1,25379.93,25333.71,25351.52,11494.0,0.1487,LOW_TOXICITY,0.001117,0.4426,BUY,1,1,0.5,1.0,1,VETO
2026-09-01 17:19:01.537682+05:30,25353.71,25390.1,25338.86,25342.01,13976.0,0.1487,LOW_TOXICITY,0.001101,0.4216,BUY,1,1,0.5,1.0,1,VETO
2026-09-01 17:20:01.537682+05:30,25418.15,25429.27,25369.99,25391.05,7059.0,0.1487,LOW_TOXICITY,0.001193,0.4335,BUY,1,1,0.5,1.0,1,VETO
2026-09-01 17:21:01.537682+05:30,25362.82,25393.94,25351.3,25366.72,54297.0,0.1487,LOW_TOXICITY,0.000987,0.4213,BUY,1,1,0.5,1.0,1,VETO
2026-09-01 17:22:01.537682+05:30,25384.63,25426.36,25378.6,25423.13,13297.0,0.1487,LOW_TOXICITY,0.001016,0.4434,BUY,1,1,0.5,1.0,1,VETO
2026-09-01 17:23:01.537682+05:30,25439.33,25443.66,25438.41,25440.75,18971.0,0.1487,LOW_TOXICITY,0.001221,0.4243,BUY,1,1,0.5,1.0,1,VETO
2026-09-01 17:24:01.537682+05:30,25356.86,25409.14,25307.83,25392.23,4480.0,0.1487,LOW_TOXICITY,0.001017,0.4388,BUY,1,1,0.5,1.0,1,VETO
2026-09-01 17:25:01.537682+05:30,25400.03,25414.32,25383.87,25406.24,26483.0,0.149,LOW_TOXICITY,0.000899,0.4171,BUY,1,1,0.5,1.0,1,VETO
2026-09-01 17:26:01.537682+05:30,25325.1,25395.95,25268.03,25335.57,36570.0,0.149,LOW_TOXICITY,0.000662,0.4673,BUY,1,1,0.5,1.0,1,VETO
2026-09-01 17:27:01.537682+05:30,25357.91,25367.75,25340.21,25359.41,11249.0,0.149,LOW_TOXICITY,0.000575,0.4489,BUY,1,1,0.5,1.0,1,VETO
2026-09-01 17:28:01.537682+05:30,25393.99,25412.09,25376.49,25389.38,27680.0,0.149,LOW_TOXICITY,0.000395,0.4368,BUY,1,1,0.5,1.0,1,VETO
2026-09-01 17:29:01.537682+05:30,25396.21,25415.0,25370.28,25370.81,15255.0,0.149,LOW_TOXICITY,0.000218,0.4208,BUY,1,1,0.5,1.0,1,VETO
2026-09-01 17:30:01.537682+05:30,25389.32,25406.19,25374.56,25376.26,18158.0,0.149,LOW_TOXICITY,0.0002,0.401,BUY,1,1,0.5,1.0,1,VETO
2026-09-01 17:31:01.537682+05:30,25445.32,25452.62,25421.75,25446.36,10970.0,0.149,LOW_TOXICITY,0.000272,0.4482,BUY,1,1,0.5,1.0,1,VETO
2026-09-01 17:32:01.537682+05:30,25438.15,25443.44,25417.41,25429.47,2758.0,0.149,LOW_TOXICITY,0.00021,0.43,BUY,1,1,0.5,1.0,1,VETO
2026-09-01 17:33:01.537682+05:30,25375.57,25400.9,25383.76,25385.13,16959.0,0.149,LOW_TOXICITY,8.8e-05,0.4377,HOLD,0,0,0.5,1.0,1,APPROVED
2026-09-01 17:34:01.537682+05:30,25406.76,25472.65,25413.94,25446.43,29646.0,0.149,LOW_TOXICITY,0.000274,0.4627,BUY,1,1,0.5,1.0,1,VETO
2026-09-01 17:35:01.537682+05:30,25537.8,25574.1,25475.98,25523.28,9918.0,0.149,LOW_TOXICITY,0.000346,0.5128,BUY,1,1,0.5,1.0,1,VETO
2026-09-01 17:36:01.537682+05:30,25516.0,25539.78,25515.88,25524.69,24020.0,0.151,LOW_TOXICITY,0.000414,0.4849,BUY,1,1,0.5,1.0,1,VETO
2026-09-01 17:37:01.537682+05:30,25556.14,25585.59,25533.16,25560.66,16386.0,0.151,LOW_TOXICITY,0.00036,0.4741,BUY,1,1,0.5,1.0,1,VETO
2026-09-01 17:38:01.537682+05:30,25582.09,25607.43,25583.37,25605.15,10019.0,0.151,LOW_TOXICITY,0.000429,0.4726,BUY,1,1,0.5,1.0,1,VETO
2026-09-01 17:39:01.537682+05:30,25558.84,25582.5,25536.48,25579.85,24122.0,0.151,LOW_TOXICITY,0.000491,0.4575,BUY,1,1,0.5,1.0,1,VETO
2026-09-01 17:40:01.537682+05:30,25555.28,25562.65,25550.72,25561.77,12715.0,0.151,LOW_TOXICITY,0.000407,0.4398,BUY,1,1,0.5,1.0,1,VETO
2026-09-01 17:41:01.537682+05:30,25596.86,25635.14,25550.93,25609.44,26439.0,0.151,LOW_TOXICITY,0.000717,0.4467,BUY,1,1,0.5,1.0,1,VETO
2026-09-01 17:42:01.537682+05:30,25674.48,25721.05,25647.28,25669.46,17464.0,0.151,LOW_TOXICITY,0.00081,0.4685,BUY,1,1,0.5,1.0,1,VETO
2026-09-01 17:43:01.537682+05:30,25681.54,25699.3,25674.42,25691.09,14225.0,0.151,LOW_TOXICITY,0.000788,0.4497,BUY,1,1,0.5,1.0,1,VETO
2026-09-01 17:44:01.537682+05:30,25658.23,25679.9,25609.38,25662.3,12246.0,0.151,LOW_TOXICITY,0.000762,0.4398,BUY,1,1,0.5,1.0,1,VETO
2026-09-01 17:45:01.537682+05:30,25796.09,25866.21,25724.88,25735.12,14640.0,0.151,LOW_TOXICITY,0.000936,0.4831,BUY,1,1,0.5,1.0,1,VETO
2026-09-01 17:46:01.537682+05:30,25721.56,25739.72,25699.99,25717.07,17319.0,0.151,LOW_TOXICITY,0.000705,0.4634,BUY,1,1,0.5,1.0,1,VETO
2026-09-01 17:47:01.537682+05:30,25680.28,25710.21,25667.26,25707.82,14584.0,0.151,LOW_TOXICITY,0.000726,0.4422,BUY,1,1,0.5,1.0,1,VETO
2026-09-01 17:48:01.537682+05:30,25708.13,25722.98,25702.91,25721.5,5735.0,0.1512,LOW_TOXICITY,0.000878,0.4233,BUY,1,1,0.5,1.0,1,VETO
2026-09-01 17:49:01.537682+05:30,25805.43,25796.47,25770.89,25787.31,7983.0,0.1512,LOW_TOXICITY,0.000887,0.4571,BUY,1,1,0.5,1.0,1,VETO
2026-09-01 17:50:01.537682+05:30,25800.5,25857.58,25749.23,25822.06,7478.0,0.1512,LOW_TOXICITY,0.000776,0.4485,BUY,1,1,0.5,1.0,1,VETO
2026-09-01 17:51:01.537682+05:30,25846.66,25848.24,25838.63,25838.95,10265.0,0.1512,LOW_TOXICITY,0.000816,0.4301,BUY,1,1,0.5,1.0,1,VETO
2026-09-01 17:52:01.537682+05:30,25853.03,25893.46,25832.46,25857.93,24087.0,0.1512,LOW_TOXICITY,0.000771,0.4144,BUY,1,1,0.5,1.0,1,VETO
2026-09-01 17:53:01.537682+05:30,25902.37,25912.88,25856.25,25860.91,13356.0,0.1512,LOW_TOXICITY,0.000663,0.3962,BUY,1,1,0.5,1.0,1,VETO
2026-09-01 17:54:01.537682+05:30,25896.7,25910.44,25883.53,25884.84,15147.0,0.1512,LOW_TOXICITY,0.00079,0.3868,BUY,1,1,0.5,1.0,1,VETO
2026-09-01 17:55:01.537682+05:30,25793.07,25836.94,25662.86,25769.18,18483.0,0.1512,LOW_TOXICITY,0.000539,0.5344,BUY,1,1,0.5,1.0,1,VETO
2026-09-01 17:56:01.537682+05:30,25765.65,25773.78,25742.82,25757.18,12022.0,0.1512,LOW_TOXICITY,0.000383,0.511,BUY,1,1,0.5,1.0,1,VETO
2026-09-01 17:57:01.537682+05:30,25755.33,25774.86,25747.19,25768.51,19262.0,0.1512,LOW_TOXICITY,0.000257,0.4885,BUY,1,1,0.5,1.0,1,VETO
2026-09-01 17:58:01.537682+05:30,25714.07,25743.59,25696.27,25727.41,20461.0,0.1512,LOW_TOXICITY,9.4e-05,0.4861,HOLD,0,0,0.5,1.0,1,APPROVED
2026-09-01 17:59:01.537682+05:30,25747.86,25756.31,25739.25,25741.93,5267.0,0.1512,LOW_TOXICITY,0.000207,0.4662,BUY,1,1,0.5,1.0,1,VETO
2026-09-01 18:00:01.537682+05:30,25745.03,25769.88,25728.59,25736.27,22909.0,0.1512,LOW_TOXICITY,3e-06,0.4466,HOLD,0,0,0.5,1.0,1,APPROVED
2026-09-01 18:01:01.537682+05:30,25842.95,25867.2,25761.82,25806.77,14569.0,0.1512,LOW_TOXICITY,0.000232,0.4807,BUY,1,1,0.5,1.0,1,VETO
2026-09-01 18:02:01.537682+05:30,25901.44,25901.63,25835.9,25867.04,40221.0,0.146,LOW_TOXICITY,0.000412,0.4955,BUY,1,1,0.5,1.0,1,VETO
2026-09-01 18:03:01.537682+05:30,25854.17,25850.96,25841.85,25850.68,12805.0,0.146,LOW_TOXICITY,0.000334,0.4766,BUY,1,1,0.5,1.0,1,VETO
2026-09-01 18:04:01.537682+05:30,25844.29,25861.32,25826.35,25846.32,14763.0,0.146,LOW_TOXICITY,0.000152,0.456,BUY,1,1,0.5,1.0,1,VETO
2026-09-01 18:05:01.537682+05:30,25835.85,25863.66,25805.35,25844.59,21074.0,0.146,LOW_TOXICITY,5.8e-05,0.4352,HOLD,0,0,0.5,1.0,1,APPROVED
2026-09-01 18:06:01.537682+05:30,25806.28,25829.29,25791.31,25824.13,8197.0,0.146,LOW_TOXICITY,-3.8e-05,0.4236,HOLD,0,0,0.5,1.0,1,APPROVED
2026-09-01 18:07:01.537682+05:30,25838.55,25835.86,25832.44,25834.32,9247.0,0.146,LOW_TOXICITY,-6.1e-05,0.408,HOLD,0,0,0.5,1.0,1,APPROVED
2026-09-01 18:08:01.537682+05:30,25794.07,25840.98,25747.69,25802.71,26483.0,0.146,LOW_TOXICITY,-0.00015,0.4063,SELL,-1,-1,0.5119,1.0,1,APPROVED
2026-09-01 18:09:01.537682+05:30,25763.41,25799.5,25703.81,25752.07,22593.0,0.146,LOW_TOXICITY,-0.000343,0.424,SELL,-1,-1,0.5432,1.0,1,APPROVED
2026-09-01 18:10:01.537682+05:30,25738.4,25783.22,25702.31,25782.8,10352.0,0.146,LOW_TOXICITY,3.5e-05,0.4174,HOLD,0,0,0.5,1.0,1,APPROVED
2026-09-01 18:11:01.537682+05:30,25826.75,25846.57,25813.27,25816.97,9432.0,0.146,LOW_TOXICITY,0.000155,0.414,BUY,1,1,0.5,1.0,1,VETO
2026-09-01 18:12:01.537682+05:30,25792.2,25814.4,25749.48,25775.66,10368.0,0.146,LOW_TOXICITY,1.8e-05,0.4203,HOLD,0,0,0.5,1.0,1,APPROVED
2026-09-01 18:13:01.537682+05:30,25827.11,25843.71,25803.49,25822.39,18303.0,0.146,LOW_TOXICITY,0.000246,0.4277,BUY,1,1,0.5,1.0,1,VETO
2026-09-01 18:14:01.537682+05:30,25829.08,25875.48,25762.77,25791.09,8382.0,0.1431,LOW_TOXICITY,0.000127,0.4237,HOLD,0,0,0.5,1.0,1,APPROVED
2026-09-01 18:15:01.537682+05:30,25807.69,25828.26,25795.76,25806.05,15376.0,0.1431,LOW_TOXICITY,0.000181,0.408,BUY,1,1,0.5,1.0,1,VETO
2026-09-01 18:16:01.537682+05:30,25885.9,25933.38,25806.57,25852.83,9160.0,0.1431,LOW_TOXICITY,0.000119,0.417,HOLD,0,0,0.5,1.0,1,APPROVED
2026-09-01 18:17:01.537682+05:30,25852.05,25880.65,25844.12,25852.24,18376.0,0.1431,LOW_TOXICITY,-3.8e-05,0.4012,HOLD,0,0,0.5,1.0,1,APPROVED
2026-09-01 18:18:01.537682+05:30,25877.26,25882.76,25868.77,25879.89,17843.0,0.1431,LOW_TOXICITY,7.5e-05,0.3949,HOLD,0,0,0.5,1.0,1,APPROVED
2026-09-01 18:19:01.537682+05:30,25846.57,25868.71,25819.05,25850.08,7103.0,0.1431,LOW_TOXICITY,1e-05,0.3932,HOLD,0,0,0.5,1.0,1,APPROVED
2026-09-01 18:20:01.537682+05:30,25814.92,25849.81,25771.75,25838.99,44617.0,0.1431,LOW_TOXICITY,-1.4e-05,0.3813,HOLD,0,0,0.5,1.0,1,APPROVED
2026-09-01 18:21:01.537682+05:30,25842.13,25859.11,25821.71,25827.23,13416.0,0.1431,LOW_TOXICITY,8e-06,0.3707,HOLD,0,0,0.5,1.0,1,APPROVED
2026-09-01 18:22:01.537682+05:30,25828.53,25851.14,25782.13,25782.84,10750.0,0.1431,LOW_TOXICITY,-0.000133,0.3861,HOLD,0,0,0.5,1.0,1,APPROVED
2026-09-01 18:23:01.537682+05:30,25763.29,25782.92,25754.05,25773.51,10854.0,0.1431,LOW_TOXICITY,-7.5e-05,0.3744,HOLD,0,0,0.5,1.0,1,APPROVED
2026-09-01 18:24:01.537682+05:30,25659.52,25764.38,25609.02,25678.44,10090.0,0.1431,LOW_TOXICITY,-0.000191,0.4708,SELL,-1,1,0.7022,1.0,1,VETO
2026-09-01 18:25:01.537682+05:30,25658.11,25685.61,25629.07,25651.24,10940.0,0.1431,LOW_TOXICITY,-0.000341,0.4595,SELL,-1,1,0.5685,1.0,1,VETO
2026-09-01 18:26:01.537682+05:30,25639.5,25663.01,25606.12,25636.08,16030.0,0.1431,LOW_TOXICITY,-0.000469,0.4444,SELL,1,1,0.6594,1.0,1,VETO
2026-09-01 18:27:01.537682+05:30,25623.36,25628.51,25596.0,25623.23,9367.0,0.1452,LOW_TOXICITY,-0.000395,0.4297,SELL,1,1,0.6594,1.0,1,VETO
2026-09-01 18:28:01.537682+05:30,25603.79,25626.64,25587.27,25611.48,22964.0,0.1452,LOW_TOXICITY,-0.000547,0.4158,SELL,1,1,0.6594,1.0,1,VETO
2026-09-01 18:29:01.537682+05:30,25595.57,25626.72,25569.78,25609.26,7054.0,0.1452,LOW_TOXICITY,-0.000472,0.4011,SELL,1,1,0.6565,1.0,1,VETO
2026-09-01 18:30:01.537682+05:30,25641.5,25650.1,25632.17,25637.41,11577.0,0.1452,LOW_TOXICITY,-0.000437,0.3958,SELL,1,1,0.5749,1.0,1,VETO
2026-09-01 18:31:01.537682+05:30,25740.11,25770.75,25666.11,25686.8,18472.0,0.1452,LOW_TOXICITY,-0.00043,0.4094,SELL,1,1,0.5986,1.0,1,VETO
2026-09-01 18:32:01.537682+05:30,25659.07,25672.62,25640.06,25655.83,22570.0,0.1452,LOW_TOXICITY,-0.000508,0.4073,SELL,-1,1,0.6194,1.0,1,VETO
2026-09-01 18:33:01.537682+05:30,25587.45,25617.02,25579.17,25595.88,13176.0,0.1452,LOW_TOXICITY,-0.000736,0.4358,SELL,-1,1,0.7174,1.0,1,VETO
2026-09-01 18:34:01.537682+05:30,25546.88,25558.01,25528.35,25543.23,18354.0,0.1452,LOW_TOXICITY,-0.000796,0.4512,SELL,-1,1,0.7051,1.0,1,VETO
2026-09-01 18:35:01.537682+05:30,25511.72,25536.46,25486.05,25516.61,7309.0,0.1452,LOW_TOXICITY,-0.000837,0.4414,SELL,-1,1,0.6353,1.0,1,VETO
2026-09-01 18:36:01.537682+05:30,25491.51,25506.44,25497.55,25498.55,27698.0,0.1452,LOW_TOXICITY,-0.000854,0.429,SELL,-1,1,0.6353,1.0,1,VETO
2026-09-01 18:37:01.537682+05:30,25466.07,25463.18,25444.13,25458.0,10525.0,0.1452,LOW_TOXICITY,-0.000845,0.4328,SELL,-1,1,0.7174,1.0,1,VETO
2026-09-01 18:38:01.537682+05:30,25401.01,25424.87,25382.8,25389.56,10303.0,0.1452,LOW_TOXICITY,-0.001001,0.4687,SELL,-1,1,0.7051,1.0,1,VETO
2026-09-01 18:39:01.537682+05:30,25383.42,25402.74,25356.1,25364.68,5488.0,0.1452,LOW_TOXICITY,-0.00082,0.4575,SELL,-1,1,0.6213,1.0,1,VETO
2026-09-01 18:40:01.537682+05:30,25378.07,25403.01,25352.01,25376.05,12194.0,0.1452,LOW_TOXICITY,-0.000719,0.4408,SELL,1,-1,0.5575,1.0,1,VETO
2026-09-01 18:41:01.537682+05:30,25367.63,25422.54,25339.84,25410.24,21082.0,0.1499,LOW_TOXICITY,-0.00059,0.4361,SELL,1,1,0.509,1.0,1,VETO
2026-09-01 18:42:01.537682+05:30,25390.66,25404.86,25379.79,25380.33,11419.0,0.1499,LOW_TOXICITY,-0.000635,0.4308,SELL,-1,-1,0.7118,1.0,1,APPROVED
2026-09-01 18:43:01.537682+05:30,25351.85,25359.05,25332.9,25358.81,5679.0,0.1499,LOW_TOXICITY,-0.000661,0.421,SELL,-1,-1,0.712,1.0,1,APPROVED
2026-09-01 18:44:01.537682+05:30,25303.47,25334.49,25297.47,25311.43,16165.0,0.1499,LOW_TOXICITY,-0.00078,0.4328,SELL,-1,-1,0.6725,1.0,1,APPROVED
2026-09-01 18:45:01.537682+05:30,25320.26,25346.63,25310.15,25311.06,16837.0,0.1499,LOW_TOXICITY,-0.000854,0.4152,SELL,1,-1,0.6488,1.0,1,VETO
2026-09-01 18:46:01.537682+05:30,25278.95,25303.7,25248.27,25266.45,9880.0,0.1499,LOW_TOXICITY,-0.0011,0.4247,SELL,-1,-1,0.6725,1.0,1,APPROVED
2026-09-01 18:47:01.537682+05:30,25280.88,25297.79,25255.48,25296.23,34190.0,0.1499,LOW_TOXICITY,-0.000941,0.4187,SELL,1,-1,0.6225,1.0,1,VETO
2026-09-01 18:48:01.537682+05:30,25330.84,25428.23,25202.61,25209.74,6424.0,0.1499,LOW_TOXICITY,-0.001013,0.4859,SELL,-1,-1,0.6725,1.0,1,APPROVED
2026-09-01 18:49:01.537682+05:30,25200.0,25228.8,25176.73,25194.47,25551.0,0.1499,LOW_TOXICITY,-0.000917,0.4691,SELL,1,-1,0.7191,1.0,1,VETO
2026-09-01 18:50:01.537682+05:30,25210.81,25216.24,25199.96,25210.42,8099.0,0.1499,LOW_TOXICITY,-0.000805,0.453,SELL,1,-1,0.5367,1.0,1,VETO
2026-09-01 18:51:01.537682+05:30,25213.25,25242.98,25195.52,25219.64,8632.0,0.1499,LOW_TOXICITY,-0.000733,0.4365,SELL,1,-1,0.5796,1.0,1,VETO
2026-09-01 18:52:01.537682+05:30,25304.6,25408.22,25269.11,25331.45,12052.0,0.1499,LOW_TOXICITY,-0.000332,0.5408,SELL,1,-1,0.5007,1.0,1,VETO
2026-09-01 18:53:01.537682+05:30,25327.62,25348.06,25320.34,25347.33,39596.0,0.1495,LOW_TOXICITY,-0.000111,0.5195,HOLD,0,0,0.5,1.0,1,APPROVED
2026-09-01 18:54:01.537682+05:30,25309.64,25337.3,25289.41,25302.48,11780.0,0.1495,LOW_TOXICITY,-0.000164,0.5175,SELL,-1,1,0.6945,1.0,1,VETO
2026-09-01 18:55:01.537682+05:30,25293.98,25313.65,25277.79,25299.46,7242.0,0.1495,LOW_TOXICITY,-0.000202,0.5018,SELL,1,1,0.5967,1.0,1,VETO
2026-09-01 18:56:01.537682+05:30,25293.86,25310.77,25218.96,25225.35,4984.0,0.1495,LOW_TOXICITY,-0.000487,0.5345,SELL,-1,-1,0.5318,1.0,1,APPROVED
2026-09-01 18:57:01.537682+05:30,25201.08,25227.25,25178.95,25222.79,11996.0,0.1495,LOW_TOXICITY,-0.000415,0.5132,SELL,1,1,0.536,1.0,1,VETO
2026-09-01 18:58:01.537682+05:30,25182.47,25197.98,25171.75,25188.91,12042.0,0.1495,LOW_TOXICITY,-0.000448,0.5047,SELL,-1,1,0.514,1.0,1,APPROVED
2026-09-01 18:59:01.537682+05:30,25216.56,25241.05,25185.12,25222.15,16142.0,0.1495,LOW_TOXICITY,-0.000236,0.4949,SELL,1,-1,0.5071,1.0,1,VETO
2026-09-01 19:00:01.537682+05:30,25205.4,25222.07,25197.56,25203.6,10248.0,0.1495,LOW_TOXICITY,-0.000284,0.4797,SELL,1,1,0.5421,1.0,1,VETO
2026-09-01 19:01:01.537682+05:30,25185.93,25200.91,25176.66,25200.86,10377.0,0.1495,LOW_TOXICITY,-0.000173,0.4619,SELL,1,1,0.5974,1.0,1,VETO
2026-09-01 19:02:01.537682+05:30,25174.03,25231.02,25119.1,25182.47,32817.0,0.1495,LOW_TOXICITY,-0.0003,0.449,SELL,1,1,0.5788,1.0,1,VETO
2026-09-01 19:03:01.537682+05:30,25225.73,25247.69,25201.1,25241.21,10684.0,0.1495,LOW_TOXICITY,8.3e-05,0.4672,HOLD,0,0,0.5,1.0,1,APPROVED
2026-09-01 19:04:01.537682+05:30,25250.48,25282.87,25226.95,25231.65,9123.0,0.1495,LOW_TOXICITY,9.8e-05,0.4511,HOLD,0,0,0.5,1.0,1,APPROVED
2026-09-01 19:05:01.537682+05:30,25290.08,25318.15,25197.19,25291.25,16649.0,0.1495,LOW_TOXICITY,0.000213,0.4701,BUY,1,1,0.5,1.0,1,VETO
2026-09-01 19:06:01.537682+05:30,25309.79,25325.87,25288.36,25315.25,34125.0,0.1495,LOW_TOXICITY,0.000252,0.458,BUY,1,1,0.5,1.0,1,VETO
2026-09-01 19:07:01.537682+05:30,25310.81,25336.98,25276.97,25331.33,22560.0,0.15,LOW_TOXICITY,-0.0,0.4438,HOLD,0,0,0.5,1.0,1,APPROVED
2026-09-01 19:08:01.537682+05:30,25363.33,25380.89,25340.62,25344.65,13219.0,0.15,LOW_TOXICITY,-7e-06,0.4298,HOLD,0,0,0.5,1.0,1,APPROVED
2026-09-01 19:09:01.537682+05:30,25353.77,25376.71,25335.43,25358.64,6533.0,0.15,LOW_TOXICITY,0.000148,0.4168,HOLD,0,0,0.5,1.0,1,APPROVED
2026-09-01 19:10:01.537682+05:30,25322.49,25419.41,25205.67,25287.08,15933.0,0.15,LOW_TOXICITY,-3.3e-05,0.4594,HOLD,0,0,0.5,1.0,1,APPROVED
2026-09-01 19:11:01.537682+05:30,25271.67,25288.89,25266.74,25278.83,10943.0,0.15,LOW_TOXICITY,0.000141,0.4438,HOLD,0,0,0.5,1.0,1,APPROVED
2026-09-01 19:12:01.537682+05:30,25319.3,25354.71,25287.55,25304.86,19056.0,0.15,LOW_TOXICITY,0.000217,0.4347,BUY,1,1,0.5,1.0,1,VETO
2026-09-01 19:13:01.537682+05:30,25303.87,25305.7,25286.63,25304.79,22680.0,0.15,LOW_TOXICITY,0.000306,0.4197,BUY,1,1,0.5,1.0,1,VETO
2026-09-01 19:14:01.537682+05:30,25267.21,25283.49,25267.35,25267.75,20758.0,0.15,LOW_TOXICITY,0.00012,0.422,HOLD,0,0,0.5,1.0,1,APPROVED
2026-09-01 19:15:01.537682+05:30,25293.77,25305.91,25259.72,25267.53,6233.0,0.15,LOW_TOXICITY,0.000169,0.4064,BUY,1,1,0.5,1.0,1,VETO
2026-09-01 19:16:01.537682+05:30,25325.11,25365.98,25278.49,25315.73,28223.0,0.15,LOW_TOXICITY,0.000303,0.4179,BUY,1,1,0.5,1.0,1,VETO
2026-09-01 19:17:01.537682+05:30,25336.82,25353.42,25323.8,25352.9,6664.0,0.15,LOW_TOXICITY,0.00045,0.4182,BUY,1,1,0.5,1.0,1,VETO
2026-09-01 19:18:01.537682+05:30,25359.38,25378.4,25330.39,25352.61,16028.0,0.15,LOW_TOXICITY,0.000294,0.4044,BUY,1,1,0.5,1.0,1,VETO
2026-09-01 19:19:01.537682+05:30,25392.2,25428.07,25372.65,25382.2,25462.0,0.1518,LOW_TOXICITY,0.000397,0.4006,BUY,1,1,0.5,1.0,1,VETO
2026-09-01 19:20:01.537682+05:30,25367.07,25385.97,25347.83,25372.63,9883.0,0.1518,LOW_TOXICITY,0.000214,0.3893,BUY,1,1,0.5,1.0,1,VETO
2026-09-01 19:21:01.537682+05:30,25318.95,25391.17,25281.36,25317.73,5046.0,0.1518,LOW_TOXICITY,7e-06,0.4132,HOLD,0,0,0.5,1.0,1,APPROVED
2026-09-01 19:22:01.537682+05:30,25270.85,25288.56,25272.5,25287.73,25648.0,0.1518,LOW_TOXICITY,-0.000115,0.4105,HOLD,0,0,0.5,1.0,1,APPROVED
2026-09-01 19:23:01.537682+05:30,25377.2,25377.54,25342.35,25343.78,20666.0,0.1518,LOW_TOXICITY,-2e-06,0.4298,HOLD,0,0,0.5,1.0,1,APPROVED
2026-09-01 19:24:01.537682+05:30,25337.22,25353.82,25311.28,25335.02,16569.0,0.1518,LOW_TOXICITY,-6.2e-05,0.4164,HOLD,0,0,0.5,1.0,1,APPROVED
2026-09-01 19:25:01.537682+05:30,25322.87,25331.01,25307.79,25327.13,9299.0,0.1518,LOW_TOXICITY,0.000106,0.4041,HOLD,0,0,0.5,1.0,1,APPROVED
2026-09-01 19:26:01.537682+05:30,25297.5,25318.97,25283.58,25316.64,6211.0,0.1518,LOW_TOXICITY,0.0001,0.3931,HOLD,0,0,0.5,1.0,1,APPROVED
2026-09-01 19:27:01.537682+05:30,25406.46,25478.14,25325.27,25399.53,14573.0,0.1518,LOW_TOXICITY,0.000249,0.4515,BUY,1,1,0.5,1.0,1,VETO
2026-09-01 19:28:01.537682+05:30,25457.86,25503.2,25439.65,25470.67,17743.0,0.1518,LOW_TOXICITY,0.000436,0.4823,BUY,1,1,0.5,1.0,1,VETO
2026-09-01 19:29:01.537682+05:30,25549.25,25636.75,25490.38,25571.04,13251.0,0.1518,LOW_TOXICITY,0.000795,0.5488,BUY,1,1,0.5,1.0,1,VETO
2026-09-01 19:30:01.537682+05:30,25542.16,25566.48,25559.98,25565.36,9020.0,0.1518,LOW_TOXICITY,0.000781,0.5278,BUY,1,1,0.5,1.0,1,VETO
2026-09-01 19:31:01.537682+05:30,25561.8,25589.64,25546.31,25580.69,14927.0,0.1518,LOW_TOXICITY,0.000694,0.5092,BUY,1,1,0.5,1.0,1,VETO
2026-09-01 19:32:01.537682+05:30,25525.61,25603.05,25436.48,25514.36,10106.0,0.1518,LOW_TOXICITY,0.000423,0.529,BUY,1,1,0.5,1.0,1,VETO
2026-09-01 19:33:01.537682+05:30,25566.56,25622.12,25535.29,25588.62,59672.0,0.1552,LOW_TOXICITY,0.000618,0.5521,BUY,1,1,0.5,1.0,1,VETO
2026-09-01 19:34:01.537682+05:30,25533.13,25575.08,25479.05,25533.41,6630.0,0.1552,LOW_TOXICITY,0.000396,0.5559,BUY,1,1,0.5,1.0,1,VETO
2026-09-01 19:35:01.537682+05:30,25531.4,25553.05,25519.51,25544.02,22098.0,0.1552,LOW_TOXICITY,0.000449,0.5457,BUY,1,1,0.5,1.0,1,VETO
2026-09-01 19:36:01.537682+05:30,25470.59,25527.14,25422.58,25498.33,8408.0,0.1552,LOW_TOXICITY,0.000474,0.5434,BUY,1,1,0.5,1.0,1,VETO
2026-09-01 19:37:01.537682+05:30,25453.31,25484.29,25443.22,25476.02,4957.0,0.1552,LOW_TOXICITY,0.000495,0.5269,BUY,1,1,0.5,1.0,1,VETO
2026-09-01 19:38:01.537682+05:30,25436.72,25444.77,25428.55,25442.05,22863.0,0.1552,LOW_TOXICITY,0.000258,0.5177,BUY,1,1,0.5,1.0,1,VETO
2026-09-01 19:39:01.537682+05:30,25415.91,25431.94,25376.52,25419.31,8477.0,0.1552,LOW_TOXICITY,0.000221,0.5031,BUY,1,1,0.5,1.0,1,VETO
2026-09-01 19:40:01.537682+05:30,25397.58,25424.49,25375.07,25400.29,13427.0,0.1552,LOW_TOXICITY,0.000192,0.488,BUY,1,1,0.5,1.0,1,VETO
2026-09-01 19:41:01.537682+05:30,25375.52,25395.32,25359.53,25384.29,29466.0,0.1552,LOW_TOXICITY,0.000178,0.4727,BUY,1,1,0.5,1.0,1,VETO
2026-09-01 19:42:01.537682+05:30,25421.95,25461.23,25392.62,25410.62,27909.0,0.1552,LOW_TOXICITY,2.9e-05,0.4617,HOLD,0,0,0.5,1.0,1,APPROVED
2026-09-01 19:43:01.537682+05:30,25384.52,25390.04,25371.42,25386.8,21860.0,0.1541,LOW_TOXICITY,-0.00022,0.4517,SELL,-1,-1,0.5635,1.0,1,APPROVED
2026-09-01 19:44:01.537682+05:30,25384.9,25406.76,25368.57,25392.09,13472.0,0.1541,LOW_TOXICITY,-0.000468,0.4358,SELL,1,-1,0.5456,1.0,1,VETO
2026-09-01 19:45:01.537682+05:30,25398.28,25420.2,25400.92,25419.2,16633.0,0.1541,LOW_TOXICITY,-0.000382,0.4219,SELL,1,-1,0.6459,1.0,1,VETO
2026-09-01 19:46:01.537682+05:30,25397.6,25414.74,25388.95,25408.11,12263.0,0.1541,LOW_TOXICITY,-0.000451,0.4092,SELL,1,-1,0.7083,1.0,1,VETO
2026-09-01 19:47:01.537682+05:30,25419.07,25473.22,25374.92,25390.94,18027.0,0.1541,LOW_TOXICITY,-0.000323,0.3996,SELL,-1,1,0.6292,1.0,1,VETO
2026-09-01 19:48:01.537682+05:30,25402.47,25405.33,25382.01,25386.92,22138.0,0.1541,LOW_TOXICITY,-0.000528,0.387,SELL,1,-1,0.803,1.0,1,VETO
2026-09-01 19:49:01.537682+05:30,25424.25,25438.81,25402.69,25415.57,12555.0,0.1541,LOW_TOXICITY,-0.000308,0.3841,SELL,1,-1,0.7056,1.0,1,VETO
2026-09-01 19:50:01.537682+05:30,25415.56,25425.89,25412.05,25421.41,28508.0,0.1541,LOW_TOXICITY,-0.000321,0.3725,SELL,1,-1,0.6004,1.0,1,VETO
2026-09-01 19:51:01.537682+05:30,25414.93,25415.51,25397.73,25411.85,22799.0,0.1541,LOW_TOXICITY,-0.000226,0.3629,SELL,1,-1,0.7613,1.0,1,VETO
2026-09-01 19:52:01.537682+05:30,25441.33,25457.64,25415.29,25425.45,21425.0,0.1541,LOW_TOXICITY,-0.000132,0.3545,HOLD,0,0,0.5,1.0,1,APPROVED
2026-09-01 19:53:01.537682+05:30,25408.3,25425.48,25377.68,25395.42,9668.0,0.1541,LOW_TOXICITY,-0.000122,0.3579,HOLD,0,0,0.5,1.0,1,APPROVED
2026-09-01 19:54:01.537682+05:30,25400.8,25422.5,25379.64,25415.65,9659.0,0.1541,LOW_TOXICITY,-1e-05,0.3526,HOLD,0,0,0.5,1.0,1,APPROVED
2026-09-01 19:55:01.537682+05:30,25426.99,25448.44,25420.78,25428.38,12101.0,0.1526,LOW_TOXICITY,7.4e-05,0.3361,HOLD,0,0,0.5,1.0,1,APPROVED
2026-09-01 19:56:01.537682+05:30,25413.56,25428.4,25391.1,25420.79,9488.0,0.1526,LOW_TOXICITY,9.6e-05,0.3283,HOLD,0,0,0.5,1.0,1,APPROVED
2026-09-01 19:57:01.537682+05:30,25406.04,25429.98,25396.21,25403.05,12686.0,0.1526,LOW_TOXICITY,-2e-05,0.3256,HOLD,0,0,0.5,1.0,1,APPROVED
2026-09-01 19:58:01.537682+05:30,25399.18,25417.42,25380.79,25384.57,31394.0,0.1526,LOW_TOXICITY,-6e-06,0.3237,HOLD,0,0,0.5,1.0,1,APPROVED
2026-09-01 19:59:01.537682+05:30,25389.29,25429.56,25367.49,25396.86,16486.0,0.1526,LOW_TOXICITY,1.3e-05,0.3177,HOLD,0,0,0.5,1.0,1,APPROVED
2026-09-01 20:00:01.537682+05:30,25406.0,25424.14,25385.08,25420.33,11419.0,0.1526,LOW_TOXICITY,3e-06,0.3182,HOLD,0,0,0.5,1.0,1,APPROVED
2026-09-01 20:01:01.537682+05:30,25399.36,25410.28,25407.55,25410.24,52830.0,0.1526,LOW_TOXICITY,6e-06,0.3129,HOLD,0,0,0.5,1.0,1,APPROVED
2026-09-01 20:02:01.537682+05:30,25429.54,25434.36,25417.69,25422.49,19507.0,0.1526,LOW_TOXICITY,8.3e-05,0.3079,HOLD,0,0,0.5,1.0,1,APPROVED
2026-09-01 20:03:01.537682+05:30,25364.46,25375.81,25338.7,25369.05,17906.0,0.1526,LOW_TOXICITY,-4.7e-05,0.3484,HOLD,0,0,0.5,1.0,1,APPROVED
2026-09-01 20:04:01.537682+05:30,25350.62,25374.41,25323.48,25355.91,19742.0,0.1526,LOW_TOXICITY,-0.000157,0.3415,SELL,-1,-1,0.5615,1.0,1,APPROVED
2026-09-01 20:05:01.537682+05:30,25373.81,25388.15,25355.85,25356.35,20048.0,0.152,LOW_TOXICITY,-0.000171,0.3311,SELL,1,-1,0.5414,1.0,1,VETO
2026-09-01 20:06:01.537682+05:30,25338.25,25346.98,25328.0,25329.32,8725.0,0.152,LOW_TOXICITY,-0.000217,0.3349,SELL,-1,-1,0.5683,1.0,1,APPROVED
2026-09-01 20:07:01.537682+05:30,25302.47,25362.54,25260.23,25298.89,27323.0,0.152,LOW_TOXICITY,-0.000333,0.3414,SELL,-1,-1,0.6379,1.0,1,APPROVED
2026-09-01 20:08:01.537682+05:30,25277.46,25293.86,25254.13,25277.57,29005.0,0.152,LOW_TOXICITY,-0.00031,0.3396,SELL,-1,-1,0.517,1.0,1,APPROVED
2026-09-01 20:09:01.537682+05:30,25248.9,25288.78,25228.71,25288.09,19293.0,0.152,LOW_TOXICITY,-0.000335,0.3314,SELL,1,-1,0.5204,1.0,1,VETO
2026-09-01 20:10:01.537682+05:30,25285.01,25309.69,25262.67,25283.03,11669.0,0.152,LOW_TOXICITY,-0.000382,0.3233,SELL,1,-1,0.5552,1.0,1,VETO
2026-09-01 20:11:01.537682+05:30,25204.2,25237.34,25150.22,25206.63,25873.0,0.152,LOW_TOXICITY,-0.000564,0.403,SELL,-1,1,0.5248,1.0,1,APPROVED
2026-09-01 20:12:01.537682+05:30,25140.54,25200.83,25113.26,25129.26,12707.0,0.152,LOW_TOXICITY,-0.000722,0.4643,SELL,-1,-1,0.538,1.0,1,APPROVED
2026-09-01 20:13:01.537682+05:30,25132.36,25130.3,25104.64,25107.11,15365.0,0.152,LOW_TOXICITY,-0.000733,0.4511,SELL,-1,-1,0.5213,1.0,1,APPROVED
2026-09-01 20:14:01.537682+05:30,25123.1,25128.64,25124.85,25127.27,13500.0,0.152,LOW_TOXICITY,-0.000711,0.4368,SELL,1,1,0.563,1.0,1,VETO
2026-09-01 20:15:01.537682+05:30,25051.0,25130.21,25010.15,25021.16,10192.0,0.152,LOW_TOXICITY,-0.001055,0.5416,SELL,-1,-1,0.533,1.0,1,APPROVED
2026-09-01 20:16:01.537682+05:30,25012.3,25011.47,24999.5,25001.19,7108.0,0.152,LOW_TOXICITY,-0.001082,0.5232,SELL,-1,-1,0.5542,1.0,1,APPROVED
2026-09-01 20:17:01.537682+05:30,24971.64,24987.42,24976.81,24980.11,9177.0,0.1614,LOW_TOXICITY,-0.00117,0.5065,SELL,-1,-1,0.5687,1.0,1,APPROVED
2026-09-01 20:18:01.537682+05:30,25047.47,25090.31,24998.67,25048.09,14004.0,0.1614,LOW_TOXICITY,-0.000849,0.531,SELL,1,-1,0.5419,1.0,1,VETO
2026-09-01 20:19:01.537682+05:30,25043.26,25044.65,25022.19,25031.97,31299.0,0.1614,LOW_TOXICITY,-0.000857,0.5118,SELL,-1,-1,0.5687,1.0,1,APPROVED
2026-09-01 20:20:01.537682+05:30,25066.57,25096.15,25039.03,25052.22,15021.0,0.1614,LOW_TOXICITY,-0.000804,0.4947,SELL,1,1,0.5317,1.0,1,VETO
2026-09-01 20:21:01.537682+05:30,25064.5,25069.53,25057.74,25060.43,10166.0,0.1614,LOW_TOXICITY,-0.000712,0.4754,SELL,1,1,0.5604,1.0,1,VETO
2026-09-01 20:22:01.537682+05:30,24988.23,25042.8,24923.26,24963.14,21530.0,0.1614,LOW_TOXICITY,-0.000891,0.5548,SELL,-1,-1,0.5477,1.0,1,APPROVED
2026-09-01 20:23:01.537682+05:30,25006.15,25025.45,24982.31,24998.13,23132.0,0.1614,LOW_TOXICITY,-0.000741,0.5422,SELL,1,-1,0.6163,1.0,1,VETO
2026-09-01 20:24:01.537682+05:30,25019.88,25035.13,25007.15,25008.5,15004.0,0.1614,LOW_TOXICITY,-0.000741,0.5202,SELL,1,1,0.5604,1.0,1,VETO
2026-09-01 20:25:01.537682+05:30,25046.78,25057.87,25027.18,25031.6,19266.0,0.1614,LOW_TOXICITY,-0.000666,0.4993,SELL,1,-1,0.5057,1.0,1,VETO
2026-09-01 20:26:01.537682+05:30,25177.45,25248.85,25171.45,25205.98,25583.0,0.1614,LOW_TOXICITY,-2e-06,0.7298,HOLD,0,0,0.5,1.0,1,APPROVED
2026-09-01 20:27:01.537682+05:30,25105.5,25126.3,25098.77,25120.25,15152.0,0.1614,LOW_TOXICITY,-2.4e-05,0.7467,HOLD,0,0,0.5,1.0,1,APPROVED
2026-09-01 20:28:01.537682+05:30,25178.99,25221.68,25149.25,25192.35,33874.0,0.1582,LOW_TOXICITY,0.000226,0.7447,BUY,1,1,0.5,1.0,1,VETO
2026-09-01 20:29:01.537682+05:30,25187.04,25213.56,25159.71,25180.08,9885.0,0.1582,LOW_TOXICITY,0.00014,0.7092,HOLD,0,0,0.5,1.0,1,APPROVED
2026-09-01 20:30:01.537682+05:30,25175.22,25203.59,25150.37,25196.12,16506.0,0.1582,LOW_TOXICITY,0.000465,0.6763,BUY,1,1,0.5,1.0,1,VETO
2026-09-01 20:31:01.537682+05:30,25184.9,25207.4,25172.17,25195.03,7326.0,0.1582,LOW_TOXICITY,0.000515,0.6438,BUY,1,1,0.5,1.0,1,VETO
2026-09-01 20:32:01.537682+05:30,25155.44,25195.01,25109.65,25174.77,38814.0,0.1582,LOW_TOXICITY,0.000517,0.6172,BUY,1,1,0.5,1.0,1,VETO
2026-09-01 20:33:01.537682+05:30,25127.85,25151.18,25112.48,25147.52,11196.0,0.1582,LOW_TOXICITY,0.000264,0.5954,BUY,1,1,0.5,1.0,1,VETO
2026-09-01 20:34:01.537682+05:30,25171.97,25188.79,25145.89,25165.54,7766.0,0.1582,LOW_TOXICITY,0.000355,0.5706,BUY,1,1,0.5,1.0,1,VETO
2026-09-01 20:35:01.537682+05:30,25100.67,25141.82,24999.32,25095.94,63723.0,0.1582,LOW_TOXICITY,0.000116,0.6018,HOLD,0,0,0.5,1.0,1,APPROVED
2026-09-01 20:36:01.537682+05:30,25097.52,25159.81,25040.88,25131.02,10628.0,0.1582,LOW_TOXICITY,0.000188,0.584,BUY,1,1,0.5,1.0,1,VETO
2026-09-01 20:37:01.537682+05:30,25115.29,25123.39,25102.62,25115.92,7112.0,0.1599,LOW_TOXICITY,0.000407,0.559,BUY,1,1,0.5,1.0,1,VETO
2026-09-01 20:38:01.537682+05:30,25050.44,25081.52,25020.51,25071.96,15596.0,0.1599,LOW_TOXICITY,0.000197,0.5538,BUY,1,1,0.5,1.0,1,VETO
2026-09-01 20:39:01.537682+05:30,25037.18,25065.44,25027.83,25054.58,18515.0,0.1599,LOW_TOXICITY,0.000123,0.5318,HOLD,0,0,0.5,1.0,1,APPROVED
2026-09-01 20:40:01.537682+05:30,25120.0,25117.8,25097.67,25105.39,8098.0,0.1599,LOW_TOXICITY,0.000196,0.5341,BUY,1,1,0.5,1.0,1,VETO
2026-09-01 20:41:01.537682+05:30,25069.56,25106.38,25039.02,25083.24,27130.0,0.1599,LOW_TOXICITY,-0.000325,0.5158,SELL,-1,-1,0.6137,1.0,1,APPROVED
2026-09-01 20:42:01.537682+05:30,25081.89,25101.35,25067.98,25098.6,6543.0,0.1599,LOW_TOXICITY,-5.7e-05,0.4951,HOLD,0,0,0.5,1.0,1,APPROVED
2026-09-01 20:43:01.537682+05:30,25076.37,25100.37,25065.78,25074.66,24414.0,0.1599,LOW_TOXICITY,-0.000312,0.481,SELL,-1,1,0.5071,1.0,1,APPROVED
2026-09-02 10:46:00.871955+05:30,23861.1,23861.1,23760.98,23861.1,12701.0,0.1664,LOW_TOXICITY,-6.9e-05,0.6903,HOLD,0,0,0.5,0.039,-1,APPROVED
2026-09-01 20:44:01.537682+05:30,25100.44,25104.18,25100.22,25102.38,20748.0,0.1599,LOW_TOXICITY,-0.000206,0.4691,SELL,1,-1,0.5008,1.0,1,VETO
2026-09-01 20:45:01.537682+05:30,25138.65,25148.99,25121.31,25129.6,12667.0,0.1599,LOW_TOXICITY,-0.000176,0.4442,SELL,1,-1,0.5179,1.0,1,VETO
2026-09-01 20:46:01.537682+05:30,25217.18,25249.14,25185.14,25209.71,13499.0,0.1599,LOW_TOXICITY,3.9e-05,0.5013,HOLD,0,0,0.5,1.0,1,APPROVED
2026-09-01 20:47:01.537682+05:30,25203.85,25214.27,25188.08,25203.82,26028.0,0.1599,LOW_TOXICITY,7.7e-05,0.4788,HOLD,0,0,0.5,1.0,1,APPROVED
2026-09-01 20:48:01.537682+05:30,25241.83,25266.32,25199.63,25234.15,12080.0,0.1599,LOW_TOXICITY,0.000229,0.4678,BUY,1,1,0.5,1.0,1,VETO
2026-09-01 20:49:01.537682+05:30,25236.92,25253.33,25218.9,25239.6,15797.0,0.1557,LOW_TOXICITY,0.000196,0.4477,BUY,1,1,0.5,1.0,1,VETO
2026-09-01 20:50:01.537682+05:30,25333.48,25368.92,25264.44,25294.81,13580.0,0.1557,LOW_TOXICITY,0.000526,0.4654,BUY,1,1,0.5,1.0,1,VETO
2026-09-01 20:51:01.537682+05:30,25286.38,25301.73,25259.44,25264.61,4669.0,0.1557,LOW_TOXICITY,0.000353,0.4573,BUY,1,1,0.5,1.0,1,VETO
2026-09-01 20:52:01.537682+05:30,25311.75,25375.62,25252.37,25299.46,5327.0,0.1557,LOW_TOXICITY,0.000485,0.452,BUY,1,1,0.5,1.0,1,VETO
2026-09-01 20:53:01.537682+05:30,25282.35,25299.6,25260.03,25293.02,16621.0,0.1557,LOW_TOXICITY,0.000585,0.4336,BUY,1,1,0.5,1.0,1,VETO
2026-09-01 20:54:01.537682+05:30,25294.03,25312.99,25265.87,25291.48,21828.0,0.1557,LOW_TOXICITY,0.000627,0.4162,BUY,1,1,0.5,1.0,1,VETO
2026-09-01 20:55:01.537682+05:30,25286.59,25297.27,25264.73,25297.07,11799.0,0.1557,LOW_TOXICITY,0.000507,0.4009,BUY,1,1,0.5,1.0,1,VETO
2026-09-01 20:56:01.537682+05:30,25321.96,25341.29,25278.64,25309.54,13409.0,0.1557,LOW_TOXICITY,0.000599,0.3882,BUY,1,1,0.5,1.0,1,VETO
2026-09-01 20:57:01.537682+05:30,25327.03,25354.91,25303.49,25305.58,9824.0,0.1557,LOW_TOXICITY,0.000548,0.3752,BUY,1,1,0.5,1.0,1,VETO
2026-09-01 20:58:01.537682+05:30,25330.65,25354.06,25298.83,25316.66,10322.0,0.1557,LOW_TOXICITY,0.00064,0.3645,BUY,1,1,0.5,1.0,1,VETO
2026-09-01 20:59:01.537682+05:30,25365.01,25420.69,25321.92,25390.18,12494.0,0.1557,LOW_TOXICITY,0.00076,0.4257,BUY,1,1,0.5,1.0,1,VETO
2026-09-01 21:00:01.537682+05:30,25431.45,25479.17,25370.95,25434.27,10465.0,0.1557,LOW_TOXICITY,0.000803,0.4325,BUY,1,1,0.5,1.0,1,VETO
2026-09-01 21:01:01.537682+05:30,25480.77,25487.86,25468.38,25471.02,8741.0,0.1557,LOW_TOXICITY,0.000687,0.4312,BUY,1,1,0.5,1.0,1,VETO
2026-09-01 21:02:01.537682+05:30,25451.44,25470.48,25452.01,25453.96,8677.0,0.1557,LOW_TOXICITY,0.000658,0.4186,BUY,1,1,0.5,1.0,1,VETO
2026-09-01 21:03:01.537682+05:30,25439.74,25433.59,25414.3,25416.73,16151.0,0.1557,LOW_TOXICITY,0.000481,0.4221,BUY,1,1,0.5,1.0,1,VETO
2026-09-01 21:04:01.537682+05:30,25469.04,25493.28,25451.7,25460.35,17062.0,0.1557,LOW_TOXICITY,0.000581,0.4288,BUY,1,1,0.5,1.0,1,VETO
2026-09-01 21:05:01.537682+05:30,25487.83,25518.99,25457.09,25498.91,32612.0,0.1564,LOW_TOXICITY,0.000536,0.4311,BUY,1,1,0.5,1.0,1,VETO
2026-09-01 21:06:01.537682+05:30,25604.56,25619.79,25523.38,25565.6,17787.0,0.1564,LOW_TOXICITY,0.00079,0.4667,BUY,1,1,0.5,1.0,1,VETO
2026-09-01 21:07:01.537682+05:30,25548.24,25564.8,25507.95,25545.72,13652.0,0.1564,LOW_TOXICITY,0.000646,0.4521,BUY,1,1,0.5,1.0,1,VETO
2026-09-01 21:08:01.537682+05:30,25546.07,25549.71,25534.26,25538.2,25682.0,0.1564,LOW_TOXICITY,0.000643,0.4342,BUY,1,1,0.5,1.0,1,VETO
2026-09-02 10:46:02.158039+05:30,23861.75,23861.75,23761.28,23861.75,12701.0,0.1773,LOW_TOXICITY,-0.007237,1.1991,SELL,-1,-1,0.5,0.013,1,VETO
2026-09-01 21:09:01.537682+05:30,25514.5,25512.71,25481.34,25486.09,12592.0,0.1564,LOW_TOXICITY,0.000511,0.453,BUY,1,1,0.5,1.0,1,VETO
2026-09-01 21:10:01.537682+05:30,25486.02,25498.62,25468.49,25475.07,12895.0,0.1564,LOW_TOXICITY,0.000467,0.4359,BUY,1,1,0.5,1.0,1,VETO
2026-09-01 21:11:01.537682+05:30,25508.68,25505.57,25494.29,25504.12,9788.0,0.1564,LOW_TOXICITY,0.000511,0.4281,BUY,1,1,0.5,1.0,1,VETO
2026-09-01 21:12:01.537682+05:30,25483.98,25511.08,25445.71,25494.17,4133.0,0.1564,LOW_TOXICITY,0.000495,0.4129,BUY,1,1,0.5,1.0,1,VETO
2026-09-01 21:13:01.537682+05:30,25493.66,25526.25,25471.94,25513.34,2886.0,0.1564,LOW_TOXICITY,0.000516,0.4015,BUY,1,1,0.5,1.0,1,VETO
2026-09-01 21:14:01.537682+05:30,25498.4,25512.67,25483.45,25509.54,5972.0,0.1564,LOW_TOXICITY,0.000313,0.3872,BUY,1,1,0.5,1.0,1,VETO
2026-09-01 21:15:01.537682+05:30,25524.64,25521.75,25510.38,25519.86,27604.0,0.1564,LOW_TOXICITY,0.000224,0.3758,BUY,1,1,0.5,1.0,1,VETO
2026-09-01 21:16:01.537682+05:30,25509.1,25510.75,25480.13,25489.12,6516.0,0.1564,LOW_TOXICITY,4.7e-05,0.3784,HOLD,0,0,0.5,1.0,1,APPROVED
2026-09-01 21:17:01.537682+05:30,25520.86,25524.98,25490.99,25492.91,12164.0,0.1564,LOW_TOXICITY,0.000102,0.3662,HOLD,0,0,0.5,1.0,1,APPROVED
2026-09-01 21:18:01.537682+05:30,25374.41,25419.72,25291.91,25405.31,25220.0,0.1564,LOW_TOXICITY,-3e-05,0.4579,HOLD,0,0,0.5,1.0,1,APPROVED
2026-09-01 21:19:01.537682+05:30,25399.55,25419.79,25387.38,25401.76,7047.0,0.1567,LOW_TOXICITY,-0.000154,0.4394,SELL,1,1,0.5265,1.0,1,VETO
2026-09-01 21:20:01.537682+05:30,25322.82,25359.17,25310.88,25355.69,11790.0,0.1567,LOW_TOXICITY,-0.000376,0.4496,SELL,-1,-1,0.6567,1.0,1,APPROVED
2026-09-02 10:46:02.126256+05:30,24000.0,24000.0,23760.13,24000.0,12701.0,0.1524,LOW_TOXICITY,0.0,1.1637,HOLD,0,0,0.5,0.077,-1,APPROVED
2026-09-01 21:21:01.537682+05:30,25393.1,25405.45,25373.5,25390.24,14844.0,0.1567,LOW_TOXICITY,-0.000459,0.4448,SELL,1,-1,0.6268,1.0,1,VETO
2026-09-01 21:22:01.537682+05:30,25404.94,25415.99,25405.22,25409.4,14613.0,0.1567,LOW_TOXICITY,-0.000357,0.431,SELL,1,1,0.5159,1.0,1,VETO
2026-09-01 21:23:01.537682+05:30,25411.23,25424.43,25386.65,25420.99,8794.0,0.1567,LOW_TOXICITY,-0.000307,0.4157,SELL,1,1,0.5521,1.0,1,VETO
2026-09-01 21:24:01.537682+05:30,25451.85,25466.97,25419.05,25463.52,14727.0,0.1567,LOW_TOXICITY,-5.9e-05,0.422,HOLD,0,0,0.5,1.0,1,APPROVED
2026-09-01 21:25:01.537682+05:30,25433.41,25445.24,25413.37,25436.42,10329.0,0.1567,LOW_TOXICITY,-0.000101,0.4168,HOLD,0,0,0.5,1.0,1,APPROVED
2026-09-01 21:26:01.537682+05:30,25460.3,25525.07,25391.94,25488.17,14121.0,0.1567,LOW_TOXICITY,-4.2e-05,0.4328,HOLD,0,0,0.5,1.0,1,APPROVED
2026-09-01 21:27:01.537682+05:30,25533.17,25543.3,25506.7,25515.49,9932.0,0.1567,LOW_TOXICITY,5.6e-05,0.4248,HOLD,0,0,0.5,1.0,1,APPROVED
2026-09-01 21:28:01.537682+05:30,25521.76,25536.36,25498.27,25510.35,6507.0,0.1567,LOW_TOXICITY,-8e-06,0.4099,HOLD,0,0,0.5,1.0,1,APPROVED
2026-09-01 21:29:01.537682+05:30,25516.57,25558.17,25479.69,25549.86,17938.0,0.1567,LOW_TOXICITY,0.000105,0.4137,HOLD,0,0,0.5,1.0,1,APPROVED
2026-09-01 21:30:01.537682+05:30,25511.0,25530.06,25477.9,25512.76,13608.0,0.1567,LOW_TOXICITY,-1.9e-05,0.4173,HOLD,0,0,0.5,1.0,1,APPROVED
2026-09-01 21:31:01.537682+05:30,25506.88,25496.93,25483.5,25484.56,25099.0,0.1567,LOW_TOXICITY,-1.2e-05,0.4132,HOLD,0,0,0.5,1.0,1,APPROVED
2026-09-01 21:32:01.537682+05:30,25471.6,25488.9,25452.39,25462.34,4208.0,0.1567,LOW_TOXICITY,-8e-05,0.4056,HOLD,0,0,0.5,1.0,1,APPROVED
2026-09-01 21:33:01.537682+05:30,25434.59,25458.55,25432.05,25443.03,7774.0,0.1567,LOW_TOXICITY,9.9e-05,0.3971,HOLD,0,0,0.5,1.0,1,APPROVED
2026-09-01 21:34:01.537682+05:30,25445.22,25473.08,25403.2,25404.52,24994.0,0.1538,LOW_TOXICITY,7e-06,0.4042,HOLD,0,0,0.5,1.0,1,APPROVED
2026-09-01 21:35:01.537682+05:30,25419.27,25467.89,25410.72,25450.68,6054.0,0.1538,LOW_TOXICITY,0.000249,0.4165,BUY,1,1,0.5,1.0,1,VETO
2026-09-01 21:36:01.537682+05:30,25446.01,25471.58,25422.28,25442.58,8174.0,0.1538,LOW_TOXICITY,0.000137,0.4036,HOLD,0,0,0.5,1.0,1,APPROVED
2026-09-01 21:37:01.537682+05:30,25457.76,25464.22,25451.17,25456.48,24271.0,0.1538,LOW_TOXICITY,0.000123,0.3925,HOLD,0,0,0.5,1.0,1,APPROVED
2026-09-01 21:38:01.537682+05:30,25444.83,25463.18,25426.65,25436.21,11758.0,0.1538,LOW_TOXICITY,4e-05,0.3861,HOLD,0,0,0.5,1.0,1,APPROVED
2026-09-01 21:39:01.537682+05:30,25355.15,25422.56,25316.26,25369.22,13805.0,0.1538,LOW_TOXICITY,-0.000247,0.4303,SELL,-1,1,0.6016,1.0,1,VETO
2026-09-01 21:40:01.537682+05:30,25384.55,25387.54,25374.88,25381.11,15737.0,0.1538,LOW_TOXICITY,-0.000145,0.4166,HOLD,0,0,0.5,1.0,1,APPROVED
2026-09-01 21:41:01.537682+05:30,25316.45,25428.41,25208.5,25308.57,9696.0,0.1538,LOW_TOXICITY,-0.000471,0.4637,SELL,-1,-1,0.5979,1.0,1,APPROVED
2026-09-01 21:42:01.537682+05:30,25297.61,25321.01,25270.25,25307.2,9776.0,0.1538,LOW_TOXICITY,-0.000546,0.4464,SELL,1,-1,0.5926,1.0,1,VETO
2026-09-01 21:43:01.537682+05:30,25246.77,25292.95,25209.5,25264.85,24901.0,0.1538,LOW_TOXICITY,-0.000645,0.4512,SELL,1,-1,0.5569,1.0,1,VETO
2026-09-01 21:44:01.537682+05:30,25342.14,25336.47,25295.18,25334.87,17352.0,0.1538,LOW_TOXICITY,-0.000563,0.4852,SELL,1,-1,0.5343,1.0,1,VETO
2026-09-01 21:45:01.537682+05:30,25365.77,25385.44,25354.34,25368.5,11070.0,0.1538,LOW_TOXICITY,-0.000378,0.482,SELL,1,-1,0.5512,1.0,1,VETO
2026-09-01 21:46:01.537682+05:30,25378.4,25408.55,25352.66,25373.83,14787.0,0.1538,LOW_TOXICITY,-0.00029,0.4634,SELL,1,1,0.6952,1.0,1,VETO
2026-09-01 21:47:01.537682+05:30,25415.67,25447.42,25396.97,25411.91,13379.0,0.1538,LOW_TOXICITY,-0.000132,0.4609,HOLD,0,0,0.5,1.0,1,APPROVED
2026-09-01 21:48:01.537682+05:30,25384.07,25405.85,25362.57,25383.08,5832.0,0.1538,LOW_TOXICITY,-0.000157,0.4537,SELL,1,1,0.5908,1.0,1,VETO
2026-09-01 21:49:01.537682+05:30,25421.68,25471.69,25363.42,25403.31,9532.0,0.1538,LOW_TOXICITY,-3e-06,0.441,HOLD,0,0,0.5,1.0,1,APPROVED
2026-09-01 21:50:01.537682+05:30,25414.49,25414.78,25399.77,25412.18,15500.0,0.1477,LOW_TOXICITY,-0.000101,0.4257,HOLD,0,0,0.5,1.0,1,APPROVED
2026-09-01 21:51:01.537682+05:30,25432.56,25440.49,25411.82,25422.57,30342.0,0.1477,LOW_TOXICITY,-5.2e-05,0.4119,HOLD,0,0,0.5,1.0,1,APPROVED
2026-09-01 21:52:01.537682+05:30,25483.67,25534.97,25437.75,25469.95,2888.0,0.1477,LOW_TOXICITY,3.5e-05,0.4239,HOLD,0,0,0.5,1.0,1,APPROVED
2026-09-01 21:53:01.537682+05:30,25499.41,25502.03,25495.19,25495.24,14406.0,0.1477,LOW_TOXICITY,0.000155,0.4162,BUY,1,1,0.5,1.0,1,VETO
2026-09-01 21:54:01.537682+05:30,25517.79,25535.7,25492.66,25505.4,19166.0,0.1477,LOW_TOXICITY,0.000357,0.403,BUY,1,1,0.5,1.0,1,VETO
2026-09-01 21:55:01.537682+05:30,25449.76,25496.44,25413.99,25446.11,14395.0,0.1477,LOW_TOXICITY,0.000171,0.4324,BUY,1,1,0.5,1.0,1,VETO
2026-09-01 21:56:01.537682+05:30,25420.3,25415.85,25409.97,25413.15,19626.0,0.1477,LOW_TOXICITY,0.000275,0.4307,BUY,1,1,0.5,1.0,1,VETO
2026-09-01 21:57:01.537682+05:30,25408.98,25457.47,25359.59,25410.0,1974.0,0.1477,LOW_TOXICITY,0.00027,0.4159,BUY,1,1,0.5,1.0,1,VETO
2026-09-01 21:58:01.537682+05:30,25418.24,25443.12,25402.51,25414.86,11051.0,0.1477,LOW_TOXICITY,0.000395,0.4021,BUY,1,1,0.5,1.0,1,VETO
2026-09-01 21:59:01.537682+05:30,25353.05,25388.92,25347.6,25371.49,8460.0,0.1477,LOW_TOXICITY,9.6e-05,0.4135,HOLD,0,0,0.5,1.0,1,APPROVED
2026-09-01 22:00:01.537682+05:30,25469.91,25497.94,25414.02,25468.13,10727.0,0.1477,LOW_TOXICITY,0.000261,0.4992,BUY,1,1,0.5,1.0,1,VETO
2026-09-01 22:01:01.537682+05:30,25547.11,25585.28,25502.22,25530.56,31515.0,0.1477,LOW_TOXICITY,0.000411,0.5161,BUY,1,1,0.5,1.0,1,VETO
2026-09-01 22:02:01.537682+05:30,25575.74,25614.78,25554.43,25560.31,6189.0,0.1477,LOW_TOXICITY,0.000388,0.503,BUY,1,1,0.5,1.0,1,VETO
2026-09-01 22:03:01.537682+05:30,25572.31,25587.01,25552.48,25564.92,21365.0,0.1487,LOW_TOXICITY,0.000476,0.483,BUY,1,1,0.5,1.0,1,VETO
2026-09-01 22:04:01.537682+05:30,25569.43,25567.37,25546.52,25556.41,12007.0,0.1487,LOW_TOXICITY,0.000401,0.4652,BUY,1,1,0.5,1.0,1,VETO
2026-09-01 22:05:01.537682+05:30,25507.56,25541.03,25511.23,25511.48,5229.0,0.1487,LOW_TOXICITY,0.00026,0.4709,BUY,1,1,0.5,1.0,1,VETO
2026-09-01 22:06:01.537682+05:30,25515.76,25529.94,25492.58,25516.71,21316.0,0.1487,LOW_TOXICITY,0.000246,0.4534,BUY,1,1,0.5,1.0,1,VETO
2026-09-01 22:07:01.537682+05:30,25519.11,25554.36,25494.89,25531.81,15299.0,0.1487,LOW_TOXICITY,0.000162,0.4391,BUY,1,1,0.5,1.0,1,VETO
2026-09-01 22:08:01.537682+05:30,25480.57,25466.17,25455.24,25465.56,10610.0,0.1487,LOW_TOXICITY,-7.8e-05,0.4726,HOLD,0,0,0.5,1.0,1,APPROVED
2026-09-01 22:09:01.537682+05:30,25496.33,25514.26,25482.96,25483.42,74843.0,0.1487,LOW_TOXICITY,-5.7e-05,0.4578,HOLD,0,0,0.5,1.0,1,APPROVED
2026-09-01 22:10:01.537682+05:30,25473.38,25491.82,25467.01,25476.36,5290.0,0.1487,LOW_TOXICITY,7.9e-05,0.4417,HOLD,0,0,0.5,1.0,1,APPROVED
2026-09-01 22:11:01.537682+05:30,25451.45,25469.09,25374.75,25384.26,27647.0,0.1487,LOW_TOXICITY,-7.6e-05,0.5158,HOLD,0,0,0.5,1.0,1,APPROVED
2026-09-01 22:12:01.537682+05:30,25344.27,25351.94,25331.68,25343.53,11136.0,0.1487,LOW_TOXICITY,-0.000175,0.512,SELL,1,1,0.6221,1.0,1,VETO
2026-09-01 22:13:01.537682+05:30,25342.94,25365.22,25321.64,25325.96,4565.0,0.1487,LOW_TOXICITY,-0.000234,0.4949,SELL,1,1,0.5617,1.0,1,VETO
2026-09-01 22:14:01.537682+05:30,25366.25,25426.58,25347.06,25411.52,10727.0,0.1489,LOW_TOXICITY,0.000105,0.5444,HOLD,0,0,0.5,1.0,1,APPROVED
2026-09-01 22:15:01.537682+05:30,25436.03,25456.63,25402.91,25437.86,10769.0,0.1489,LOW_TOXICITY,-7.9e-05,0.5319,HOLD,0,0,0.5,1.0,1,APPROVED
2026-09-01 22:16:01.537682+05:30,25364.14,25399.36,25318.87,25378.68,51027.0,0.1489,LOW_TOXICITY,-0.000398,0.5446,SELL,1,-1,0.549,1.0,1,VETO
2026-09-01 22:17:01.537682+05:30,25407.74,25420.06,25382.45,25402.2,11932.0,0.1489,LOW_TOXICITY,-0.000414,0.5267,SELL,1,-1,0.5211,1.0,1,VETO
2026-09-01 22:18:01.537682+05:30,25295.38,25420.28,25271.12,25326.29,9297.0,0.1489,LOW_TOXICITY,-0.000625,0.5611,SELL,1,-1,0.7753,1.0,1,VETO
2026-09-01 22:19:01.537682+05:30,25389.03,25429.38,25374.37,25381.98,10801.0,0.1489,LOW_TOXICITY,-0.000457,0.5645,SELL,1,1,0.5961,1.0,1,VETO
2026-09-01 22:20:01.537682+05:30,25393.76,25403.92,25358.35,25360.37,20831.0,0.1489,LOW_TOXICITY,-0.000396,0.5454,SELL,1,-1,0.5815,1.0,1,VETO
2026-09-01 22:21:01.537682+05:30,25377.71,25406.95,25336.74,25356.9,36093.0,0.1489,LOW_TOXICITY,-0.000419,0.5229,SELL,1,-1,0.5859,1.0,1,VETO
2026-09-01 22:22:01.537682+05:30,25451.62,25453.18,25416.67,25428.78,31549.0,0.1489,LOW_TOXICITY,-0.00027,0.5493,SELL,1,-1,0.512,1.0,1,VETO
2026-09-01 22:23:01.537682+05:30,25363.04,25394.11,25328.16,25367.77,22679.0,0.1489,LOW_TOXICITY,-0.000256,0.5619,SELL,1,1,0.6469,1.0,1,VETO
2026-09-01 22:24:01.537682+05:30,25310.34,25348.86,25213.67,25300.31,10986.0,0.1489,LOW_TOXICITY,-0.000481,0.5805,SELL,1,-1,0.5648,1.0,1,VETO
2026-09-01 22:25:01.537682+05:30,25281.26,25278.95,25249.32,25272.23,15916.0,0.1489,LOW_TOXICITY,-0.000536,0.5686,SELL,1,1,0.5616,1.0,1,VETO
2026-09-01 22:26:01.537682+05:30,25332.41,25363.36,25283.55,25323.76,13402.0,0.1489,LOW_TOXICITY,-0.000159,0.5679,SELL,1,-1,0.7242,1.0,1,VETO
2026-09-01 22:27:01.537682+05:30,25238.48,25305.19,25188.96,25246.54,5636.0,0.1489,LOW_TOXICITY,-0.000256,0.5994,SELL,1,-1,0.6652,1.0,1,VETO
2026-09-01 22:28:01.537682+05:30,25127.85,25274.78,24876.56,25106.42,17648.0,0.1489,LOW_TOXICITY,-0.00058,0.7327,SELL,-1,-1,0.5773,1.0,1,APPROVED
2026-09-01 22:29:01.537682+05:30,25101.28,25123.5,25081.84,25085.5,14315.0,0.1489,LOW_TOXICITY,-0.000861,0.7024,SELL,1,-1,0.5474,1.0,1,VETO
2026-09-01 22:30:01.537682+05:30,25119.11,25116.2,25107.67,25113.07,15192.0,0.1489,LOW_TOXICITY,-0.000857,0.6756,SELL,1,-1,0.6157,1.0,1,VETO
2026-09-01 22:31:01.537682+05:30,25167.39,25207.95,25116.68,25170.66,9166.0,0.1489,LOW_TOXICITY,-0.000549,0.6703,SELL,1,-1,0.6592,1.0,1,VETO
2026-09-01 22:32:01.537682+05:30,25164.86,25182.99,25148.68,25152.08,14472.0,0.1489,LOW_TOXICITY,-0.00066,0.6432,SELL,1,-1,0.5508,1.0,1,VETO
2026-09-01 22:33:01.537682+05:30,25100.85,25138.15,25078.75,25137.78,5080.0,0.1489,LOW_TOXICITY,-0.000498,0.6165,SELL,1,-1,0.5508,1.0,1,VETO
2026-09-02 10:46:05.497405+05:30,23861.4,23861.4,23760.93,23861.4,12701.0,0.1712,LOW_TOXICITY,-6.6e-05,1.3723,HOLD,0,0,0.5,0.039,-1,APPROVED
2026-09-01 22:34:01.537682+05:30,25190.41,25202.93,25170.72,25187.82,19668.0,0.1489,LOW_TOXICITY,-0.000512,0.6102,SELL,1,-1,0.6592,1.0,1,VETO
2026-09-01 22:35:01.537682+05:30,25099.61,25199.79,25017.6,25115.98,18918.0,0.1489,LOW_TOXICITY,-0.000646,0.64,SELL,1,1,0.5331,1.0,1,VETO
2026-09-01 22:36:01.537682+05:30,25092.6,25121.0,25053.28,25103.4,13311.0,0.1489,LOW_TOXICITY,-0.00067,0.6128,SELL,1,-1,0.5508,1.0,1,VETO
2026-09-01 22:37:01.537682+05:30,25110.49,25130.49,25097.25,25110.15,18788.0,0.1506,LOW_TOXICITY,-0.000841,0.5857,SELL,1,-1,0.5578,1.0,1,VETO
2026-09-01 22:38:01.537682+05:30,25108.85,25129.4,25093.28,25123.52,21270.0,0.1506,LOW_TOXICITY,-0.000645,0.5614,SELL,1,-1,0.5708,1.0,1,VETO
2026-09-01 22:39:01.537682+05:30,25112.68,25121.01,25099.98,25112.97,30761.0,0.1506,LOW_TOXICITY,-0.000495,0.5386,SELL,1,1,0.5788,1.0,1,VETO
2026-09-01 22:40:01.537682+05:30,25108.27,25120.6,25106.39,25115.21,15203.0,0.1506,LOW_TOXICITY,-0.000416,0.5158,SELL,1,1,0.6008,1.0,1,VETO
2026-09-01 22:41:01.537682+05:30,25113.75,25209.7,25025.04,25038.0,7793.0,0.1506,LOW_TOXICITY,-0.000757,0.5594,SELL,-1,1,0.5521,1.0,1,VETO
2026-09-01 22:42:01.537682+05:30,25022.62,25041.15,25001.44,25019.94,14564.0,0.1506,LOW_TOXICITY,-0.000601,0.5392,SELL,1,1,0.5532,1.0,1,VETO
2026-09-01 22:43:01.537682+05:30,25047.12,25044.58,25035.47,25037.58,14711.0,0.1506,LOW_TOXICITY,-0.000183,0.5192,SELL,1,1,0.5974,1.0,1,VETO
2026-09-01 22:44:01.537682+05:30,25000.98,25049.8,24945.94,25000.76,10683.0,0.1506,LOW_TOXICITY,-0.000226,0.5137,SELL,1,1,0.6338,1.0,1,VETO
2026-09-01 22:45:01.537682+05:30,25013.34,25032.85,24995.16,25004.21,29553.0,0.1506,LOW_TOXICITY,-0.00029,0.4843,SELL,1,1,0.5974,1.0,1,VETO
2026-09-01 22:46:01.537682+05:30,25018.13,25026.53,24999.5,25018.63,21830.0,0.1506,LOW_TOXICITY,-0.000404,0.4668,SELL,1,-1,0.518,1.0,1,VETO
2026-09-01 22:47:01.537682+05:30,25001.4,25011.27,24991.97,25007.42,15353.0,0.1506,LOW_TOXICITY,-0.000385,0.4501,SELL,1,1,0.5926,1.0,1,VETO
2026-09-01 22:48:01.537682+05:30,25019.3,25040.72,24999.82,25014.1,26621.0,0.147,LOW_TOXICITY,-0.000329,0.4331,SELL,1,1,0.5784,1.0,1,VETO
2026-09-01 22:49:01.537682+05:30,24983.34,25043.54,24942.63,24989.51,10244.0,0.147,LOW_TOXICITY,-0.000527,0.4257,SELL,1,1,0.6099,1.0,1,VETO
2026-09-01 22:50:01.537682+05:30,24989.1,24985.49,24981.21,24984.55,7950.0,0.147,LOW_TOXICITY,-0.00035,0.4105,SELL,1,1,0.5577,1.0,1,VETO
2026-09-01 22:51:01.537682+05:30,25006.67,25014.57,24995.4,25008.61,13556.0,0.147,LOW_TOXICITY,-0.000252,0.4035,SELL,1,1,0.5637,1.0,1,VETO
2026-09-01 22:52:01.537682+05:30,25008.19,25018.45,25003.76,25016.33,15661.0,0.147,LOW_TOXICITY,-0.00025,0.3902,SELL,1,1,0.5081,1.0,1,VETO
2026-09-01 22:53:01.537682+05:30,24991.75,25014.32,24979.09,24992.76,19011.0,0.147,LOW_TOXICITY,-0.000348,0.3861,SELL,1,-1,0.5262,1.0,1,VETO
2026-09-01 22:54:01.537682+05:30,24989.47,25004.5,24984.78,25003.76,5608.0,0.147,LOW_TOXICITY,-0.000291,0.375,SELL,1,1,0.6048,1.0,1,VETO
2026-09-01 22:55:01.537682+05:30,25033.25,25053.84,25013.87,25037.45,10371.0,0.147,LOW_TOXICITY,-0.000207,0.3688,SELL,-1,-1,0.5691,1.0,1,APPROVED
2026-09-02 10:46:06.361802+05:30,23861.3,23861.3,23760.83,23861.3,12701.0,0.1686,LOW_TOXICITY,-7e-05,1.6482,HOLD,0,0,0.5,0.039,-1,APPROVED
2026-09-01 22:56:01.537682+05:30,24965.55,25006.88,24917.7,24942.67,17197.0,0.147,LOW_TOXICITY,-0.000254,0.4893,SELL,-1,-1,0.8136,1.0,1,APPROVED
2026-09-02 10:46:05.465830+05:30,23860.9,23860.9,23760.43,23860.9,12701.0,0.1741,LOW_TOXICITY,-6.4e-05,1.2935,HOLD,0,0,0.5,0.039,-1,APPROVED
2026-09-01 22:57:01.537682+05:30,25008.99,25008.07,24996.94,24998.17,9972.0,0.147,LOW_TOXICITY,-5.8e-05,0.5043,HOLD,0,0,0.5,1.0,1,APPROVED
2026-09-01 22:58:01.537682+05:30,24989.64,25015.82,24978.44,24983.84,15098.0,0.147,LOW_TOXICITY,-0.000143,0.4838,HOLD,0,0,0.5,1.0,1,APPROVED
2026-09-01 22:59:01.537682+05:30,25019.12,25023.83,24989.18,25004.38,9386.0,0.147,LOW_TOXICITY,1e-05,0.4669,HOLD,0,0,0.5,1.0,1,APPROVED
2026-09-01 23:00:01.537682+05:30,25027.97,25072.1,24973.08,25056.34,9470.0,0.147,LOW_TOXICITY,0.000139,0.4804,HOLD,0,0,0.5,1.0,1,APPROVED
2026-09-01 23:01:01.537682+05:30,24998.73,25032.78,24946.37,25001.5,24529.0,0.147,LOW_TOXICITY,-4.6e-05,0.4985,HOLD,0,0,0.5,1.0,1,APPROVED
2026-09-01 23:02:01.537682+05:30,24977.24,24978.3,24958.02,24977.77,9616.0,0.147,LOW_TOXICITY,-7.9e-05,0.4834,HOLD,0,0,0.5,1.0,1,APPROVED
2026-09-01 23:03:01.537682+05:30,24982.18,25018.42,24958.55,24969.02,22285.0,0.1469,LOW_TOXICITY,-0.00012,0.4628,HOLD,0,0,0.5,1.0,1,APPROVED
2026-09-01 23:04:01.537682+05:30,24951.11,24954.36,24931.86,24945.65,7641.0,0.1469,LOW_TOXICITY,-0.000117,0.4508,HOLD,0,0,0.5,1.0,1,APPROVED
2026-09-01 23:05:01.537682+05:30,25024.32,25021.41,24992.11,24995.57,10573.0,0.1469,LOW_TOXICITY,2.9e-05,0.4651,HOLD,0,0,0.5,1.0,1,APPROVED
2026-09-01 23:06:01.537682+05:30,24970.26,24985.81,24961.3,24972.23,15092.0,0.1469,LOW_TOXICITY,-9.7e-05,0.4542,HOLD,0,0,0.5,1.0,1,APPROVED
2026-09-01 23:07:01.537682+05:30,24939.92,24990.64,24904.6,24955.19,11763.0,0.1469,LOW_TOXICITY,-0.000163,0.4409,SELL,1,1,0.587,1.0,1,VETO
2026-09-01 23:08:01.537682+05:30,24934.65,24964.44,24919.99,24963.7,36635.0,0.1469,LOW_TOXICITY,-7.8e-05,0.425,HOLD,0,0,0.5,1.0,1,APPROVED
2026-09-01 23:09:01.537682+05:30,24925.79,24952.84,24914.73,24928.26,19038.0,0.1469,LOW_TOXICITY,-0.000202,0.4275,SELL,1,1,0.6427,1.0,1,VETO
2026-09-01 23:10:01.537682+05:30,24906.88,24935.16,24889.69,24918.63,12869.0,0.1469,LOW_TOXICITY,-0.000317,0.4135,SELL,1,1,0.6625,1.0,1,VETO
2026-09-01 23:11:01.537682+05:30,24928.83,24942.22,24906.97,24929.54,17843.0,0.1469,LOW_TOXICITY,-3.5e-05,0.4003,HOLD,0,0,0.5,1.0,1,APPROVED
2026-09-01 23:12:01.537682+05:30,24921.2,24949.26,24880.97,24921.64,47498.0,0.1469,LOW_TOXICITY,-0.000204,0.3879,SELL,1,1,0.5185,1.0,1,VETO
2026-09-01 23:13:01.537682+05:30,24902.38,24930.69,24877.07,24920.37,6743.0,0.1469,LOW_TOXICITY,-0.00017,0.3754,SELL,1,-1,0.5047,1.0,1,VETO
2026-09-01 23:14:01.537682+05:30,24893.16,24913.41,24882.48,24906.43,10172.0,0.1474,LOW_TOXICITY,-0.000262,0.3673,SELL,1,1,0.5261,1.0,1,VETO
2026-09-01 23:15:01.537682+05:30,24883.9,24889.19,24868.44,24868.55,16192.0,0.1474,LOW_TOXICITY,-0.000502,0.3742,SELL,1,1,0.5855,1.0,1,VETO
2026-09-01 23:16:01.537682+05:30,24880.12,24889.22,24868.38,24878.26,8567.0,0.1474,LOW_TOXICITY,-0.000329,0.3631,SELL,1,-1,0.5199,1.0,1,VETO
2026-09-01 23:17:01.537682+05:30,24941.91,24967.35,24895.32,24919.08,12861.0,0.1474,LOW_TOXICITY,-0.000157,0.3773,SELL,-1,-1,0.5966,1.0,1,APPROVED
2026-09-01 23:18:01.537682+05:30,24911.57,24925.33,24909.41,24920.72,5602.0,0.1474,LOW_TOXICITY,-0.000129,0.3647,HOLD,0,0,0.5,1.0,1,APPROVED
2026-09-01 23:19:01.537682+05:30,24936.61,24951.16,24919.64,24927.04,22422.0,0.1474,LOW_TOXICITY,-5e-05,0.3536,HOLD,0,0,0.5,1.0,1,APPROVED
2026-09-01 23:20:01.537682+05:30,24927.64,24951.05,24920.71,24940.86,17455.0,0.1474,LOW_TOXICITY,-0.000146,0.3458,HOLD,0,0,0.5,1.0,1,APPROVED
2026-09-01 23:21:01.537682+05:30,24922.05,24948.26,24887.72,24916.66,19277.0,0.1474,LOW_TOXICITY,-0.000149,0.3468,HOLD,0,0,0.5,1.0,1,APPROVED
2026-09-01 23:22:01.537682+05:30,24980.75,25009.0,24941.8,24952.79,12205.0,0.1474,LOW_TOXICITY,-6e-06,0.3577,HOLD,0,0,0.5,1.0,1,APPROVED
2026-09-01 23:23:01.537682+05:30,24966.31,24989.74,24942.99,24958.62,13933.0,0.1474,LOW_TOXICITY,-1.4e-05,0.3471,HOLD,0,0,0.5,1.0,1,APPROVED
2026-09-01 23:24:01.537682+05:30,25042.97,25068.86,24995.56,24998.53,11607.0,0.1474,LOW_TOXICITY,0.000188,0.3624,BUY,1,1,0.5,1.0,1,VETO
2026-09-01 23:25:01.537682+05:30,24963.31,24986.3,24948.81,24979.18,18061.0,0.1474,LOW_TOXICITY,0.000162,0.3566,BUY,1,1,0.5,1.0,1,VETO
2026-09-01 23:26:01.537682+05:30,25011.87,25032.79,24986.55,25032.42,12394.0,0.1474,LOW_TOXICITY,0.000275,0.3893,BUY,1,1,0.5,1.0,1,VETO
2026-09-01 23:27:01.537682+05:30,25085.04,25104.01,25052.78,25054.93,11423.0,0.1474,LOW_TOXICITY,0.000356,0.3826,BUY,1,1,0.5,1.0,1,VETO
2026-09-01 23:28:01.537682+05:30,25070.33,25087.84,25050.43,25071.63,4254.0,0.1474,LOW_TOXICITY,0.000403,0.3732,BUY,1,1,0.5,1.0,1,VETO
2026-09-01 23:29:01.537682+05:30,25069.0,25080.25,25051.72,25079.83,16969.0,0.1481,LOW_TOXICITY,0.000463,0.3615,BUY,1,1,0.5,1.0,1,VETO
2026-09-01 23:30:01.537682+05:30,25087.46,25113.02,25057.21,25073.67,16604.0,0.1481,LOW_TOXICITY,0.000548,0.3508,BUY,1,1,0.5,1.0,1,VETO
2026-09-01 23:31:01.537682+05:30,25132.56,25152.2,25106.04,25110.96,14470.0,0.1481,LOW_TOXICITY,0.000621,0.3621,BUY,1,1,0.5,1.0,1,VETO
2026-09-01 23:32:01.537682+05:30,25104.1,25138.68,25064.59,25116.13,14724.0,0.1481,LOW_TOXICITY,0.000525,0.3508,BUY,1,1,0.5,1.0,1,VETO
2026-09-01 23:33:01.537682+05:30,25050.61,25094.31,24992.59,25066.2,12860.0,0.1481,LOW_TOXICITY,0.000388,0.3827,BUY,1,1,0.5,1.0,1,VETO
2026-09-01 23:34:01.537682+05:30,25015.75,25055.63,25000.32,25042.91,9854.0,0.1481,LOW_TOXICITY,0.000309,0.3788,BUY,1,1,0.5,1.0,1,VETO
2026-09-01 23:35:01.537682+05:30,25015.46,25043.81,25005.79,25039.03,35442.0,0.1481,LOW_TOXICITY,0.000262,0.3668,BUY,1,1,0.5,1.0,1,VETO
2026-09-01 23:36:01.537682+05:30,25047.05,25050.83,25045.53,25047.72,10928.0,0.1481,LOW_TOXICITY,0.00035,0.3558,BUY,1,1,0.5,1.0,1,VETO
2026-09-01 23:37:01.537682+05:30,25049.46,25071.67,25023.31,25047.72,11025.0,0.1481,LOW_TOXICITY,0.000253,0.3449,BUY,1,1,0.5,1.0,1,VETO
2026-09-01 23:38:01.537682+05:30,25054.64,25092.14,25012.14,25073.93,19103.0,0.1481,LOW_TOXICITY,0.000307,0.3455,BUY,1,1,0.5,1.0,1,VETO
2026-09-01 23:39:01.537682+05:30,25041.19,25075.62,24970.91,25029.07,4152.0,0.1481,LOW_TOXICITY,8.1e-05,0.3707,HOLD,0,0,0.5,1.0,1,APPROVED
2026-09-01 23:40:01.537682+05:30,25040.49,25051.19,25023.14,25033.63,15039.0,0.1481,LOW_TOXICITY,0.000145,0.3586,HOLD,0,0,0.5,1.0,1,APPROVED
2026-09-01 23:41:01.537682+05:30,24978.23,24992.89,24985.04,24985.57,6927.0,0.1481,LOW_TOXICITY,-0.000125,0.3864,HOLD,0,0,0.5,1.0,1,APPROVED
2026-09-01 23:42:01.537682+05:30,25015.41,25022.58,24990.14,25005.99,9368.0,0.1481,LOW_TOXICITY,-0.00013,0.3786,HOLD,0,0,0.5,1.0,1,APPROVED
2026-09-01 23:43:01.537682+05:30,25016.22,25020.58,24998.27,25004.75,22325.0,0.1449,LOW_TOXICITY,-0.000178,0.3658,SELL,1,1,0.5367,1.0,1,VETO
2026-09-01 23:44:01.537682+05:30,25020.09,25020.9,25008.31,25016.07,18880.0,0.1449,LOW_TOXICITY,-0.00017,0.3557,SELL,1,1,0.5429,1.0,1,VETO
2026-09-01 23:45:01.537682+05:30,24981.67,25006.6,24960.08,24990.77,29943.0,0.1449,LOW_TOXICITY,-0.000221,0.354,SELL,1,-1,0.5234,1.0,1,VETO
2026-09-01 23:46:01.537682+05:30,25017.71,25064.42,24990.19,25026.75,27087.0,0.1449,LOW_TOXICITY,-0.000224,0.3633,SELL,-1,-1,0.5188,1.0,1,APPROVED
2026-09-01 23:47:01.537682+05:30,25061.88,25089.21,25043.17,25057.42,31824.0,0.1449,LOW_TOXICITY,-0.000156,0.3658,SELL,-1,1,0.5046,1.0,1,APPROVED
2026-09-01 23:48:01.537682+05:30,25073.14,25093.95,25050.22,25076.34,15727.0,0.1449,LOW_TOXICITY,2.7e-05,0.359,HOLD,0,0,0.5,1.0,1,APPROVED
2026-09-01 23:49:01.537682+05:30,25069.6,25118.53,25023.18,25073.52,15200.0,0.1449,LOW_TOXICITY,8.1e-05,0.3479,HOLD,0,0,0.5,1.0,1,APPROVED
2026-09-01 23:50:01.537682+05:30,25096.31,25118.4,25067.81,25092.69,18378.0,0.1449,LOW_TOXICITY,0.000143,0.343,HOLD,0,0,0.5,1.0,1,APPROVED
2026-09-01 23:51:01.537682+05:30,25058.36,25075.55,25054.58,25072.4,11634.0,0.1449,LOW_TOXICITY,6.6e-05,0.341,HOLD,0,0,0.5,1.0,1,APPROVED
2026-09-01 23:52:01.537682+05:30,25120.34,25140.98,25098.12,25099.83,44631.0,0.1437,LOW_TOXICITY,0.000139,0.3431,HOLD,0,0,0.5,1.0,1,APPROVED
2026-09-01 23:53:01.537682+05:30,25184.12,25215.76,25113.89,25150.84,12510.0,0.1437,LOW_TOXICITY,0.000204,0.3741,BUY,1,1,0.5,1.0,1,VETO
2026-09-01 23:54:01.537682+05:30,25179.8,25216.23,25154.83,25187.57,17377.0,0.1437,LOW_TOXICITY,0.000421,0.3813,BUY,1,1,0.5,1.0,1,VETO
2026-09-01 23:55:01.537682+05:30,25165.7,25179.95,25131.72,25159.89,13627.0,0.1437,LOW_TOXICITY,0.000335,0.384,BUY,1,1,0.5,1.0,1,VETO
2026-09-01 23:56:01.537682+05:30,25189.58,25201.97,25166.88,25174.7,15256.0,0.1437,LOW_TOXICITY,0.000503,0.3734,BUY,1,1,0.5,1.0,1,VETO
2026-09-01 23:57:01.537682+05:30,25118.64,25150.06,25117.38,25133.31,8242.0,0.1437,LOW_TOXICITY,0.000339,0.3895,BUY,1,1,0.5,1.0,1,VETO
2026-09-01 23:58:01.537682+05:30,25139.84,25155.54,25114.65,25153.2,21474.0,0.1437,LOW_TOXICITY,0.000395,0.381,BUY,1,1,0.5,1.0,1,VETO
2026-09-01 23:59:01.537682+05:30,25171.41,25180.07,25146.98,25172.6,38424.0,0.1437,LOW_TOXICITY,0.000416,0.3729,BUY,1,1,0.5,1.0,1,VETO
2026-09-02 00:00:01.537682+05:30,25095.96,25113.28,25072.36,25104.13,19789.0,0.1437,LOW_TOXICITY,0.000302,0.4328,BUY,1,1,0.5,1.0,1,VETO
2026-09-02 00:01:01.537682+05:30,25068.43,25061.99,25055.35,25056.84,47235.0,0.1441,LOW_TOXICITY,8e-05,0.4479,HOLD,0,0,0.5,1.0,1,APPROVED
2026-09-02 00:02:01.537682+05:30,25053.08,25077.01,25042.64,25045.02,30313.0,0.1441,LOW_TOXICITY,-3.3e-05,0.4317,HOLD,0,0,0.5,1.0,1,APPROVED
2026-09-02 00:03:01.537682+05:30,25026.99,25046.55,25000.15,25033.12,32716.0,0.1441,LOW_TOXICITY,-0.000115,0.417,HOLD,0,0,0.5,1.0,1,APPROVED
2026-09-02 00:04:01.537682+05:30,24996.34,25012.34,24970.47,24980.34,29964.0,0.1441,LOW_TOXICITY,-0.000248,0.4422,SELL,1,1,0.6893,1.0,1,VETO
2026-09-02 00:05:01.537682+05:30,25006.7,25020.55,24998.02,25000.57,7752.0,0.1441,LOW_TOXICITY,-0.000245,0.43,SELL,1,1,0.6272,1.0,1,VETO
2026-09-02 00:06:01.537682+05:30,25007.91,25021.08,24988.27,25013.58,18917.0,0.1441,LOW_TOXICITY,-0.000157,0.4146,SELL,1,1,0.5856,1.0,1,VETO
2026-09-02 00:07:01.537682+05:30,24997.15,25009.37,24994.07,25006.03,11617.0,0.1441,LOW_TOXICITY,-0.00025,0.3996,SELL,1,1,0.6029,1.0,1,VETO
2026-09-02 00:08:01.537682+05:30,24976.02,24980.41,24967.08,24974.96,13242.0,0.1441,LOW_TOXICITY,-0.000468,0.4007,SELL,1,1,0.5779,1.0,1,VETO
2026-09-02 00:09:01.537682+05:30,24972.28,25031.77,24895.28,25017.2,17813.0,0.1441,LOW_TOXICITY,-0.000452,0.4112,SELL,-1,-1,0.5077,1.0,1,APPROVED
2026-09-02 00:10:01.537682+05:30,25071.28,25092.52,25053.74,25079.31,17384.0,0.1441,LOW_TOXICITY,-0.000214,0.4481,SELL,-1,-1,0.5038,1.0,1,APPROVED
2026-09-02 00:11:01.537682+05:30,25064.63,25107.67,25028.85,25064.71,15249.0,0.145,LOW_TOXICITY,-0.000292,0.4328,SELL,1,1,0.6454,1.0,1,VETO
2026-09-02 00:12:01.537682+05:30,25023.31,25051.4,25012.16,25045.93,9520.0,0.145,LOW_TOXICITY,-0.000232,0.421,SELL,1,1,0.5367,1.0,1,VETO
2026-09-02 00:13:01.537682+05:30,25082.98,25096.78,25059.06,25062.05,38457.0,0.145,LOW_TOXICITY,-0.000242,0.4076,SELL,1,1,0.5382,1.0,1,VETO
2026-09-02 00:14:01.537682+05:30,25057.45,25068.07,25049.95,25052.22,5126.0,0.145,LOW_TOXICITY,-0.00032,0.3939,SELL,1,-1,0.5239,1.0,1,VETO
2026-09-02 00:15:01.537682+05:30,25046.38,25056.9,25029.68,25049.81,18294.0,0.145,LOW_TOXICITY,-0.000144,0.3807,HOLD,0,0,0.5,1.0,1,APPROVED
2026-09-02 00:16:01.537682+05:30,25075.4,25079.94,25056.37,25071.36,10866.0,0.145,LOW_TOXICITY,3.9e-05,0.3741,HOLD,0,0,0.5,1.0,1,APPROVED
2026-09-02 00:17:01.537682+05:30,25037.29,25030.29,25006.86,25015.23,24147.0,0.145,LOW_TOXICITY,-7.9e-05,0.4114,HOLD,0,0,0.5,1.0,1,APPROVED
2026-09-02 00:18:01.537682+05:30,25054.16,25087.15,25012.46,25048.19,13789.0,0.145,LOW_TOXICITY,4e-05,0.4104,HOLD,0,0,0.5,1.0,1,APPROVED
2026-09-02 00:19:01.537682+05:30,25045.96,25061.69,25028.09,25051.29,13800.0,0.145,LOW_TOXICITY,0.000189,0.3951,BUY,1,1,0.5,1.0,1,VETO
2026-09-02 00:20:01.537682+05:30,25054.03,25058.26,25031.87,25040.44,9204.0,0.145,LOW_TOXICITY,0.000106,0.3832,HOLD,0,0,0.5,1.0,1,APPROVED
2026-09-02 00:21:01.537682+05:30,25022.65,25054.4,25006.63,25039.39,11276.0,0.145,LOW_TOXICITY,6.9e-05,0.3701,HOLD,0,0,0.5,1.0,1,APPROVED
2026-09-02 00:22:01.537682+05:30,25038.33,25065.58,25013.04,25039.48,9254.0,0.145,LOW_TOXICITY,8.9e-05,0.3579,HOLD,0,0,0.5,1.0,1,APPROVED
2026-09-02 00:23:01.537682+05:30,24964.8,25032.57,24926.03,24984.97,8115.0,0.145,LOW_TOXICITY,2.7e-05,0.3958,HOLD,0,0,0.5,1.0,1,APPROVED
2026-09-02 00:24:01.537682+05:30,25019.38,25040.52,25004.55,25031.03,20491.0,0.1445,LOW_TOXICITY,3.7e-05,0.411,HOLD,0,0,0.5,1.0,1,APPROVED
2026-09-02 00:25:01.537682+05:30,25015.05,25049.74,24985.2,25033.52,13857.0,0.1445,LOW_TOXICITY,-0.000122,0.3931,HOLD,0,0,0.5,1.0,1,APPROVED
2026-09-02 00:26:01.537682+05:30,25028.29,25055.05,25022.27,25048.74,10646.0,0.1445,LOW_TOXICITY,-4.2e-05,0.3824,HOLD,0,0,0.5,1.0,1,APPROVED
2026-09-02 00:27:01.537682+05:30,25083.56,25105.91,25044.18,25080.18,9442.0,0.1445,LOW_TOXICITY,9.1e-05,0.3835,HOLD,0,0,0.5,1.0,1,APPROVED
2026-09-02 00:28:01.537682+05:30,25062.0,25081.88,25032.66,25047.47,17384.0,0.1445,LOW_TOXICITY,-3.9e-05,0.3878,HOLD,0,0,0.5,1.0,1,APPROVED
2026-09-02 00:29:01.537682+05:30,25076.02,25109.1,25043.28,25063.08,17576.0,0.1445,LOW_TOXICITY,2.9e-05,0.3778,HOLD,0,0,0.5,1.0,1,APPROVED
2026-09-02 00:30:01.537682+05:30,25065.09,25073.62,25052.79,25056.08,14133.0,0.1445,LOW_TOXICITY,1.7e-05,0.3664,HOLD,0,0,0.5,1.0,1,APPROVED
2026-09-02 00:31:01.537682+05:30,25084.45,25095.48,25072.67,25079.82,12235.0,0.1445,LOW_TOXICITY,2.2e-05,0.3629,HOLD,0,0,0.5,1.0,1,APPROVED
2026-09-02 00:32:01.537682+05:30,25018.23,25029.04,25000.73,25024.97,17931.0,0.1445,LOW_TOXICITY,2.6e-05,0.3994,HOLD,0,0,0.5,1.0,1,APPROVED
2026-09-02 00:33:01.537682+05:30,25032.47,25054.54,25017.81,25023.86,20827.0,0.1445,LOW_TOXICITY,-6.5e-05,0.3853,HOLD,0,0,0.5,1.0,1,APPROVED
2026-09-02 00:34:01.537682+05:30,25017.08,25043.12,24987.2,25011.91,17709.0,0.1445,LOW_TOXICITY,-0.000105,0.3749,HOLD,0,0,0.5,1.0,1,APPROVED
2026-09-02 00:35:01.537682+05:30,25030.8,25052.86,25015.66,25024.41,10736.0,0.1445,LOW_TOXICITY,-4.3e-05,0.3629,HOLD,0,0,0.5,1.0,1,APPROVED
2026-09-02 00:36:01.537682+05:30,25042.13,25061.09,25023.39,25039.53,10475.0,0.1445,LOW_TOXICITY,0.0,0.3548,HOLD,0,0,0.5,1.0,1,APPROVED
2026-09-02 00:37:01.537682+05:30,25021.17,25049.43,24986.14,25018.59,9776.0,0.1445,LOW_TOXICITY,-5.6e-05,0.3522,HOLD,0,0,0.5,1.0,1,APPROVED
2026-09-02 00:38:01.537682+05:30,25005.68,25016.34,24998.29,24999.9,17228.0,0.1419,LOW_TOXICITY,4e-05,0.3483,HOLD,0,0,0.5,1.0,1,APPROVED
2026-09-02 00:39:01.537682+05:30,25003.38,25015.09,24990.29,24998.15,10444.0,0.1419,LOW_TOXICITY,-8.8e-05,0.3384,HOLD,0,0,0.5,1.0,1,APPROVED
2026-09-02 00:40:01.537682+05:30,24952.6,24987.88,24926.46,24971.69,6118.0,0.1419,LOW_TOXICITY,-0.000165,0.3422,SELL,1,1,0.5188,1.0,1,VETO
2026-09-02 00:41:01.537682+05:30,25018.44,25049.78,24995.48,24999.27,15641.0,0.1419,LOW_TOXICITY,-0.000132,0.3446,HOLD,0,0,0.5,1.0,1,APPROVED
2026-09-02 00:42:01.537682+05:30,24959.26,24989.46,24949.8,24986.43,15888.0,0.1419,LOW_TOXICITY,-0.00025,0.3381,SELL,1,1,0.5122,1.0,1,VETO
2026-09-02 00:43:01.537682+05:30,24817.44,24888.58,24831.12,24874.72,20699.0,0.1419,LOW_TOXICITY,-0.000461,0.5052,SELL,-1,1,0.5489,1.0,1,APPROVED
2026-09-02 00:44:01.537682+05:30,24867.9,24890.45,24855.03,24861.39,14027.0,0.1419,LOW_TOXICITY,-0.000539,0.4857,SELL,1,1,0.5686,1.0,1,VETO
2026-09-02 00:45:01.537682+05:30,24829.76,24871.05,24787.05,24823.71,5937.0,0.1419,LOW_TOXICITY,-0.000621,0.4827,SELL,1,1,0.5996,1.0,1,VETO
2026-09-02 00:46:01.537682+05:30,24754.85,24780.48,24738.39,24763.92,13042.0,0.1419,LOW_TOXICITY,-0.000845,0.5054,SELL,1,1,0.5407,1.0,1,VETO
2026-09-02 00:47:01.537682+05:30,24726.75,24769.66,24697.0,24719.99,4948.0,0.1419,LOW_TOXICITY,-0.000817,0.5069,SELL,1,1,0.5996,1.0,1,VETO
2026-09-02 00:48:01.537682+05:30,24716.23,24733.89,24702.99,24725.41,32206.0,0.1419,LOW_TOXICITY,-0.0008,0.4861,SELL,1,1,0.6102,1.0,1,VETO
2026-09-02 00:49:01.537682+05:30,24781.37,24802.61,24763.42,24780.71,14354.0,0.1419,LOW_TOXICITY,-0.000619,0.5002,SELL,-1,1,0.5204,1.0,1,APPROVED
2026-09-02 00:50:01.537682+05:30,24796.4,24799.83,24786.9,24793.81,8588.0,0.1419,LOW_TOXICITY,-0.000617,0.4813,SELL,1,1,0.5622,1.0,1,VETO
2026-09-02 00:51:01.537682+05:30,24785.88,24799.32,24749.07,24774.73,18087.0,0.1419,LOW_TOXICITY,-0.000709,0.4669,SELL,1,1,0.5227,1.0,1,VETO
2026-09-02 00:52:01.537682+05:30,24783.62,24795.62,24764.5,24788.67,12958.0,0.1419,LOW_TOXICITY,-0.000615,0.4508,SELL,1,1,0.5868,1.0,1,VETO
2026-09-02 00:53:01.537682+05:30,24768.59,24781.28,24754.07,24776.39,11076.0,0.1421,LOW_TOXICITY,-0.000599,0.436,SELL,1,1,0.6022,1.0,1,VETO
2026-09-02 00:54:01.537682+05:30,24751.03,24776.94,24742.68,24759.45,18325.0,0.1421,LOW_TOXICITY,-0.00064,0.4244,SELL,1,1,0.6022,1.0,1,VETO
2026-09-02 00:55:01.537682+05:30,24730.77,24753.32,24717.58,24737.68,12476.0,0.1421,LOW_TOXICITY,-0.000628,0.4168,SELL,1,1,0.5484,1.0,1,VETO
2026-09-02 00:56:01.537682+05:30,24707.01,24710.69,24696.02,24701.18,34639.0,0.1421,LOW_TOXICITY,-0.0008,0.4209,SELL,1,1,0.5586,1.0,1,VETO
2026-09-02 00:57:01.537682+05:30,24681.9,24702.58,24651.79,24690.98,31637.0,0.1421,LOW_TOXICITY,-0.000793,0.408,SELL,1,1,0.5874,1.0,1,VETO
2026-09-02 00:58:01.537682+05:30,24688.2,24705.82,24671.99,24696.85,7728.0,0.1421,LOW_TOXICITY,-0.000478,0.3948,SELL,1,1,0.6122,1.0,1,VETO
2026-09-02 00:59:01.537682+05:30,24685.2,24709.69,24664.13,24695.01,8116.0,0.1421,LOW_TOXICITY,-0.000448,0.3823,SELL,1,1,0.6122,1.0,1,VETO
2026-09-02 01:00:01.537682+05:30,24681.23,24685.85,24674.58,24682.95,13840.0,0.1421,LOW_TOXICITY,-0.000379,0.3732,SELL,1,-1,0.5084,1.0,1,VETO
2026-09-02 01:01:01.537682+05:30,24658.83,24680.49,24637.81,24654.39,8622.0,0.1421,LOW_TOXICITY,-0.000296,0.3752,SELL,1,1,0.5775,1.0,1,VETO
2026-09-02 01:02:01.537682+05:30,24695.66,24727.58,24665.5,24676.38,28317.0,0.1421,LOW_TOXICITY,-0.000118,0.3709,HOLD,0,0,0.5,1.0,1,APPROVED
2026-09-02 01:03:01.537682+05:30,24670.74,24706.26,24628.42,24634.11,8851.0,0.1421,LOW_TOXICITY,-0.000247,0.3874,SELL,1,1,0.6366,1.0,1,VETO
2026-09-02 01:04:01.537682+05:30,24661.96,24665.18,24656.4,24661.45,16653.0,0.1421,LOW_TOXICITY,-0.000322,0.3856,SELL,-1,-1,0.5018,1.0,1,APPROVED
2026-09-02 01:05:01.537682+05:30,24623.86,24645.47,24620.9,24628.22,8920.0,0.1442,LOW_TOXICITY,-0.000447,0.3872,SELL,1,1,0.6754,1.0,1,VETO
2026-09-02 01:06:01.537682+05:30,24614.3,24617.76,24598.83,24605.28,7817.0,0.1442,LOW_TOXICITY,-0.000458,0.3831,SELL,1,1,0.6343,1.0,1,VETO
2026-09-02 01:07:01.537682+05:30,24538.05,24571.94,24511.12,24555.35,18526.0,0.1442,LOW_TOXICITY,-0.00063,0.4071,SELL,1,1,0.5225,1.0,1,VETO
2026-09-02 01:08:01.537682+05:30,24536.86,24542.69,24533.64,24539.5,19251.0,0.1442,LOW_TOXICITY,-0.00064,0.3973,SELL,1,1,0.5943,1.0,1,VETO
2026-09-02 01:09:01.537682+05:30,24591.38,24617.63,24560.72,24571.55,18584.0,0.1442,LOW_TOXICITY,-0.000508,0.3983,SELL,-1,1,0.58,1.0,1,VETO
2026-09-02 01:10:01.537682+05:30,24610.89,24623.97,24580.92,24589.86,9967.0,0.1442,LOW_TOXICITY,-0.0004,0.3898,SELL,-1,1,0.5054,1.0,1,APPROVED
2026-09-02 01:11:01.537682+05:30,24621.52,24658.85,24597.3,24620.74,16554.0,0.1442,LOW_TOXICITY,-0.000217,0.3906,SELL,-1,-1,0.5303,1.0,1,APPROVED
2026-09-02 01:12:01.537682+05:30,24630.0,24639.01,24623.54,24637.84,11855.0,0.1442,LOW_TOXICITY,-0.000144,0.3822,HOLD,0,0,0.5,1.0,1,APPROVED
2026-09-02 01:13:01.537682+05:30,24630.79,24646.55,24602.67,24605.62,12717.0,0.1442,LOW_TOXICITY,-0.000247,0.386,SELL,1,1,0.5666,1.0,1,VETO
2026-09-02 01:14:01.537682+05:30,24603.57,24633.87,24580.29,24595.79,29204.0,0.1442,LOW_TOXICITY,-0.000268,0.3758,SELL,1,1,0.5012,1.0,1,VETO
2026-09-02 01:15:01.537682+05:30,24561.49,24580.66,24531.63,24570.0,13014.0,0.1442,LOW_TOXICITY,-0.000306,0.3748,SELL,1,1,0.5429,1.0,1,VETO
2026-09-02 01:16:01.537682+05:30,24657.06,24695.86,24616.04,24616.88,26230.0,0.1442,LOW_TOXICITY,-0.000102,0.3944,HOLD,0,0,0.5,1.0,1,APPROVED
2026-09-02 01:17:01.537682+05:30,24600.15,24637.07,24547.44,24574.44,21279.0,0.1431,LOW_TOXICITY,-0.000276,0.4071,SELL,1,1,0.5841,1.0,1,VETO
2026-09-02 01:18:01.537682+05:30,24604.78,24648.72,24594.4,24611.64,13295.0,0.1431,LOW_TOXICITY,-6.1e-05,0.4116,HOLD,0,0,0.5,1.0,1,APPROVED
2026-09-02 01:19:01.537682+05:30,24675.42,24690.81,24642.66,24649.85,16769.0,0.1431,LOW_TOXICITY,-3.1e-05,0.4165,HOLD,0,0,0.5,1.0,1,APPROVED
2026-09-02 01:20:01.537682+05:30,24731.53,24806.9,24701.91,24725.99,4372.0,0.1431,LOW_TOXICITY,0.000264,0.4724,BUY,1,1,0.5,1.0,1,VETO
2026-09-02 01:21:01.537682+05:30,24705.94,24715.66,24707.37,24712.26,5867.0,0.1431,LOW_TOXICITY,0.000289,0.4564,BUY,1,1,0.5,1.0,1,VETO
2026-09-02 01:22:01.537682+05:30,24747.03,24753.85,24732.58,24737.03,15417.0,0.1431,LOW_TOXICITY,0.000491,0.4463,BUY,1,1,0.5,1.0,1,VETO
2026-09-02 01:23:01.537682+05:30,24846.08,24921.59,24740.37,24811.36,15731.0,0.1431,LOW_TOXICITY,0.000735,0.4928,BUY,1,1,0.5,1.0,1,VETO
2026-09-02 01:24:01.537682+05:30,24803.05,24809.85,24784.01,24793.98,16027.0,0.1431,LOW_TOXICITY,0.000601,0.4766,BUY,1,1,0.5,1.0,1,VETO
2026-09-02 01:25:01.537682+05:30,24761.03,24777.52,24749.41,24749.9,18580.0,0.1431,LOW_TOXICITY,0.000432,0.4831,BUY,1,1,0.5,1.0,1,VETO
2026-09-02 01:26:01.537682+05:30,24729.34,24754.82,24693.92,24695.39,15079.0,0.1431,LOW_TOXICITY,0.000202,0.4985,BUY,1,1,0.5,1.0,1,VETO
2026-09-02 01:27:01.537682+05:30,24725.37,24749.64,24701.18,24718.87,15596.0,0.1431,LOW_TOXICITY,0.000219,0.4841,BUY,1,1,0.5,1.0,1,VETO
2026-09-02 01:28:01.537682+05:30,24635.04,24677.5,24640.68,24661.93,12815.0,0.1431,LOW_TOXICITY,0.000152,0.5024,BUY,1,1,0.5,1.0,1,VETO
2026-09-02 01:29:01.537682+05:30,24653.17,24685.08,24621.95,24651.16,12393.0,0.1431,LOW_TOXICITY,0.00015,0.4834,HOLD,0,0,0.5,1.0,1,APPROVED
2026-09-02 01:30:01.537682+05:30,24665.49,24687.0,24656.86,24666.51,13296.0,0.1431,LOW_TOXICITY,0.000261,0.4666,BUY,1,1,0.5,1.0,1,VETO
2026-09-02 01:31:01.537682+05:30,24652.58,24680.28,24632.76,24672.62,12339.0,0.1431,LOW_TOXICITY,0.000151,0.449,BUY,1,1,0.5,1.0,1,VETO
2026-09-02 01:32:01.537682+05:30,24674.9,24686.57,24650.08,24683.94,12986.0,0.1399,LOW_TOXICITY,0.000296,0.4336,BUY,1,1,0.5,1.0,1,VETO
2026-09-02 01:33:01.537682+05:30,24681.77,24691.28,24681.27,24690.42,17004.0,0.1399,LOW_TOXICITY,0.000213,0.4184,BUY,1,1,0.5,1.0,1,VETO
2026-09-02 01:34:01.537682+05:30,24714.59,24726.88,24695.07,24717.64,29717.0,0.1399,LOW_TOXICITY,0.000183,0.4134,BUY,1,1,0.5,1.0,1,VETO
2026-09-02 01:35:01.537682+05:30,24692.15,24713.95,24676.3,24697.39,6256.0,0.1399,LOW_TOXICITY,-7.7e-05,0.4042,HOLD,0,0,0.5,1.0,1,APPROVED
2026-09-02 01:36:01.537682+05:30,24682.41,24714.09,24633.1,24680.04,11692.0,0.1399,LOW_TOXICITY,-8.7e-05,0.3953,HOLD,0,0,0.5,1.0,1,APPROVED
2026-09-02 01:37:01.537682+05:30,24648.62,24683.6,24632.87,24657.22,13247.0,0.1399,LOW_TOXICITY,-0.000215,0.3904,SELL,1,1,0.6737,1.0,1,VETO
2026-09-02 01:38:01.537682+05:30,24703.53,24723.11,24680.24,24683.72,28004.0,0.1399,LOW_TOXICITY,-0.000344,0.3876,SELL,-1,1,0.7456,1.0,1,VETO
2026-09-02 01:39:01.537682+05:30,24706.74,24728.51,24654.93,24716.32,13338.0,0.1399,LOW_TOXICITY,-0.000209,0.39,SELL,-1,1,0.7638,1.0,1,VETO
2026-09-02 01:40:01.537682+05:30,24730.02,24746.57,24717.45,24733.38,7751.0,0.1399,LOW_TOXICITY,-4.5e-05,0.3816,HOLD,0,0,0.5,1.0,1,APPROVED
2026-09-02 01:41:01.537682+05:30,24777.37,24823.46,24728.31,24774.65,7697.0,0.1399,LOW_TOXICITY,0.000214,0.3934,BUY,1,1,0.5,1.0,1,VETO
2026-09-02 01:42:01.537682+05:30,24753.01,24779.53,24734.84,24738.42,12089.0,0.1399,LOW_TOXICITY,5.3e-05,0.3998,HOLD,0,0,0.5,1.0,1,APPROVED
2026-09-02 01:43:01.537682+05:30,24814.76,24840.63,24755.44,24791.03,9006.0,0.1399,LOW_TOXICITY,0.000348,0.4229,BUY,1,1,0.5,1.0,1,VETO
2026-09-02 01:44:01.537682+05:30,24833.35,24852.12,24805.01,24837.45,31433.0,0.1408,LOW_TOXICITY,0.000502,0.4349,BUY,1,1,0.5,1.0,1,VETO
2026-09-02 01:45:01.537682+05:30,24847.7,24870.53,24818.69,24860.92,23795.0,0.1408,LOW_TOXICITY,0.000523,0.4264,BUY,1,1,0.5,1.0,1,VETO
2026-09-02 01:46:01.537682+05:30,24936.56,24933.54,24916.17,24916.91,33292.0,0.1408,LOW_TOXICITY,0.000657,0.4498,BUY,1,1,0.5,1.0,1,VETO
2026-09-02 01:47:01.537682+05:30,24897.69,24900.51,24863.52,24867.3,4910.0,0.1408,LOW_TOXICITY,0.000493,0.4637,BUY,1,1,0.5,1.0,1,VETO
2026-09-02 01:48:01.537682+05:30,24860.35,24884.3,24836.23,24851.81,18647.0,0.1408,LOW_TOXICITY,0.000434,0.4487,BUY,1,1,0.5,1.0,1,VETO
2026-09-02 01:49:01.537682+05:30,24816.63,24828.54,24814.02,24827.07,18655.0,0.1408,LOW_TOXICITY,0.000294,0.4398,BUY,1,1,0.5,1.0,1,VETO
2026-09-02 01:50:01.537682+05:30,24865.91,24881.79,24823.56,24855.65,15962.0,0.1408,LOW_TOXICITY,0.000426,0.4334,BUY,1,1,0.5,1.0,1,VETO
2026-09-02 01:51:01.537682+05:30,24798.85,24830.61,24775.27,24822.17,12948.0,0.1408,LOW_TOXICITY,0.000383,0.4326,BUY,1,1,0.5,1.0,1,VETO
2026-09-02 01:52:01.537682+05:30,24852.13,24866.56,24828.6,24842.56,13897.0,0.1408,LOW_TOXICITY,0.000499,0.4218,BUY,1,1,0.5,1.0,1,VETO
2026-09-02 01:53:01.537682+05:30,24877.7,24889.14,24873.46,24882.62,11649.0,0.1408,LOW_TOXICITY,0.000535,0.4271,BUY,1,1,0.5,1.0,1,VETO
2026-09-02 01:54:01.537682+05:30,24914.69,24939.74,24895.13,24900.79,10699.0,0.1408,LOW_TOXICITY,0.000496,0.4157,BUY,1,1,0.5,1.0,1,VETO
2026-09-02 01:55:01.537682+05:30,24907.4,24918.36,24893.79,24908.84,22331.0,0.1408,LOW_TOXICITY,0.000471,0.4014,BUY,1,1,0.5,1.0,1,VETO
2026-09-02 01:56:01.537682+05:30,24890.14,24902.73,24882.83,24889.58,16226.0,0.142,LOW_TOXICITY,0.000309,0.3934,BUY,1,1,0.5,1.0,1,VETO
2026-09-02 01:57:01.537682+05:30,24874.81,24890.53,24845.48,24877.42,10440.0,0.142,LOW_TOXICITY,0.000374,0.3828,BUY,1,1,0.5,1.0,1,VETO
2026-09-02 01:58:01.537682+05:30,24900.94,24903.67,24886.01,24901.34,22391.0,0.142,LOW_TOXICITY,0.000296,0.3787,BUY,1,1,0.5,1.0,1,VETO
2026-09-02 01:59:01.537682+05:30,24899.66,24920.42,24890.31,24918.96,15852.0,0.142,LOW_TOXICITY,0.000218,0.3712,BUY,1,1,0.5,1.0,1,VETO
2026-09-02 02:00:01.537682+05:30,24911.05,24927.26,24894.34,24919.44,18335.0,0.142,LOW_TOXICITY,0.000157,0.3601,BUY,1,1,0.5,1.0,1,VETO
2026-09-02 02:01:01.537682+05:30,24912.81,24940.74,24889.19,24914.44,25306.0,0.142,LOW_TOXICITY,-7e-06,0.3504,HOLD,0,0,0.5,1.0,1,APPROVED
2026-09-02 02:02:01.537682+05:30,24875.8,24899.62,24858.08,24885.42,13481.0,0.142,LOW_TOXICITY,4.9e-05,0.3552,HOLD,0,0,0.5,1.0,1,APPROVED
2026-09-02 02:03:01.537682+05:30,24872.5,24877.5,24863.69,24868.63,12678.0,0.142,LOW_TOXICITY,4.5e-05,0.3504,HOLD,0,0,0.5,1.0,1,APPROVED
2026-09-02 02:04:01.537682+05:30,24878.62,24900.22,24851.67,24898.41,13542.0,0.142,LOW_TOXICITY,0.000191,0.3546,BUY,1,1,0.5,1.0,1,VETO
2026-09-02 02:05:01.537682+05:30,24876.21,24915.67,24857.41,24878.87,18912.0,0.142,LOW_TOXICITY,6.2e-05,0.3493,HOLD,0,0,0.5,1.0,1,APPROVED
2026-09-02 02:06:01.537682+05:30,24867.01,24891.23,24860.27,24883.31,29073.0,0.142,LOW_TOXICITY,0.000164,0.3399,BUY,1,1,0.5,1.0,1,VETO
2026-09-02 02:07:01.537682+05:30,24889.07,24936.26,24847.11,24903.95,31975.0,0.1406,LOW_TOXICITY,0.000165,0.3379,BUY,1,1,0.5,1.0,1,VETO
2026-09-02 02:08:01.537682+05:30,24878.14,24890.8,24868.71,24879.92,7996.0,0.1406,LOW_TOXICITY,-7e-06,0.3397,HOLD,0,0,0.5,1.0,1,APPROVED
2026-09-02 02:09:01.537682+05:30,24881.36,24923.39,24860.39,24884.44,15255.0,0.1406,LOW_TOXICITY,-4.4e-05,0.3312,HOLD,0,0,0.5,1.0,0,APPROVED
2026-09-02 02:10:01.537682+05:30,24894.49,24926.48,24873.07,24906.22,25576.0,0.1406,LOW_TOXICITY,-7e-06,0.3309,HOLD,0,0,0.5,1.0,0,APPROVED
2026-09-02 02:11:01.537682+05:30,24913.65,24919.92,24893.64,24907.74,24497.0,0.1406,LOW_TOXICITY,4.9e-05,0.323,HOLD,0,0,0.5,1.0,0,APPROVED
2026-09-02 02:12:01.537682+05:30,24947.73,24988.62,24919.12,24972.63,17422.0,0.1406,LOW_TOXICITY,0.000255,0.3829,BUY,1,1,0.5,1.0,0,VETO
2026-09-02 02:13:01.537682+05:30,24918.81,24946.34,24913.53,24940.85,6732.0,0.1406,LOW_TOXICITY,0.000106,0.3862,HOLD,0,0,0.5,1.0,0,APPROVED
2026-09-02 02:14:01.537682+05:30,24955.05,24966.31,24950.95,24962.18,5755.0,0.1406,LOW_TOXICITY,0.000116,0.3798,HOLD,0,0,0.5,1.0,0,APPROVED
2026-09-02 02:15:01.537682+05:30,24963.87,24960.96,24959.31,24960.51,13874.0,0.1406,LOW_TOXICITY,0.00011,0.3665,HOLD,0,0,0.5,1.0,0,APPROVED
2026-09-02 02:16:01.537682+05:30,24955.47,24977.92,24948.0,24974.89,17972.0,0.1406,LOW_TOXICITY,0.000162,0.3583,BUY,1,1,0.5,1.0,0,VETO
2026-09-02 02:17:01.537682+05:30,24988.79,25024.39,24967.05,24986.21,20198.0,0.1406,LOW_TOXICITY,0.000269,0.3498,BUY,1,1,0.5,1.0,0,VETO
2026-09-02 02:18:01.537682+05:30,24967.76,24974.98,24973.18,24973.49,11793.0,0.1406,LOW_TOXICITY,0.000281,0.3432,BUY,1,1,0.5,1.0,0,VETO
2026-09-02 02:19:01.537682+05:30,24976.85,24995.61,24969.41,24978.17,26219.0,0.1392,LOW_TOXICITY,0.000213,0.3345,BUY,1,1,0.5,1.0,0,VETO
2026-09-02 02:20:01.537682+05:30,24970.27,24997.47,24915.33,24942.02,11526.0,0.1392,LOW_TOXICITY,0.000169,0.3489,BUY,1,1,0.5,1.0,0,VETO
2026-09-02 02:21:01.537682+05:30,24965.12,24985.36,24950.32,24955.32,9031.0,0.1392,LOW_TOXICITY,0.000193,0.342,BUY,1,1,0.5,1.0,0,VETO
2026-09-02 02:22:01.537682+05:30,24941.54,24987.12,24898.83,24962.08,5170.0,0.1392,LOW_TOXICITY,0.000155,0.3337,BUY,1,1,0.5,1.0,0,VETO
2026-09-02 02:23:01.537682+05:30,24983.2,25011.63,24963.54,24977.5,8637.0,0.1392,LOW_TOXICITY,0.000261,0.3293,BUY,1,1,0.5,1.0,0,VETO
2026-09-02 02:24:01.537682+05:30,24994.6,25016.12,24995.09,25000.73,34168.0,0.1392,LOW_TOXICITY,0.000311,0.3302,BUY,1,1,0.5,1.0,0,VETO
2026-09-02 02:25:01.537682+05:30,25006.98,25021.72,24977.64,25011.81,8278.0,0.1392,LOW_TOXICITY,0.000282,0.3208,BUY,1,1,0.5,1.0,0,VETO
2026-09-02 02:26:01.537682+05:30,25011.04,25040.95,25002.46,25017.35,10924.0,0.1392,LOW_TOXICITY,0.000293,0.3139,BUY,1,1,0.5,1.0,0,VETO
2026-09-02 02:27:01.537682+05:30,24991.85,25003.44,24983.78,24994.35,24754.0,0.1392,LOW_TOXICITY,5.8e-05,0.3174,HOLD,0,0,0.5,1.0,0,APPROVED
2026-09-02 02:28:01.537682+05:30,24966.92,24973.76,24952.06,24971.32,15427.0,0.1392,LOW_TOXICITY,8.1e-05,0.3205,HOLD,0,0,0.5,1.0,0,APPROVED
2026-09-02 02:29:01.537682+05:30,25051.77,25101.27,24995.24,25010.64,14556.0,0.1392,LOW_TOXICITY,0.000129,0.3384,HOLD,0,0,0.5,1.0,0,APPROVED
2026-09-02 02:30:01.537682+05:30,25070.01,25102.15,25030.13,25061.09,6718.0,0.1392,LOW_TOXICITY,0.000268,0.3685,BUY,1,1,0.5,1.0,0,VETO
2026-09-02 02:31:01.537682+05:30,25030.67,25063.32,25009.39,25054.02,9266.0,0.1392,LOW_TOXICITY,0.000211,0.358,BUY,1,1,0.5,1.0,0,VETO
2026-09-02 02:32:01.537682+05:30,25057.6,25073.27,25054.08,25057.05,16592.0,0.1392,LOW_TOXICITY,0.000189,0.3475,BUY,1,1,0.5,1.0,0,VETO
2026-09-02 02:33:01.537682+05:30,25009.72,25048.52,25001.21,25019.51,23620.0,0.1373,LOW_TOXICITY,0.000123,0.3613,HOLD,0,0,0.5,1.0,0,APPROVED
2026-09-02 02:34:01.537682+05:30,25077.24,25113.96,25031.87,25070.42,16430.0,0.1373,LOW_TOXICITY,0.000246,0.388,BUY,1,1,0.5,1.0,0,VETO
2026-09-02 02:35:01.537682+05:30,25080.81,25123.89,25049.7,25097.98,24162.0,0.1373,LOW_TOXICITY,0.000416,0.3871,BUY,1,1,0.5,1.0,0,VETO
2026-09-02 02:36:01.537682+05:30,25148.42,25184.17,25168.49,25177.91,13429.0,0.1373,LOW_TOXICITY,0.000592,0.4582,BUY,1,1,0.5,1.0,0,VETO
2026-09-02 02:37:01.537682+05:30,25145.56,25174.87,25132.26,25145.79,11355.0,0.1373,LOW_TOXICITY,0.000489,0.4531,BUY,1,1,0.5,1.0,0,VETO
2026-09-02 02:38:01.537682+05:30,25124.86,25139.82,25128.33,25130.54,6682.0,0.1373,LOW_TOXICITY,0.000407,0.4381,BUY,1,1,0.5,1.0,0,VETO
2026-09-02 02:39:01.537682+05:30,25143.0,25150.11,25123.62,25141.84,15289.0,0.1373,LOW_TOXICITY,0.000375,0.4222,BUY,1,1,0.5,1.0,1,VETO
2026-09-02 02:40:01.537682+05:30,25157.76,25185.56,25133.91,25170.03,10586.0,0.1373,LOW_TOXICITY,0.00042,0.4163,BUY,1,1,0.5,1.0,1,VETO
2026-09-02 02:41:01.537682+05:30,25165.37,25182.22,25150.66,25162.3,27200.0,0.1373,LOW_TOXICITY,0.000385,0.4019,BUY,1,1,0.5,1.0,1,VETO
2026-09-02 02:42:01.537682+05:30,25133.95,25137.26,25130.35,25131.27,8889.0,0.1373,LOW_TOXICITY,0.000364,0.4021,BUY,1,1,0.5,1.0,1,VETO
2026-09-02 02:43:01.537682+05:30,25146.82,25164.43,25122.94,25162.25,14404.0,0.1373,LOW_TOXICITY,0.000508,0.4005,BUY,1,1,0.5,1.0,1,VETO
2026-09-02 02:44:01.537682+05:30,25192.95,25194.45,25181.9,25190.33,19128.0,0.1373,LOW_TOXICITY,0.000477,0.3968,BUY,1,1,0.5,1.0,1,VETO
2026-09-02 02:45:01.537682+05:30,25163.08,25168.89,25150.6,25159.64,8566.0,0.1373,LOW_TOXICITY,0.000262,0.3975,BUY,1,1,0.5,1.0,1,VETO
2026-09-02 02:46:01.537682+05:30,25168.66,25210.27,25117.43,25203.57,20207.0,0.1388,LOW_TOXICITY,0.000397,0.4094,BUY,1,1,0.5,1.0,1,VETO
2026-09-02 02:47:01.537682+05:30,25252.74,25270.63,25229.25,25243.55,29385.0,0.1388,LOW_TOXICITY,0.000494,0.4152,BUY,1,1,0.5,1.0,1,VETO
2026-09-02 02:48:01.537682+05:30,25266.34,25282.03,25249.06,25249.73,23567.0,0.1388,LOW_TOXICITY,0.000611,0.4001,BUY,1,1,0.5,1.0,1,VETO
2026-09-02 02:49:01.537682+05:30,25275.13,25288.34,25246.67,25254.05,21941.0,0.1388,LOW_TOXICITY,0.000487,0.386,BUY,1,1,0.5,1.0,1,VETO
2026-09-02 02:50:01.537682+05:30,25264.81,25286.51,25243.67,25278.07,10420.0,0.1388,LOW_TOXICITY,0.000477,0.3806,BUY,1,1,0.5,1.0,1,VETO
2026-09-02 02:51:01.537682+05:30,25232.18,25255.87,25223.19,25246.39,5056.0,0.1388,LOW_TOXICITY,0.000181,0.3841,BUY,1,1,0.5,1.0,1,VETO
2026-09-02 02:52:01.537682+05:30,25258.94,25276.57,25239.52,25248.65,13405.0,0.1388,LOW_TOXICITY,0.000272,0.3713,BUY,1,1,0.5,1.0,1,VETO
2026-09-02 02:53:01.537682+05:30,25143.23,25246.05,25076.95,25168.46,10786.0,0.1388,LOW_TOXICITY,0.000101,0.4513,HOLD,0,0,0.5,1.0,1,APPROVED
2026-09-02 02:54:01.537682+05:30,25208.36,25212.71,25177.7,25201.67,23800.0,0.1388,LOW_TOXICITY,0.000158,0.446,BUY,1,1,0.5,1.0,1,VETO
2026-09-02 02:55:01.537682+05:30,25183.11,25187.29,25141.84,25147.7,13264.0,0.1388,LOW_TOXICITY,-5.9e-05,0.4649,HOLD,0,0,0.5,1.0,1,APPROVED
2026-09-02 02:56:01.537682+05:30,25213.57,25209.49,25198.52,25207.79,20562.0,0.1388,LOW_TOXICITY,0.00012,0.4867,HOLD,0,0,0.5,1.0,1,APPROVED
2026-09-02 02:57:01.537682+05:30,25198.7,25206.56,25183.53,25195.71,19561.0,0.1388,LOW_TOXICITY,0.000171,0.4684,BUY,1,1,0.5,1.0,1,VETO
2026-09-02 02:58:01.537682+05:30,25173.41,25197.22,25151.97,25188.23,18518.0,0.1428,LOW_TOXICITY,6.9e-05,0.4503,HOLD,0,0,0.5,1.0,1,APPROVED
2026-09-02 02:59:01.537682+05:30,25164.93,25206.36,25129.0,25159.85,11616.0,0.1428,LOW_TOXICITY,-8.1e-05,0.4436,HOLD,0,0,0.5,1.0,1,APPROVED
2026-09-02 03:00:01.537682+05:30,25158.23,25179.3,25147.53,25148.33,18070.0,0.1428,LOW_TOXICITY,-3e-05,0.4285,HOLD,0,0,0.5,1.0,1,APPROVED
2026-09-02 03:01:01.537682+05:30,25176.95,25240.28,25140.87,25215.59,36040.0,0.1428,LOW_TOXICITY,3.2e-05,0.4666,HOLD,0,0,0.5,1.0,1,APPROVED
2026-09-02 03:02:01.537682+05:30,25110.55,25142.15,25091.76,25102.79,18927.0,0.1428,LOW_TOXICITY,-0.000373,0.5853,SELL,-1,-1,0.5824,1.0,1,APPROVED
2026-09-02 03:03:01.537682+05:30,25163.8,25177.79,25146.69,25162.57,23081.0,0.1428,LOW_TOXICITY,-0.000231,0.5907,SELL,1,-1,0.7488,1.0,1,VETO
2026-09-02 03:04:01.537682+05:30,25166.23,25181.16,25158.29,25180.63,5145.0,0.1428,LOW_TOXICITY,-0.000194,0.5658,SELL,1,-1,0.7022,1.0,1,VETO
2026-09-02 03:05:01.537682+05:30,25141.45,25230.59,25074.7,25121.25,12974.0,0.1428,LOW_TOXICITY,-0.000415,0.5767,SELL,1,-1,0.544,1.0,1,VETO
2026-09-02 03:06:01.537682+05:30,25028.71,25098.84,24993.04,25067.93,15650.0,0.1428,LOW_TOXICITY,-0.000473,0.5791,SELL,1,-1,0.5801,1.0,1,VETO
2026-09-02 03:07:01.537682+05:30,25126.44,25166.91,25090.24,25158.01,6541.0,0.1428,LOW_TOXICITY,-0.00024,0.6281,SELL,1,-1,0.527,1.0,1,VETO
2026-09-02 03:08:01.537682+05:30,25096.77,25121.92,25069.92,25111.25,29913.0,0.1428,LOW_TOXICITY,-0.000152,0.6182,SELL,1,-1,0.5429,1.0,1,VETO
2026-09-02 03:09:01.537682+05:30,25074.17,25142.28,25019.43,25058.14,12207.0,0.1416,LOW_TOXICITY,-0.000381,0.6156,SELL,1,-1,0.5398,1.0,1,VETO
2026-09-02 03:10:01.537682+05:30,25126.2,25142.37,25100.5,25108.45,10750.0,0.1416,LOW_TOXICITY,-0.000104,0.6084,HOLD,0,0,0.5,1.0,1,APPROVED
2026-09-02 03:11:01.537682+05:30,25111.66,25127.35,25104.33,25122.1,20282.0,0.1416,LOW_TOXICITY,-0.000227,0.5799,SELL,1,-1,0.6112,1.0,1,VETO
2026-09-02 03:12:01.537682+05:30,25064.33,25085.37,25046.83,25083.53,17407.0,0.1416,LOW_TOXICITY,-0.000297,0.568,SELL,1,-1,0.5186,1.0,1,VETO
2026-09-02 03:13:01.537682+05:30,25093.97,25094.05,25090.93,25093.12,17807.0,0.1416,LOW_TOXICITY,-0.000252,0.5416,SELL,1,-1,0.6112,1.0,1,VETO
2026-09-02 03:14:01.537682+05:30,25037.19,25098.27,25007.55,25056.02,10188.0,0.1416,LOW_TOXICITY,-0.000276,0.5324,SELL,1,-1,0.5281,1.0,1,VETO
2026-09-02 03:15:01.537682+05:30,25105.92,25100.65,25081.68,25097.12,5708.0,0.1416,LOW_TOXICITY,-0.000136,0.5381,HOLD,0,0,0.5,1.0,1,APPROVED
2026-09-02 03:16:01.537682+05:30,25108.06,25156.18,25059.36,25137.52,16534.0,0.1416,LOW_TOXICITY,-0.000207,0.5327,SELL,-1,-1,0.6422,1.0,1,APPROVED
2026-09-02 03:17:01.537682+05:30,25182.31,25195.9,25156.8,25159.55,18672.0,0.1416,LOW_TOXICITY,0.000151,0.5179,BUY,1,1,0.5,1.0,1,VETO
2026-09-02 03:18:01.537682+05:30,25166.17,25185.67,25143.53,25175.72,6539.0,0.1416,LOW_TOXICITY,3.5e-05,0.502,HOLD,0,0,0.5,1.0,1,APPROVED
2026-09-02 03:19:01.537682+05:30,25300.49,25327.73,25235.38,25245.65,11965.0,0.1416,LOW_TOXICITY,0.000172,0.5277,BUY,1,1,0.5,1.0,1,VETO
2026-09-02 03:20:01.537682+05:30,25247.32,25253.04,25242.11,25246.9,10788.0,0.1416,LOW_TOXICITY,0.000333,0.5092,BUY,1,1,0.5,1.0,1,VETO
2026-09-02 03:21:01.537682+05:30,25179.79,25218.36,25165.47,25202.62,27053.0,0.1416,LOW_TOXICITY,0.000357,0.5107,BUY,1,1,0.5,1.0,1,VETO
2026-09-02 03:22:01.537682+05:30,25237.73,25237.28,25219.16,25220.67,12104.0,0.1416,LOW_TOXICITY,0.000166,0.4957,BUY,1,1,0.5,1.0,1,VETO
2026-09-02 03:23:01.537682+05:30,25334.9,25415.59,25295.33,25309.42,39571.0,0.1422,LOW_TOXICITY,0.000524,0.5472,BUY,1,1,0.5,1.0,1,VETO
2026-09-02 03:24:01.537682+05:30,25290.71,25304.99,25262.55,25267.17,11830.0,0.1422,LOW_TOXICITY,0.000554,0.5438,BUY,1,1,0.5,1.0,1,VETO
2026-09-02 03:25:01.537682+05:30,25228.7,25271.31,25197.73,25252.36,22438.0,0.1422,LOW_TOXICITY,0.000381,0.5305,BUY,1,1,0.5,1.0,1,VETO
2026-09-02 03:26:01.537682+05:30,25265.47,25278.38,25267.94,25272.68,35009.0,0.1422,LOW_TOXICITY,0.000398,0.5164,BUY,1,1,0.5,1.0,1,VETO
2026-09-02 03:27:01.537682+05:30,25280.32,25298.53,25266.74,25271.33,22415.0,0.1422,LOW_TOXICITY,0.000497,0.5,BUY,1,1,0.5,1.0,1,VETO
2026-09-02 03:28:01.537682+05:30,25269.34,25307.88,25185.56,25225.29,9192.0,0.1422,LOW_TOXICITY,0.00035,0.5036,BUY,1,1,0.5,1.0,1,VETO
2026-09-02 03:29:01.537682+05:30,25271.81,25312.14,25221.51,25275.16,16026.0,0.1422,LOW_TOXICITY,0.000581,0.5084,BUY,1,1,0.5,1.0,1,VETO
2026-09-02 03:30:01.537682+05:30,25376.64,25392.74,25303.08,25378.56,7502.0,0.1422,LOW_TOXICITY,0.000743,0.5765,BUY,1,1,0.5,1.0,1,VETO
2026-09-02 03:31:01.537682+05:30,25382.74,25401.6,25369.22,25387.96,9129.0,0.1422,LOW_TOXICITY,0.000661,0.5578,BUY,1,1,0.5,1.0,1,VETO
2026-09-02 03:32:01.537682+05:30,25347.22,25385.13,25313.97,25353.72,16808.0,0.1422,LOW_TOXICITY,0.000513,0.5491,BUY,1,1,0.5,1.0,1,VETO
2026-09-02 03:33:01.537682+05:30,25278.49,25324.05,25248.72,25292.19,30302.0,0.1335,LOW_TOXICITY,0.000308,0.5618,BUY,1,1,0.5,1.0,1,VETO
2026-09-02 03:34:01.537682+05:30,25302.78,25307.62,25289.41,25304.75,10004.0,0.1335,LOW_TOXICITY,0.000156,0.5442,BUY,1,1,0.5,1.0,1,VETO
2026-09-02 03:35:01.537682+05:30,25391.87,25444.38,25337.77,25353.7,19344.0,0.1335,LOW_TOXICITY,0.000281,0.5462,BUY,1,1,0.5,1.0,1,VETO
2026-09-02 03:36:01.537682+05:30,25384.81,25380.84,25365.83,25375.67,6676.0,0.1335,LOW_TOXICITY,0.000456,0.5319,BUY,1,1,0.5,1.0,1,VETO
2026-09-02 03:37:01.537682+05:30,25376.72,25393.59,25363.69,25376.82,11427.0,0.1335,LOW_TOXICITY,0.000411,0.5146,BUY,1,1,0.5,1.0,1,VETO
2026-09-02 03:38:01.537682+05:30,25361.11,25369.37,25335.96,25349.84,17798.0,0.1335,LOW_TOXICITY,0.000106,0.5047,HOLD,0,0,0.5,1.0,1,APPROVED
2026-09-02 03:39:01.537682+05:30,25274.63,25296.64,25238.94,25291.17,43818.0,0.1335,LOW_TOXICITY,6.3e-05,0.519,HOLD,0,0,0.5,1.0,1,APPROVED
2026-09-02 03:40:01.537682+05:30,25332.74,25354.96,25322.54,25338.65,11441.0,0.1335,LOW_TOXICITY,0.000227,0.5206,BUY,1,1,0.5,1.0,1,VETO
2026-09-02 03:41:01.537682+05:30,25424.22,25498.11,25367.81,25384.56,6513.0,0.1335,LOW_TOXICITY,0.000294,0.5208,BUY,1,1,0.5,1.0,1,VETO
2026-09-02 03:42:01.537682+05:30,25291.1,25360.06,25233.79,25308.24,31999.0,0.1335,LOW_TOXICITY,9.7e-05,0.5525,HOLD,0,0,0.5,1.0,1,APPROVED
2026-09-02 03:43:01.537682+05:30,25390.0,25492.92,25277.21,25389.59,27545.0,0.1335,LOW_TOXICITY,0.000433,0.5839,BUY,1,1,0.5,1.0,1,VETO
2026-09-02 03:44:01.537682+05:30,25442.45,25466.74,25409.82,25421.52,5071.0,0.1327,LOW_TOXICITY,0.000385,0.5715,BUY,1,1,0.5,1.0,1,VETO
2026-09-02 03:45:01.537682+05:30,25490.86,25554.5,25438.05,25498.99,28790.0,0.1327,LOW_TOXICITY,0.000316,0.5955,BUY,1,1,0.5,1.0,1,VETO
2026-09-02 03:46:01.537682+05:30,25454.59,25500.36,25422.92,25429.36,9337.0,0.1327,LOW_TOXICITY,0.000109,0.6114,HOLD,0,0,0.5,1.0,1,APPROVED
2026-09-02 03:47:01.537682+05:30,25345.26,25367.44,25332.43,25365.27,5014.0,0.1327,LOW_TOXICITY,3e-05,0.6204,HOLD,0,0,0.5,1.0,1,APPROVED
2026-09-02 03:48:01.537682+05:30,25369.8,25388.64,25355.3,25359.65,20736.0,0.1327,LOW_TOXICITY,0.000178,0.5985,BUY,1,1,0.5,1.0,1,VETO
2026-09-02 03:49:01.537682+05:30,25370.38,25417.33,25318.48,25382.49,6841.0,0.1327,LOW_TOXICITY,0.000204,0.581,BUY,1,1,0.5,1.0,1,VETO
2026-09-02 03:50:01.537682+05:30,25479.68,25489.99,25448.17,25456.7,11928.0,0.1327,LOW_TOXICITY,0.00027,0.6014,BUY,1,1,0.5,1.0,1,VETO
2026-09-02 03:51:01.537682+05:30,25510.16,25539.56,25475.12,25487.61,23544.0,0.1327,LOW_TOXICITY,0.000293,0.5868,BUY,1,1,0.5,1.0,1,VETO
2026-09-02 03:52:01.537682+05:30,25475.55,25504.37,25454.13,25477.59,16329.0,0.1327,LOW_TOXICITY,0.000264,0.5671,BUY,1,1,0.5,1.0,1,VETO
2026-09-02 03:53:01.537682+05:30,25447.01,25452.19,25423.08,25430.74,7899.0,0.1327,LOW_TOXICITY,0.000212,0.5655,BUY,1,1,0.5,1.0,1,VETO
2026-09-02 03:54:01.537682+05:30,25524.87,25516.81,25475.32,25484.2,9588.0,0.1327,LOW_TOXICITY,0.000507,0.5677,BUY,1,1,0.5,1.0,1,VETO
2026-09-02 03:55:01.537682+05:30,25443.56,25517.75,25371.13,25443.8,12422.0,0.1327,LOW_TOXICITY,0.000276,0.5621,BUY,1,1,0.5,1.0,1,VETO
2026-09-02 03:56:01.537682+05:30,25517.67,25567.93,25515.71,25520.4,14793.0,0.1327,LOW_TOXICITY,0.000356,0.5874,BUY,1,1,0.5,1.0,1,VETO
2026-09-02 03:57:01.537682+05:30,25518.0,25543.46,25495.29,25509.25,5831.0,0.1327,LOW_TOXICITY,0.000527,0.5677,BUY,1,1,0.5,1.0,1,VETO
2026-09-02 03:58:01.537682+05:30,25582.74,25601.49,25562.02,25578.37,13609.0,0.1327,LOW_TOXICITY,0.000494,0.584,BUY,1,1,0.5,1.0,1,VETO
2026-09-02 03:59:01.537682+05:30,25605.3,25616.1,25594.88,25608.28,16552.0,0.1364,LOW_TOXICITY,0.000488,0.5698,BUY,1,1,0.5,1.0,1,VETO
2026-09-02 04:00:01.537682+05:30,25597.68,25609.1,25578.52,25604.19,14830.0,0.1364,LOW_TOXICITY,0.000274,0.5501,BUY,1,1,0.5,1.0,1,VETO
2026-09-02 04:01:01.537682+05:30,25604.3,25618.99,25574.7,25584.3,18800.0,0.1364,LOW_TOXICITY,0.000405,0.5347,BUY,1,1,0.5,1.0,1,VETO
2026-09-02 04:02:01.537682+05:30,25578.9,25614.08,25542.18,25571.99,13330.0,0.1364,LOW_TOXICITY,0.000541,0.518,BUY,1,1,0.5,1.0,1,VETO
2026-09-02 04:03:01.537682+05:30,25591.27,25597.13,25582.82,25590.7,10301.0,0.1364,LOW_TOXICITY,0.000605,0.5034,BUY,1,1,0.5,1.0,1,VETO
2026-09-02 04:04:01.537682+05:30,25605.95,25623.99,25592.28,25594.87,8482.0,0.1364,LOW_TOXICITY,0.000555,0.4869,BUY,1,1,0.5,1.0,1,VETO
2026-09-02 04:05:01.537682+05:30,25578.05,25581.04,25570.62,25574.9,8305.0,0.1364,LOW_TOXICITY,0.000309,0.4696,BUY,1,1,0.5,1.0,1,VETO
2026-09-02 04:06:01.537682+05:30,25589.55,25606.51,25555.63,25569.92,8075.0,0.1364,LOW_TOXICITY,0.000215,0.4548,BUY,1,1,0.5,1.0,1,VETO
2026-09-02 04:07:01.537682+05:30,25588.92,25610.37,25567.56,25574.05,11040.0,0.1364,LOW_TOXICITY,0.000252,0.4406,BUY,1,1,0.5,1.0,1,VETO
2026-09-02 04:08:01.537682+05:30,25487.98,25594.71,25411.24,25487.63,10577.0,0.1364,LOW_TOXICITY,0.000149,0.5003,HOLD,0,0,0.5,1.0,1,APPROVED
2026-09-02 04:09:01.537682+05:30,25488.07,25529.62,25463.93,25506.95,13741.0,0.1364,LOW_TOXICITY,5.9e-05,0.4866,HOLD,0,0,0.5,1.0,1,APPROVED
2026-09-02 04:10:01.537682+05:30,25463.64,25479.27,25453.09,25469.4,50831.0,0.1364,LOW_TOXICITY,6.7e-05,0.4843,HOLD,0,0,0.5,1.0,1,APPROVED
2026-09-02 04:11:01.537682+05:30,25413.79,25431.93,25412.52,25422.28,15530.0,0.1364,LOW_TOXICITY,-0.000257,0.49,SELL,1,1,0.6929,1.0,1,VETO
2026-09-02 04:12:01.537682+05:30,25324.5,25394.98,25294.96,25361.16,13235.0,0.1382,LOW_TOXICITY,-0.000388,0.5089,SELL,1,1,0.6506,1.0,1,VETO
2026-09-02 04:13:01.537682+05:30,25303.05,25328.48,25277.45,25306.43,19415.0,0.1382,LOW_TOXICITY,-0.000713,0.5194,SELL,1,1,0.6731,1.0,1,VETO
2026-09-02 04:14:01.537682+05:30,25267.84,25297.11,25223.03,25271.79,7287.0,0.1382,LOW_TOXICITY,-0.000882,0.5128,SELL,1,1,0.718,1.0,1,VETO
2026-09-02 04:15:01.537682+05:30,25255.64,25276.01,25227.52,25251.44,7311.0,0.1382,LOW_TOXICITY,-0.000925,0.5064,SELL,1,-1,0.5236,1.0,1,VETO
2026-09-02 04:16:01.537682+05:30,25304.92,25326.22,25285.35,25309.0,16937.0,0.1382,LOW_TOXICITY,-0.000721,0.5177,SELL,-1,1,0.5677,1.0,1,VETO
2026-09-02 04:17:01.537682+05:30,25292.85,25315.32,25277.38,25290.97,11763.0,0.1382,LOW_TOXICITY,-0.000737,0.5046,SELL,1,1,0.5152,1.0,1,VETO
2026-09-02 04:18:01.537682+05:30,25300.07,25303.83,25296.04,25298.4,9314.0,0.1382,LOW_TOXICITY,-0.000766,0.4896,SELL,1,1,0.5269,1.0,1,VETO
2026-09-02 04:19:01.537682+05:30,25309.22,25320.53,25313.63,25313.68,10922.0,0.1382,LOW_TOXICITY,-0.000736,0.4767,SELL,1,1,0.6563,1.0,1,VETO
2026-09-02 04:20:01.537682+05:30,25316.56,25328.98,25290.94,25320.12,25526.0,0.1382,LOW_TOXICITY,-0.000667,0.4629,SELL,1,-1,0.5722,1.0,1,VETO
2026-09-02 04:21:01.537682+05:30,25315.79,25346.34,25286.88,25317.89,16542.0,0.1382,LOW_TOXICITY,-0.00066,0.4496,SELL,1,-1,0.5472,1.0,1,VETO
2026-09-02 04:22:01.537682+05:30,25252.72,25285.26,25209.32,25258.69,9933.0,0.1382,LOW_TOXICITY,-0.000827,0.47,SELL,1,1,0.5709,1.0,1,VETO
2026-09-02 04:23:01.537682+05:30,25330.1,25419.89,25233.65,25337.24,20548.0,0.1382,LOW_TOXICITY,-0.000395,0.5086,SELL,-1,-1,0.5099,1.0,1,APPROVED
2026-09-02 04:24:01.537682+05:30,25436.59,25498.08,25427.89,25438.66,11397.0,0.1382,LOW_TOXICITY,-0.000179,0.572,SELL,-1,1,0.5184,1.0,1,APPROVED
2026-09-02 04:25:01.537682+05:30,25376.64,25442.09,25305.2,25345.72,9230.0,0.1382,LOW_TOXICITY,-0.000325,0.6131,SELL,-1,1,0.5096,1.0,1,APPROVED
2026-09-02 04:26:01.537682+05:30,25299.06,25306.03,25265.16,25288.71,21883.0,0.1382,LOW_TOXICITY,-0.000351,0.6163,SELL,1,1,0.7441,1.0,1,VETO
2026-09-02 04:27:01.537682+05:30,25275.97,25286.23,25272.01,25274.91,6749.0,0.1373,LOW_TOXICITY,-0.000227,0.6002,SELL,1,1,0.5837,1.0,1,VETO
2026-09-02 04:28:01.537682+05:30,25245.33,25264.35,25219.38,25227.82,15731.0,0.1373,LOW_TOXICITY,-0.000207,0.5978,SELL,1,1,0.7345,1.0,1,VETO
2026-09-02 04:29:01.537682+05:30,25246.85,25261.06,25231.88,25253.93,19971.0,0.1373,LOW_TOXICITY,-4.7e-05,0.5852,HOLD,0,0,0.5,1.0,1,APPROVED
2026-09-02 04:30:01.537682+05:30,25190.13,25274.18,25101.78,25220.5,6987.0,0.1373,LOW_TOXICITY,-8.2e-05,0.5766,HOLD,0,0,0.5,1.0,1,APPROVED
2026-09-02 04:31:01.537682+05:30,25351.9,25339.32,25292.95,25320.18,19536.0,0.1373,LOW_TOXICITY,2.9e-05,0.6226,HOLD,0,0,0.5,1.0,1,APPROVED
2026-09-02 04:32:01.537682+05:30,25364.8,25385.9,25334.22,25377.35,11826.0,0.1373,LOW_TOXICITY,0.000227,0.6242,BUY,1,1,0.5,1.0,1,VETO
2026-09-02 04:33:01.537682+05:30,25390.46,25413.54,25363.7,25389.06,6304.0,0.1373,LOW_TOXICITY,0.000238,0.6073,BUY,1,1,0.5,1.0,1,VETO
2026-09-02 04:34:01.537682+05:30,25459.63,25449.5,25431.27,25440.13,6723.0,0.1373,LOW_TOXICITY,0.000332,0.6059,BUY,1,1,0.5,1.0,1,VETO
2026-09-02 04:35:01.537682+05:30,25497.72,25530.97,25455.6,25499.16,16314.0,0.1373,LOW_TOXICITY,0.00047,0.6076,BUY,1,1,0.5,1.0,1,VETO
2026-09-02 04:36:01.537682+05:30,25484.88,25495.5,25459.98,25473.54,13674.0,0.1373,LOW_TOXICITY,0.000409,0.5945,BUY,1,1,0.5,1.0,1,VETO
2026-09-02 04:37:01.537682+05:30,25431.71,25449.4,25433.36,25437.13,22834.0,0.1373,LOW_TOXICITY,0.000469,0.5865,BUY,1,1,0.5,1.0,1,VETO
2026-09-02 04:38:01.537682+05:30,25415.38,25453.27,25389.09,25441.77,20341.0,0.1373,LOW_TOXICITY,0.000274,0.5698,BUY,1,1,0.5,1.0,1,VETO
2026-09-02 04:39:01.537682+05:30,25499.17,25513.71,25470.15,25474.82,5048.0,0.1373,LOW_TOXICITY,9.5e-05,0.5605,HOLD,0,0,0.5,1.0,1,APPROVED
2026-09-02 04:40:01.537682+05:30,25473.04,25485.83,25468.28,25481.14,16398.0,0.1373,LOW_TOXICITY,0.000355,0.545,BUY,1,1,0.5,1.0,1,VETO
2026-09-02 04:41:01.537682+05:30,25453.09,25481.47,25419.64,25426.22,15672.0,0.1385,LOW_TOXICITY,0.000362,0.5515,BUY,1,1,0.5,1.0,1,VETO
2026-09-02 04:42:01.537682+05:30,25388.04,25395.47,25365.26,25395.42,16423.0,0.1385,LOW_TOXICITY,0.000317,0.5432,BUY,1,1,0.5,1.0,1,VETO
2026-09-02 04:43:01.537682+05:30,25386.31,25402.65,25375.2,25393.63,12277.0,0.1385,LOW_TOXICITY,0.000437,0.5282,BUY,1,1,0.5,1.0,1,VETO
2026-09-02 04:44:01.537682+05:30,25386.86,25427.1,25353.48,25392.05,17403.0,0.1385,LOW_TOXICITY,0.000364,0.5138,BUY,1,1,0.5,1.0,1,VETO
2026-09-02 04:45:01.537682+05:30,25448.32,25528.82,25399.36,25478.25,12442.0,0.1385,LOW_TOXICITY,0.000678,0.5503,BUY,1,1,0.5,1.0,1,VETO
2026-09-02 04:46:01.537682+05:30,25379.35,25435.45,25293.56,25415.52,25050.0,0.1385,LOW_TOXICITY,0.000251,0.5616,BUY,1,1,0.5,1.0,1,VETO
2026-09-02 04:47:01.537682+05:30,25435.58,25467.32,25417.8,25440.63,8061.0,0.1385,LOW_TOXICITY,0.000166,0.5507,BUY,1,1,0.5,1.0,1,VETO
2026-09-02 04:48:01.537682+05:30,25514.98,25592.93,25475.93,25509.95,12235.0,0.1385,LOW_TOXICITY,0.000317,0.5649,BUY,1,1,0.5,1.0,1,VETO
2026-09-02 04:49:01.537682+05:30,25611.11,25627.66,25583.69,25606.97,10506.0,0.1385,LOW_TOXICITY,0.000436,0.6034,BUY,1,1,0.5,1.0,1,VETO
2026-09-02 04:50:01.537682+05:30,25591.51,25607.53,25577.26,25591.87,19389.0,0.1385,LOW_TOXICITY,0.000242,0.589,BUY,1,1,0.5,1.0,1,VETO
2026-09-02 04:51:01.537682+05:30,25618.66,25629.12,25601.45,25614.46,9084.0,0.1385,LOW_TOXICITY,0.000368,0.5763,BUY,1,1,0.5,1.0,1,VETO
2026-09-02 04:52:01.537682+05:30,25654.46,25653.34,25629.06,25643.41,19104.0,0.1385,LOW_TOXICITY,0.000538,0.5659,BUY,1,1,0.5,1.0,1,VETO
2026-09-02 04:53:01.537682+05:30,25648.15,25665.75,25642.82,25654.95,14473.0,0.1385,LOW_TOXICITY,0.000556,0.552,BUY,1,1,0.5,1.0,1,VETO
2026-09-02 04:54:01.537682+05:30,25648.63,25651.98,25643.95,25651.3,16268.0,0.1385,LOW_TOXICITY,0.00046,0.5381,BUY,1,1,0.5,1.0,1,VETO
2026-09-02 04:55:01.537682+05:30,25668.29,25679.53,25671.08,25672.42,11853.0,0.1363,LOW_TOXICITY,0.000499,0.5183,BUY,1,1,0.5,1.0,1,VETO
2026-09-02 04:56:01.537682+05:30,25612.94,25699.59,25527.34,25559.46,42079.0,0.1363,LOW_TOXICITY,0.000348,0.5873,BUY,1,1,0.5,1.0,1,VETO
2026-09-02 04:57:01.537682+05:30,25601.03,25621.07,25559.7,25587.27,14414.0,0.1363,LOW_TOXICITY,0.000502,0.5751,BUY,1,1,0.5,1.0,1,VETO
2026-09-02 04:58:01.537682+05:30,25585.16,25599.07,25566.13,25593.53,17754.0,0.1363,LOW_TOXICITY,0.000523,0.5594,BUY,1,1,0.5,1.0,1,VETO
2026-09-02 04:59:01.537682+05:30,25595.2,25611.23,25583.02,25586.22,15401.0,0.1363,LOW_TOXICITY,0.000508,0.5446,BUY,1,1,0.5,1.0,1,VETO
2026-09-02 05:00:01.537682+05:30,25674.01,25739.41,25577.3,25662.89,12808.0,0.1363,LOW_TOXICITY,0.000481,0.5653,BUY,1,1,0.5,1.0,1,VETO
2026-09-02 05:01:01.537682+05:30,25639.27,25647.75,25639.69,25642.81,11122.0,0.1363,LOW_TOXICITY,0.000594,0.5528,BUY,1,1,0.5,1.0,1,VETO
2026-09-02 05:02:01.537682+05:30,25620.79,25636.89,25593.87,25630.72,21821.0,0.1363,LOW_TOXICITY,0.000496,0.539,BUY,1,1,0.5,1.0,1,VETO
2026-09-02 05:03:01.537682+05:30,25672.77,25715.68,25631.05,25694.63,24407.0,0.1363,LOW_TOXICITY,0.000481,0.5493,BUY,1,1,0.5,1.0,1,VETO
2026-09-02 05:04:01.537682+05:30,25693.12,25701.5,25658.21,25672.75,23685.0,0.1363,LOW_TOXICITY,0.000171,0.538,BUY,1,1,0.5,1.0,1,VETO
2026-09-02 05:05:01.537682+05:30,25682.71,25695.83,25658.53,25663.52,9499.0,0.133,LOW_TOXICITY,0.000186,0.5172,BUY,1,1,0.5,1.0,1,VETO
2026-09-02 05:06:01.537682+05:30,25665.19,25680.1,25646.97,25661.92,25877.0,0.133,LOW_TOXICITY,0.000123,0.5036,HOLD,0,0,0.5,1.0,1,APPROVED
2026-09-02 05:07:01.537682+05:30,25689.32,25697.07,25680.49,25684.76,8339.0,0.133,LOW_TOXICITY,0.000107,0.4937,HOLD,0,0,0.5,1.0,1,APPROVED
2026-09-02 05:08:01.537682+05:30,25681.43,25697.68,25653.22,25692.49,13881.0,0.133,LOW_TOXICITY,9.7e-05,0.4815,HOLD,0,0,0.5,1.0,1,APPROVED
2026-09-02 05:09:01.537682+05:30,25648.43,25672.66,25628.06,25655.51,20205.0,0.133,LOW_TOXICITY,1.1e-05,0.4802,HOLD,0,0,0.5,1.0,1,APPROVED
2026-09-02 05:10:01.537682+05:30,25635.38,25654.53,25625.89,25642.01,19042.0,0.133,LOW_TOXICITY,-7.9e-05,0.4699,HOLD,0,0,0.5,1.0,1,APPROVED
2026-09-02 05:11:01.537682+05:30,25633.74,25641.97,25624.1,25625.47,16120.0,0.133,LOW_TOXICITY,0.000172,0.461,BUY,1,1,0.5,1.0,1,VETO
2026-09-02 05:12:01.537682+05:30,25609.17,25644.32,25595.86,25624.71,10074.0,0.133,LOW_TOXICITY,9.7e-05,0.45,HOLD,0,0,0.5,1.0,1,APPROVED
2026-09-02 05:13:01.537682+05:30,25645.64,25678.87,25591.5,25637.71,12438.0,0.133,LOW_TOXICITY,0.000115,0.4406,HOLD,0,0,0.5,1.0,1,APPROVED
2026-09-02 05:14:01.537682+05:30,25641.63,25692.27,25598.01,25651.55,12427.0,0.133,LOW_TOXICITY,0.00017,0.4319,BUY,1,1,0.5,1.0,1,VETO
2026-09-02 05:15:01.537682+05:30,25607.09,25660.94,25547.28,25592.77,9544.0,0.133,LOW_TOXICITY,-0.000182,0.439,SELL,1,-1,0.6808,1.0,1,VETO
2026-09-02 05:16:01.537682+05:30,25646.82,25661.03,25621.19,25629.52,17418.0,0.133,LOW_TOXICITY,-3.5e-05,0.439,HOLD,0,0,0.5,1.0,1,APPROVED
2026-09-02 05:17:01.537682+05:30,25645.86,25662.68,25624.18,25639.04,7967.0,0.133,LOW_TOXICITY,2.2e-05,0.4287,HOLD,0,0,0.5,1.0,1,APPROVED
2026-09-02 05:18:01.537682+05:30,25681.25,25711.42,25655.53,25681.66,32027.0,0.1334,LOW_TOXICITY,-3.4e-05,0.4334,HOLD,0,0,0.5,1.0,1,APPROVED
2026-09-02 05:19:01.537682+05:30,25695.21,25706.55,25683.99,25695.1,14151.0,0.1334,LOW_TOXICITY,5.8e-05,0.4242,HOLD,0,0,0.5,1.0,1,APPROVED
2026-09-02 05:20:01.537682+05:30,25728.28,25745.99,25700.94,25725.99,21611.0,0.1334,LOW_TOXICITY,0.000162,0.4221,BUY,1,1,0.5,1.0,1,VETO
2026-09-02 05:21:01.537682+05:30,25726.94,25754.25,25705.83,25740.45,31725.0,0.1334,LOW_TOXICITY,0.000204,0.4138,BUY,1,1,0.5,1.0,1,VETO
2026-09-02 05:22:01.537682+05:30,25764.72,25818.39,25744.87,25783.78,11589.0,0.1334,LOW_TOXICITY,0.000257,0.4204,BUY,1,1,0.5,1.0,1,VETO
2026-09-02 05:23:01.537682+05:30,25801.23,25811.6,25788.07,25800.09,7590.0,0.1334,LOW_TOXICITY,0.000279,0.4128,BUY,1,1,0.5,1.0,1,VETO
2026-09-02 05:24:01.537682+05:30,25788.19,25807.07,25789.61,25798.1,8212.0,0.1334,LOW_TOXICITY,0.000369,0.4038,BUY,1,1,0.5,1.0,1,VETO
2026-09-02 05:25:01.537682+05:30,25854.53,25924.77,25777.92,25873.42,21315.0,0.1334,LOW_TOXICITY,0.000599,0.4431,BUY,1,1,0.5,1.0,1,VETO
2026-09-02 05:26:01.537682+05:30,25916.33,25943.53,25871.79,25903.61,5206.0,0.1334,LOW_TOXICITY,0.00072,0.4388,BUY,1,1,0.5,1.0,1,VETO
2026-09-02 05:27:01.537682+05:30,25928.27,25938.31,25910.87,25922.19,9857.0,0.1334,LOW_TOXICITY,0.000769,0.4302,BUY,1,1,0.5,1.0,1,VETO
2026-09-02 05:28:01.537682+05:30,25891.71,25902.03,25880.05,25894.59,25604.0,0.1334,LOW_TOXICITY,0.000665,0.4273,BUY,1,1,0.5,1.0,1,VETO
2026-09-02 05:29:01.537682+05:30,25853.93,25884.4,25834.46,25862.67,9284.0,0.1334,LOW_TOXICITY,0.000546,0.4271,BUY,1,1,0.5,1.0,1,VETO
2026-09-02 05:30:01.537682+05:30,25875.94,25890.96,25851.19,25872.25,7048.0,0.1334,LOW_TOXICITY,0.000724,0.4174,BUY,1,1,0.5,1.0,1,VETO
2026-09-02 05:31:01.537682+05:30,25873.72,25888.21,25858.76,25877.56,7890.0,0.1334,LOW_TOXICITY,0.000642,0.408,BUY,1,1,0.5,1.0,1,VETO
2026-09-02 05:32:01.537682+05:30,25869.0,25872.15,25845.35,25861.68,29812.0,0.137,LOW_TOXICITY,0.000576,0.402,BUY,1,1,0.5,1.0,1,VETO
2026-09-02 05:33:01.537682+05:30,25858.89,25880.97,25836.07,25867.16,19797.0,0.137,LOW_TOXICITY,0.00048,0.3937,BUY,1,1,0.5,1.0,1,VETO
2026-09-02 05:34:01.537682+05:30,25928.06,25961.5,25899.23,25908.1,6147.0,0.137,LOW_TOXICITY,0.00055,0.4007,BUY,1,1,0.5,1.0,1,VETO
2026-09-02 05:35:01.537682+05:30,25922.79,25927.74,25907.03,25925.84,17780.0,0.137,LOW_TOXICITY,0.000516,0.3949,BUY,1,1,0.5,1.0,1,VETO
2026-09-02 05:36:01.537682+05:30,25875.46,25910.73,25846.51,25896.92,12114.0,0.137,LOW_TOXICITY,0.000404,0.3959,BUY,1,1,0.5,1.0,1,VETO
2026-09-02 05:37:01.537682+05:30,25903.52,25902.82,25881.54,25895.67,14245.0,0.137,LOW_TOXICITY,0.000289,0.388,BUY,1,1,0.5,1.0,1,VETO
2026-09-02 05:38:01.537682+05:30,25877.78,25882.51,25871.63,25877.56,9138.0,0.137,LOW_TOXICITY,0.0002,0.3844,BUY,1,1,0.5,1.0,1,VETO
2026-09-02 05:39:01.537682+05:30,25868.42,25873.75,25860.7,25871.0,17007.0,0.137,LOW_TOXICITY,0.000188,0.3779,BUY,1,1,0.5,1.0,1,VETO
2026-09-02 05:40:01.537682+05:30,25851.46,25873.01,25822.62,25863.1,9698.0,0.137,LOW_TOXICITY,-2.7e-05,0.3722,HOLD,0,0,0.5,1.0,1,APPROVED
2026-09-02 05:41:01.537682+05:30,25856.01,25878.67,25828.39,25853.63,12172.0,0.137,LOW_TOXICITY,-0.000129,0.3673,HOLD,0,0,0.5,1.0,1,APPROVED
2026-09-02 05:42:01.537682+05:30,25837.93,25870.83,25821.47,25832.4,14916.0,0.137,LOW_TOXICITY,-0.000231,0.3669,SELL,1,-1,0.6418,1.0,1,VETO
2026-09-02 05:43:01.537682+05:30,25833.64,25836.3,25810.62,25830.85,6773.0,0.137,LOW_TOXICITY,-0.000164,0.3612,SELL,1,-1,0.6187,1.0,1,VETO
2026-09-02 05:44:01.537682+05:30,25820.65,25821.93,25814.42,25820.73,15173.0,0.137,LOW_TOXICITY,-0.000108,0.3573,HOLD,0,0,0.5,1.0,1,APPROVED
2026-09-02 05:45:01.537682+05:30,25753.21,25784.63,25747.74,25768.24,24121.0,0.137,LOW_TOXICITY,-0.000269,0.3832,SELL,1,-1,0.5066,1.0,1,VETO
2026-09-02 05:46:01.537682+05:30,25798.48,25826.68,25776.0,25809.78,10395.0,0.139,LOW_TOXICITY,-0.000175,0.3924,SELL,1,1,0.516,1.0,1,VETO
2026-09-02 05:47:01.537682+05:30,25839.33,25862.85,25828.31,25836.94,35439.0,0.139,LOW_TOXICITY,-6.4e-05,0.3912,HOLD,0,0,0.5,1.0,1,APPROVED
2026-09-02 05:48:01.537682+05:30,25851.09,25860.21,25824.08,25830.33,18256.0,0.139,LOW_TOXICITY,-9.5e-05,0.384,HOLD,0,0,0.5,1.0,1,APPROVED
2026-09-02 05:49:01.537682+05:30,25815.08,25836.05,25809.9,25832.03,19699.0,0.139,LOW_TOXICITY,-0.000196,0.3767,SELL,1,-1,0.6481,1.0,1,VETO
2026-09-02 05:50:01.537682+05:30,25811.61,25840.75,25795.67,25805.84,4107.0,0.139,LOW_TOXICITY,-0.000309,0.3781,SELL,1,-1,0.5838,1.0,1,VETO
2026-09-02 05:51:01.537682+05:30,25884.64,25890.56,25846.64,25851.2,20348.0,0.139,LOW_TOXICITY,-0.000118,0.3912,HOLD,0,0,0.5,1.0,1,APPROVED
2026-09-02 05:52:01.537682+05:30,25894.5,25917.48,25884.97,25903.41,29701.0,0.139,LOW_TOXICITY,2e-05,0.4088,HOLD,0,0,0.5,1.0,1,APPROVED
2026-09-02 05:53:01.537682+05:30,25883.2,25913.36,25860.73,25908.77,8788.0,0.139,LOW_TOXICITY,8e-05,0.3996,HOLD,0,0,0.5,1.0,1,APPROVED
2026-09-02 05:54:01.537682+05:30,25933.45,25946.74,25921.4,25934.26,13488.0,0.139,LOW_TOXICITY,0.000163,0.3968,BUY,1,1,0.5,1.0,1,VETO
2026-09-02 05:55:01.537682+05:30,25957.51,25969.82,25923.9,25939.81,9653.0,0.139,LOW_TOXICITY,0.000197,0.3861,BUY,1,1,0.5,1.0,1,VETO
2026-09-02 05:56:01.537682+05:30,25911.1,25914.79,25905.92,25912.66,17559.0,0.139,LOW_TOXICITY,0.000152,0.3868,BUY,1,1,0.5,1.0,1,VETO
2026-09-02 05:57:01.537682+05:30,25897.49,25917.46,25890.34,25907.55,47164.0,0.1406,LOW_TOXICITY,0.000194,0.3797,BUY,1,1,0.5,1.0,1,VETO
2026-09-02 05:58:01.537682+05:30,25899.53,25922.23,25895.2,25911.18,11698.0,0.1406,LOW_TOXICITY,0.000207,0.3728,BUY,1,1,0.5,1.0,1,VETO
2026-09-02 05:59:01.537682+05:30,25883.35,25905.76,25892.05,25902.85,14750.0,0.1406,LOW_TOXICITY,0.000212,0.3674,BUY,1,1,0.5,1.0,1,VETO
2026-09-02 06:00:01.537682+05:30,25904.26,25927.02,25893.34,25900.75,8746.0,0.1406,LOW_TOXICITY,0.000342,0.3615,BUY,1,1,0.5,1.0,1,VETO
2026-09-02 06:01:01.537682+05:30,25889.01,25906.88,25876.58,25900.63,7358.0,0.1406,LOW_TOXICITY,0.000234,0.356,BUY,1,1,0.5,1.0,1,VETO
2026-09-02 06:02:01.537682+05:30,25902.36,25942.33,25877.19,25900.45,12222.0,0.1406,LOW_TOXICITY,0.000164,0.3509,BUY,1,1,0.5,1.0,1,VETO
2026-09-02 06:03:01.537682+05:30,25899.92,25920.26,25889.01,25903.06,15035.0,0.1406,LOW_TOXICITY,0.000187,0.3462,BUY,1,1,0.5,1.0,1,VETO
2026-09-02 06:04:01.537682+05:30,25875.74,25902.72,25850.46,25877.18,5899.0,0.1406,LOW_TOXICITY,0.000116,0.3501,HOLD,0,0,0.5,1.0,1,APPROVED
2026-09-02 06:05:01.537682+05:30,25860.76,25870.53,25860.76,25861.54,10952.0,0.1406,LOW_TOXICITY,0.000144,0.3395,HOLD,0,0,0.5,1.0,1,APPROVED
2026-09-02 06:06:01.537682+05:30,25856.41,25868.58,25830.82,25832.78,8148.0,0.1406,LOW_TOXICITY,-4.8e-05,0.3451,HOLD,0,0,0.5,1.0,1,APPROVED
2026-09-02 06:07:01.537682+05:30,25870.71,25877.3,25848.74,25861.49,6684.0,0.1406,LOW_TOXICITY,-0.000108,0.3483,HOLD,0,0,0.5,1.0,1,APPROVED
2026-09-02 06:08:01.537682+05:30,25803.73,25815.7,25794.19,25807.67,4276.0,0.1406,LOW_TOXICITY,-0.000261,0.376,SELL,1,-1,0.5623,1.0,1,VETO
2026-09-02 06:09:01.537682+05:30,25824.29,25849.37,25797.72,25836.56,8424.0,0.1406,LOW_TOXICITY,-0.000252,0.3764,SELL,1,-1,0.744,1.0,1,VETO
2026-09-02 06:10:01.537682+05:30,25857.81,25884.41,25817.99,25869.48,19570.0,0.1406,LOW_TOXICITY,-0.000181,0.3792,SELL,1,-1,0.5136,1.0,1,VETO
2026-09-02 06:11:01.537682+05:30,25860.02,25872.79,25849.54,25864.64,12969.0,0.1406,LOW_TOXICITY,-0.000124,0.3717,HOLD,0,0,0.5,1.0,1,APPROVED
2026-09-02 06:12:01.537682+05:30,25801.3,25836.98,25739.01,25810.82,7255.0,0.1406,LOW_TOXICITY,-0.000249,0.3959,SELL,1,1,0.7017,1.0,1,VETO
2026-09-02 06:13:01.537682+05:30,25800.16,25807.6,25785.65,25802.48,9911.0,0.1406,LOW_TOXICITY,-0.00028,0.3878,SELL,1,1,0.596,1.0,1,VETO
2026-09-02 06:14:01.537682+05:30,25814.49,25868.56,25772.8,25801.98,15029.0,0.1414,LOW_TOXICITY,-0.00026,0.3794,SELL,1,1,0.505,1.0,1,VETO
2026-09-02 06:15:01.537682+05:30,25789.08,25824.95,25756.31,25775.74,24059.0,0.1414,LOW_TOXICITY,-0.000323,0.3807,SELL,1,-1,0.608,1.0,1,VETO
2026-09-02 06:16:01.537682+05:30,25762.99,25763.79,25755.73,25763.38,15677.0,0.1414,LOW_TOXICITY,-0.000354,0.3748,SELL,1,-1,0.7519,1.0,1,VETO
2026-09-02 06:17:01.537682+05:30,25796.52,25829.95,25758.35,25798.17,16501.0,0.1414,LOW_TOXICITY,-0.000264,0.3794,SELL,1,1,0.5872,1.0,1,VETO
2026-09-02 06:18:01.537682+05:30,25813.33,25821.05,25804.98,25816.16,13821.0,0.1414,LOW_TOXICITY,-0.000224,0.3748,SELL,1,-1,0.7244,1.0,1,VETO
2026-09-02 06:19:01.537682+05:30,25781.93,25821.53,25759.55,25794.19,13998.0,0.1414,LOW_TOXICITY,-0.000214,0.3731,SELL,1,-1,0.7308,1.0,1,VETO
2026-09-02 06:20:01.537682+05:30,25765.62,25779.22,25745.17,25755.76,20063.0,0.1414,LOW_TOXICITY,-0.000273,0.3823,SELL,1,1,0.7742,1.0,1,VETO
2026-09-02 06:21:01.537682+05:30,25719.51,25748.17,25701.89,25745.6,21328.0,0.1414,LOW_TOXICITY,-0.000225,0.3758,SELL,1,-1,0.7742,1.0,1,VETO
2026-09-02 06:22:01.537682+05:30,25759.99,25801.88,25712.14,25739.27,26116.0,0.1414,LOW_TOXICITY,-0.000316,0.369,SELL,1,-1,0.6417,1.0,1,VETO
2026-09-02 06:23:01.537682+05:30,25738.18,25761.54,25709.91,25757.01,26139.0,0.1414,LOW_TOXICITY,-0.000131,0.3651,HOLD,0,0,0.5,1.0,1,APPROVED
2026-09-02 06:24:01.537682+05:30,25744.8,25762.44,25726.17,25741.31,10547.0,0.1414,LOW_TOXICITY,-0.000246,0.3616,SELL,1,-1,0.7149,1.0,1,VETO
2026-09-02 06:25:01.537682+05:30,25752.23,25779.34,25738.79,25760.62,8865.0,0.1435,LOW_TOXICITY,-0.000281,0.3548,SELL,1,-1,0.6741,1.0,1,VETO
2026-09-02 06:26:01.537682+05:30,25820.79,25898.79,25738.27,25830.48,27112.0,0.1435,LOW_TOXICITY,-8.8e-05,0.3984,HOLD,0,0,0.5,1.0,1,APPROVED
2026-09-02 06:27:01.537682+05:30,25846.38,25861.22,25821.73,25856.9,32621.0,0.1435,LOW_TOXICITY,0.000119,0.3954,HOLD,0,0,0.5,1.0,1,APPROVED
2026-09-02 06:28:01.537682+05:30,25861.43,25871.33,25845.64,25856.57,30079.0,0.1435,LOW_TOXICITY,0.00014,0.3863,HOLD,0,0,0.5,1.0,1,APPROVED
2026-09-02 06:29:01.537682+05:30,25846.42,25863.97,25821.65,25852.1,20093.0,0.1435,LOW_TOXICITY,0.000129,0.3781,HOLD,0,0,0.5,1.0,1,APPROVED
2026-09-02 06:30:01.537682+05:30,25839.47,25840.24,25827.35,25840.1,17800.0,0.1435,LOW_TOXICITY,0.000166,0.372,BUY,1,1,0.5,1.0,1,VETO
2026-09-02 06:31:01.537682+05:30,25889.94,25922.2,25886.88,25889.0,20605.0,0.1435,LOW_TOXICITY,0.000324,0.3882,BUY,1,1,0.5,1.0,1,VETO
2026-09-02 06:32:01.537682+05:30,25863.98,25872.14,25856.19,25866.15,14234.0,0.1435,LOW_TOXICITY,0.000175,0.3855,BUY,1,1,0.5,1.0,1,VETO
2026-09-02 06:33:01.537682+05:30,25871.92,25889.79,25855.84,25869.35,19693.0,0.1435,LOW_TOXICITY,0.000137,0.377,HOLD,0,0,0.5,1.0,1,APPROVED
2026-09-02 06:34:01.537682+05:30,25871.77,25881.93,25863.03,25872.78,12488.0,0.1453,LOW_TOXICITY,0.000203,0.3692,BUY,1,1,0.5,1.0,1,VETO
2026-09-02 06:35:01.537682+05:30,25851.42,25863.61,25843.68,25852.07,37184.0,0.1453,LOW_TOXICITY,0.000249,0.368,BUY,1,1,0.5,1.0,1,VETO
2026-09-02 06:36:01.537682+05:30,25804.42,25841.96,25751.74,25792.1,15820.0,0.1453,LOW_TOXICITY,0.00012,0.4011,HOLD,0,0,0.5,1.0,1,APPROVED
2026-09-02 06:37:01.537682+05:30,25816.42,25815.67,25803.59,25806.73,16330.0,0.1453,LOW_TOXICITY,0.000174,0.393,BUY,1,1,0.5,1.0,1,VETO
2026-09-02 06:38:01.537682+05:30,25795.78,25807.07,25781.84,25805.65,14226.0,0.1453,LOW_TOXICITY,0.000126,0.3837,HOLD,0,0,0.5,1.0,1,APPROVED
2026-09-02 06:39:01.537682+05:30,25830.33,25834.93,25825.62,25827.76,10390.0,0.1453,LOW_TOXICITY,0.000224,0.3798,BUY,1,1,0.5,1.0,1,VETO
2026-09-02 06:40:01.537682+05:30,25796.9,25824.84,25784.86,25807.68,8940.0,0.1453,LOW_TOXICITY,0.000122,0.3765,HOLD,0,0,0.5,1.0,1,APPROVED
2026-09-02 06:41:01.537682+05:30,25854.43,25863.22,25851.41,25855.8,4497.0,0.1453,LOW_TOXICITY,6.5e-05,0.3922,HOLD,0,0,0.5,1.0,1,APPROVED
2026-09-02 06:42:01.537682+05:30,25835.62,25867.35,25798.09,25826.37,36649.0,0.1453,LOW_TOXICITY,-7.9e-05,0.3929,HOLD,0,0,0.5,1.0,1,APPROVED
2026-09-02 06:43:01.537682+05:30,25850.69,25944.22,25784.13,25889.6,16894.0,0.1453,LOW_TOXICITY,8.5e-05,0.4228,HOLD,0,0,0.5,1.0,1,APPROVED
2026-09-02 06:44:01.537682+05:30,25863.57,25898.74,25816.0,25816.94,14103.0,0.1453,LOW_TOXICITY,-9.1e-05,0.4626,HOLD,0,0,0.5,1.0,1,APPROVED
2026-09-02 06:45:01.537682+05:30,25838.97,25851.24,25832.67,25834.93,10413.0,0.1453,LOW_TOXICITY,-1.3e-05,0.4418,HOLD,0,0,0.5,1.0,1,APPROVED
2026-09-02 06:46:01.537682+05:30,25861.38,25872.88,25839.41,25854.35,25546.0,0.1389,LOW_TOXICITY,-8.9e-05,0.4334,HOLD,0,0,0.5,1.0,1,APPROVED
2026-09-02 06:47:01.537682+05:30,25844.44,25869.68,25789.82,25822.12,16099.0,0.1389,LOW_TOXICITY,-0.000114,0.4321,HOLD,0,0,0.5,1.0,1,APPROVED
2026-09-02 06:48:01.537682+05:30,25834.37,25854.63,25817.25,25840.95,15168.0,0.1389,LOW_TOXICITY,-7.3e-05,0.4242,HOLD,0,0,0.5,1.0,1,APPROVED
2026-09-02 06:49:01.537682+05:30,25931.18,25960.62,25889.55,25896.33,19145.0,0.1389,LOW_TOXICITY,6.1e-05,0.4392,HOLD,0,0,0.5,1.0,1,APPROVED
2026-09-02 06:50:01.537682+05:30,25813.41,25891.43,25755.12,25812.51,40054.0,0.1389,LOW_TOXICITY,-0.000102,0.4858,HOLD,0,0,0.5,1.0,1,APPROVED
2026-09-02 06:51:01.537682+05:30,25832.61,25837.0,25828.99,25833.56,9220.0,0.1389,LOW_TOXICITY,0.000107,0.4751,HOLD,0,0,0.5,1.0,1,APPROVED
2026-09-02 06:52:01.537682+05:30,25761.65,25874.83,25695.47,25739.47,12610.0,0.1389,LOW_TOXICITY,-0.000174,0.5291,SELL,-1,-1,0.5932,1.0,1,APPROVED
2026-09-02 06:53:01.537682+05:30,25716.0,25769.15,25679.24,25701.32,19541.0,0.1389,LOW_TOXICITY,-0.00027,0.5239,SELL,1,-1,0.6756,1.0,1,VETO
2026-09-02 06:54:01.537682+05:30,25790.06,25818.0,25716.79,25774.34,22545.0,0.1389,LOW_TOXICITY,-0.000138,0.5443,HOLD,0,0,0.5,1.0,1,APPROVED
2026-09-02 06:55:01.537682+05:30,25736.98,25751.18,25742.13,25745.71,13190.0,0.1389,LOW_TOXICITY,-0.00016,0.5409,SELL,1,-1,0.6251,1.0,1,VETO
2026-09-02 06:56:01.537682+05:30,25724.48,25731.61,25648.91,25685.85,19149.0,0.1389,LOW_TOXICITY,-0.00044,0.5507,SELL,1,-1,0.7069,1.0,1,VETO
2026-09-02 06:57:01.537682+05:30,25696.16,25722.34,25668.59,25676.84,14201.0,0.1404,LOW_TOXICITY,-0.000387,0.5326,SELL,1,-1,0.6723,1.0,1,VETO
2026-09-02 06:58:01.537682+05:30,25778.35,25854.95,25761.33,25784.86,10078.0,0.1404,LOW_TOXICITY,-0.00027,0.5983,SELL,1,-1,0.5907,1.0,1,VETO
2026-09-02 06:59:01.537682+05:30,25691.48,25746.71,25614.89,25695.47,7906.0,0.1404,LOW_TOXICITY,-0.000314,0.6316,SELL,1,-1,0.6031,1.0,1,VETO
2026-09-02 07:00:01.537682+05:30,25664.58,25724.43,25609.77,25644.74,17319.0,0.1404,LOW_TOXICITY,-0.000493,0.6258,SELL,1,-1,0.6429,1.0,1,VETO
2026-09-02 07:01:01.537682+05:30,25740.32,25753.92,25708.12,25717.38,24652.0,0.1404,LOW_TOXICITY,-0.000354,0.6364,SELL,1,-1,0.6144,1.0,1,VETO
2026-09-02 07:02:01.537682+05:30,25828.57,25869.71,25793.25,25806.88,50753.0,0.1404,LOW_TOXICITY,-3.9e-05,0.6624,HOLD,0,0,0.5,1.0,1,APPROVED
2026-09-02 07:03:01.537682+05:30,25803.81,25824.62,25781.86,25802.92,11385.0,0.1404,LOW_TOXICITY,-9.8e-05,0.6373,HOLD,0,0,0.5,1.0,1,APPROVED
2026-09-02 07:04:01.537682+05:30,25713.84,25753.19,25684.81,25746.41,36673.0,0.1404,LOW_TOXICITY,-0.000387,0.6349,SELL,1,-1,0.6512,1.0,1,VETO
2026-09-02 07:05:01.537682+05:30,25790.75,25905.1,25619.88,25851.3,27719.0,0.1424,LOW_TOXICITY,0.0001,0.6993,HOLD,0,0,0.5,1.0,1,APPROVED
2026-09-02 07:06:01.537682+05:30,25907.06,25963.85,25882.67,25936.76,12303.0,0.1424,LOW_TOXICITY,0.000266,0.7164,BUY,1,1,0.5,1.0,1,VETO
2026-09-02 07:07:01.537682+05:30,25977.64,26020.78,25964.32,25972.99,13847.0,0.1424,LOW_TOXICITY,0.000602,0.6937,BUY,1,1,0.5,1.0,1,VETO
2026-09-02 07:08:01.537682+05:30,25921.88,25941.05,25902.49,25938.68,11536.0,0.1424,LOW_TOXICITY,0.000613,0.6728,BUY,1,1,0.5,1.0,1,VETO
2026-09-02 07:09:01.537682+05:30,25944.23,25961.83,25935.19,25937.95,23835.0,0.1424,LOW_TOXICITY,0.000422,0.6445,BUY,1,1,0.5,1.0,1,VETO
2026-09-02 07:10:01.537682+05:30,25935.26,25936.49,25932.0,25932.06,7911.0,0.1424,LOW_TOXICITY,0.000481,0.6183,BUY,1,1,0.5,1.0,1,VETO
2026-09-02 07:11:01.537682+05:30,25952.81,25959.99,25947.85,25947.94,26013.0,0.1424,LOW_TOXICITY,0.000677,0.595,BUY,1,1,0.5,1.0,1,VETO
2026-09-02 07:12:01.537682+05:30,25991.13,26019.23,25962.78,26007.79,25265.0,0.1424,LOW_TOXICITY,0.000854,0.5983,BUY,1,1,0.5,1.0,1,VETO
2026-09-02 07:13:01.537682+05:30,26048.66,26055.09,26042.44,26042.85,8848.0,0.1424,LOW_TOXICITY,0.000664,0.5835,BUY,1,1,0.5,1.0,1,VETO
2026-09-02 07:14:01.537682+05:30,26004.38,26019.27,25998.85,26000.35,25128.0,0.1424,LOW_TOXICITY,0.000786,0.5758,BUY,1,1,0.5,1.0,1,VETO
2026-09-02 07:15:01.537682+05:30,26094.06,26124.05,26037.46,26059.33,17415.0,0.1424,LOW_TOXICITY,0.001069,0.5774,BUY,1,1,0.5,1.0,1,VETO
2026-09-02 07:16:01.537682+05:30,26072.08,26074.47,26067.64,26073.37,6427.0,0.1424,LOW_TOXICITY,0.000916,0.556,BUY,1,1,0.5,1.0,1,VETO
2026-09-02 07:17:01.537682+05:30,26081.84,26110.15,26061.66,26101.54,12009.0,0.1424,LOW_TOXICITY,0.000757,0.5408,BUY,1,1,0.5,1.0,1,VETO
2026-09-02 07:18:01.537682+05:30,26161.91,26184.58,26153.6,26157.89,18879.0,0.1467,LOW_TOXICITY,0.000911,0.546,BUY,1,1,0.5,1.0,1,VETO
2026-09-02 07:19:01.537682+05:30,26103.26,26127.38,26096.08,26121.02,12064.0,0.1467,LOW_TOXICITY,0.000963,0.5375,BUY,1,1,0.5,1.0,1,VETO
2026-09-02 07:20:01.537682+05:30,26113.76,26126.08,26110.51,26120.92,21121.0,0.1467,LOW_TOXICITY,0.000692,0.5173,BUY,1,1,0.5,1.0,1,VETO
2026-09-02 07:21:01.537682+05:30,26101.58,26129.23,26079.53,26102.12,10608.0,0.1467,LOW_TOXICITY,0.000424,0.5021,BUY,1,1,0.5,1.0,1,VETO
2026-09-02 07:22:01.537682+05:30,26123.2,26184.94,26014.89,26038.76,7954.0,0.1467,LOW_TOXICITY,0.000169,0.5215,BUY,1,1,0.5,1.0,1,VETO
2026-09-02 07:23:01.537682+05:30,26054.46,26078.44,26040.14,26055.83,12068.0,0.1467,LOW_TOXICITY,0.0003,0.5047,BUY,1,1,0.5,1.0,1,VETO
2026-09-02 07:24:01.537682+05:30,26202.68,26253.26,26090.34,26177.7,30382.0,0.1467,LOW_TOXICITY,0.000613,0.6063,BUY,1,1,0.5,1.0,1,VETO
2026-09-02 07:25:01.537682+05:30,26111.76,26163.56,26056.58,26094.63,12076.0,0.1467,LOW_TOXICITY,0.000417,0.6376,BUY,1,1,0.5,1.0,1,VETO
2026-09-02 07:26:01.537682+05:30,26094.48,26116.22,26086.15,26094.44,8131.0,0.1467,LOW_TOXICITY,0.000375,0.6123,BUY,1,1,0.5,1.0,1,VETO
2026-09-02 07:27:01.537682+05:30,26117.56,26155.64,26074.24,26124.9,24586.0,0.1467,LOW_TOXICITY,0.0003,0.5948,BUY,1,1,0.5,1.0,1,VETO
2026-09-02 07:28:01.537682+05:30,26122.4,26137.0,26100.82,26131.38,17979.0,0.1467,LOW_TOXICITY,0.000226,0.5723,BUY,1,1,0.5,1.0,1,VETO
2026-09-02 07:29:01.537682+05:30,26131.43,26129.52,26122.34,26127.88,8216.0,0.1467,LOW_TOXICITY,0.000326,0.551,BUY,1,1,0.5,1.0,1,VETO
2026-09-02 07:30:01.537682+05:30,26075.49,26112.28,26036.91,26079.55,8473.0,0.1467,LOW_TOXICITY,5.2e-05,0.5507,HOLD,0,0,0.5,1.0,1,APPROVED
2026-09-02 07:31:01.537682+05:30,26088.79,26106.16,26074.4,26090.53,6484.0,0.1467,LOW_TOXICITY,4.4e-05,0.5314,HOLD,0,0,0.5,1.0,1,APPROVED
2026-09-02 07:32:01.537682+05:30,26048.18,26064.07,26030.58,26061.89,30459.0,0.1432,LOW_TOXICITY,-0.000101,0.52,HOLD,0,0,0.5,1.0,1,APPROVED
2026-09-02 07:33:01.537682+05:30,25998.57,26076.57,25917.77,25976.25,15734.0,0.1432,LOW_TOXICITY,-0.000465,0.5643,SELL,1,1,0.5666,1.0,1,VETO
2026-09-02 07:34:01.537682+05:30,26013.18,26058.54,26008.54,26025.49,18704.0,0.1432,LOW_TOXICITY,-0.000244,0.5619,SELL,1,-1,0.5214,1.0,1,VETO
2026-09-02 07:35:01.537682+05:30,26066.98,26102.44,26031.51,26064.11,13684.0,0.1432,LOW_TOXICITY,-0.000145,0.5485,HOLD,0,0,0.5,1.0,1,APPROVED
2026-09-02 07:36:01.537682+05:30,26087.27,26099.77,26063.73,26067.51,7649.0,0.1432,LOW_TOXICITY,-8.8e-05,0.5286,HOLD,0,0,0.5,1.0,1,APPROVED
2026-09-02 07:37:01.537682+05:30,26086.44,26106.7,26041.98,26077.63,11088.0,0.1432,LOW_TOXICITY,9.9e-05,0.5106,HOLD,0,0,0.5,1.0,1,APPROVED
2026-09-02 07:38:01.537682+05:30,26087.67,26128.64,26047.93,26122.87,16275.0,0.1432,LOW_TOXICITY,0.000171,0.5098,BUY,1,1,0.5,1.0,1,VETO
2026-09-02 07:39:01.537682+05:30,26121.46,26134.28,26119.45,26132.31,23937.0,0.1432,LOW_TOXICITY,-0.000116,0.4929,HOLD,0,0,0.5,1.0,1,APPROVED
2026-09-02 07:40:01.537682+05:30,26140.03,26167.47,26120.46,26166.55,11453.0,0.1432,LOW_TOXICITY,0.000183,0.4863,BUY,1,1,0.5,1.0,1,VETO
2026-09-02 07:41:01.537682+05:30,26139.12,26173.91,26118.2,26155.28,23625.0,0.1432,LOW_TOXICITY,0.000155,0.4718,BUY,1,1,0.5,1.0,1,VETO
2026-09-02 07:42:01.537682+05:30,26213.77,26260.42,26124.74,26207.26,7315.0,0.1432,LOW_TOXICITY,0.00021,0.4805,BUY,1,1,0.5,1.0,1,VETO
2026-09-02 07:43:01.537682+05:30,26205.44,26224.38,26218.6,26220.18,11976.0,0.1432,LOW_TOXICITY,0.000226,0.4661,BUY,1,1,0.5,1.0,1,VETO
2026-09-02 07:44:01.537682+05:30,26235.01,26239.02,26220.68,26228.78,11187.0,0.1432,LOW_TOXICITY,0.000257,0.452,BUY,1,1,0.5,1.0,1,VETO
2026-09-02 07:45:01.537682+05:30,26168.19,26211.09,26154.0,26182.07,7605.0,0.1443,LOW_TOXICITY,0.000262,0.46,BUY,1,1,0.5,1.0,1,VETO
2026-09-02 07:46:01.537682+05:30,26190.97,26227.85,26171.38,26194.45,15684.0,0.1443,LOW_TOXICITY,0.000265,0.4468,BUY,1,1,0.5,1.0,1,VETO
2026-09-02 07:47:01.537682+05:30,26174.41,26170.07,26159.86,26162.7,11380.0,0.1443,LOW_TOXICITY,0.000257,0.4443,BUY,1,1,0.5,1.0,1,VETO
2026-09-02 07:48:01.537682+05:30,26143.36,26151.65,26136.81,26137.67,44211.0,0.1443,LOW_TOXICITY,0.000413,0.4381,BUY,1,1,0.5,1.0,1,VETO
2026-09-02 07:49:01.537682+05:30,26110.24,26146.73,26063.77,26102.94,11211.0,0.1443,LOW_TOXICITY,0.000198,0.4385,BUY,1,1,0.5,1.0,1,VETO
2026-09-02 07:50:01.537682+05:30,26046.75,26122.79,25981.32,26056.5,7951.0,0.1443,LOW_TOXICITY,-1.9e-05,0.4485,HOLD,0,0,0.5,1.0,1,APPROVED
2026-09-02 07:51:01.537682+05:30,26130.17,26183.71,26058.91,26149.99,14350.0,0.1443,LOW_TOXICITY,0.000211,0.5127,BUY,1,1,0.5,1.0,1,VETO
2026-09-02 07:52:01.537682+05:30,26210.07,26236.86,26190.46,26211.23,8659.0,0.1443,LOW_TOXICITY,0.000341,0.5252,BUY,1,1,0.5,1.0,1,VETO
2026-09-02 07:53:01.537682+05:30,26360.96,26548.85,26267.82,26309.45,10409.0,0.1443,LOW_TOXICITY,0.000474,0.5805,BUY,1,1,0.5,1.0,1,VETO
2026-09-02 07:54:01.537682+05:30,26266.06,26315.44,26208.47,26250.68,18131.0,0.1443,LOW_TOXICITY,0.000301,0.5857,BUY,1,1,0.5,1.0,1,VETO
2026-09-02 07:55:01.537682+05:30,26254.13,26263.67,26248.83,26255.21,12939.0,0.1443,LOW_TOXICITY,0.000226,0.5679,BUY,1,1,0.5,1.0,1,VETO
2026-09-02 07:56:01.537682+05:30,26214.37,26238.7,26176.82,26194.58,19133.0,0.1443,LOW_TOXICITY,0.0001,0.5763,HOLD,0,0,0.5,1.0,1,APPROVED
2026-09-02 07:57:01.537682+05:30,26173.99,26187.48,26155.64,26163.46,25646.0,0.1486,LOW_TOXICITY,-0.000112,0.5625,HOLD,0,0,0.5,1.0,1,APPROVED
2026-09-02 07:58:01.537682+05:30,26117.18,26149.02,26103.21,26128.99,15604.0,0.1486,LOW_TOXICITY,-0.000232,0.5516,SELL,1,-1,0.5365,1.0,1,VETO
2026-09-02 07:59:01.537682+05:30,26212.08,26266.4,26160.27,26181.45,25923.0,0.1486,LOW_TOXICITY,-0.00012,0.5527,HOLD,0,0,0.5,1.0,1,APPROVED
2026-09-02 08:00:01.537682+05:30,26179.02,26182.61,26162.61,26167.26,27401.0,0.1486,LOW_TOXICITY,-3.8e-05,0.5341,HOLD,0,0,0.5,1.0,1,APPROVED
2026-09-02 08:01:01.537682+05:30,26221.61,26234.83,26202.94,26209.67,17408.0,0.1486,LOW_TOXICITY,3.9e-05,0.5292,HOLD,0,0,0.5,1.0,1,APPROVED
2026-09-02 08:02:01.537682+05:30,26212.24,26240.67,26205.39,26234.67,11339.0,0.1486,LOW_TOXICITY,0.000183,0.5151,BUY,1,1,0.5,1.0,1,VETO
2026-09-02 08:03:01.537682+05:30,26353.78,26362.97,26290.3,26327.01,28594.0,0.1486,LOW_TOXICITY,0.000481,0.5657,BUY,1,1,0.5,1.0,1,VETO
2026-09-02 08:04:01.537682+05:30,26231.42,26281.97,26199.45,26267.11,23702.0,0.1486,LOW_TOXICITY,0.000418,0.5735,BUY,1,1,0.5,1.0,1,VETO
2026-09-02 08:05:01.537682+05:30,26332.55,26398.5,26264.26,26318.17,12417.0,0.1486,LOW_TOXICITY,0.000666,0.5719,BUY,1,1,0.5,1.0,1,VETO
2026-09-02 08:06:01.537682+05:30,26380.04,26430.03,26353.31,26366.26,9806.0,0.1486,LOW_TOXICITY,0.000549,0.5676,BUY,1,1,0.5,1.0,1,VETO
2026-09-02 08:07:01.537682+05:30,26340.64,26367.47,26314.27,26329.1,16399.0,0.1486,LOW_TOXICITY,0.000299,0.5582,BUY,1,1,0.5,1.0,1,VETO
2026-09-02 08:08:01.537682+05:30,26361.49,26394.63,26332.24,26372.19,9747.0,0.1486,LOW_TOXICITY,0.000159,0.5517,BUY,1,1,0.5,1.0,1,VETO
2026-09-02 08:09:01.537682+05:30,26370.03,26393.13,26343.09,26387.96,11476.0,0.1524,LOW_TOXICITY,0.000348,0.5334,BUY,1,1,0.5,1.0,1,VETO
2026-09-02 08:10:01.537682+05:30,26396.59,26415.2,26375.29,26380.3,11166.0,0.1524,LOW_TOXICITY,0.000317,0.5153,BUY,1,1,0.5,1.0,1,VETO
2026-09-02 08:11:01.537682+05:30,26369.13,26395.23,26321.8,26346.63,29112.0,0.1524,LOW_TOXICITY,0.000386,0.5081,BUY,1,1,0.5,1.0,1,VETO
2026-09-02 08:12:01.537682+05:30,26314.55,26340.26,26302.94,26319.04,28373.0,0.1524,LOW_TOXICITY,0.000395,0.4982,BUY,1,1,0.5,1.0,1,VETO
2026-09-02 08:13:01.537682+05:30,26347.53,26425.93,26334.64,26407.19,21882.0,0.1524,LOW_TOXICITY,0.000706,0.5449,BUY,1,1,0.5,1.0,1,VETO
2026-09-02 08:14:01.537682+05:30,26404.12,26408.72,26389.08,26408.54,13842.0,0.1524,LOW_TOXICITY,0.000576,0.5253,BUY,1,1,0.5,1.0,1,VETO
2026-09-02 08:15:01.537682+05:30,26444.15,26468.01,26421.3,26447.68,9275.0,0.1524,LOW_TOXICITY,0.000711,0.5156,BUY,1,1,0.5,1.0,1,VETO
2026-09-02 08:16:01.537682+05:30,26399.44,26440.38,26366.38,26411.98,24753.0,0.1524,LOW_TOXICITY,0.000513,0.5098,BUY,1,1,0.5,1.0,1,VETO
2026-09-02 08:17:01.537682+05:30,26379.02,26383.47,26362.84,26378.29,9373.0,0.1524,LOW_TOXICITY,0.000364,0.5032,BUY,1,1,0.5,1.0,1,VETO
2026-09-02 08:18:01.537682+05:30,26433.9,26431.47,26419.78,26427.41,6637.0,0.1524,LOW_TOXICITY,0.000254,0.5056,BUY,1,1,0.5,1.0,1,VETO
2026-09-02 08:19:01.537682+05:30,26348.94,26412.58,26291.62,26371.25,27087.0,0.1524,LOW_TOXICITY,0.000264,0.5168,BUY,1,1,0.5,1.0,1,VETO
2026-09-02 08:20:01.537682+05:30,26359.0,26365.63,26342.42,26354.08,23537.0,0.1524,LOW_TOXICITY,9.1e-05,0.5022,HOLD,0,0,0.5,1.0,1,APPROVED
2026-09-02 08:21:01.537682+05:30,26343.76,26358.74,26341.08,26356.72,26742.0,0.1524,LOW_TOXICITY,-2.4e-05,0.4856,HOLD,0,0,0.5,1.0,1,APPROVED
2026-09-02 08:22:01.537682+05:30,26368.63,26411.04,26350.03,26361.94,10206.0,0.1524,LOW_TOXICITY,8.3e-05,0.4701,HOLD,0,0,0.5,1.0,1,APPROVED
2026-09-02 08:23:01.537682+05:30,26367.07,26371.62,26347.99,26357.62,18074.0,0.1524,LOW_TOXICITY,-3.7e-05,0.456,HOLD,0,0,0.5,1.0,1,APPROVED
2026-09-02 08:24:01.537682+05:30,26375.2,26388.75,26371.87,26372.61,12541.0,0.1524,LOW_TOXICITY,-3.9e-05,0.4442,HOLD,0,0,0.5,1.0,1,APPROVED
2026-09-02 08:25:01.537682+05:30,26407.01,26415.41,26372.11,26401.53,6890.0,0.1524,LOW_TOXICITY,5.4e-05,0.4337,HOLD,0,0,0.5,1.0,1,APPROVED
2026-09-02 08:26:01.537682+05:30,26443.55,26481.63,26425.22,26431.6,14450.0,0.1524,LOW_TOXICITY,0.000215,0.4298,BUY,1,1,0.5,1.0,1,VETO
2026-09-02 08:27:01.537682+05:30,26385.1,26418.8,26348.23,26395.24,12965.0,0.1524,LOW_TOXICITY,0.000193,0.4327,BUY,1,1,0.5,1.0,1,VETO
2026-09-02 08:28:01.537682+05:30,26408.44,26430.93,26385.13,26385.73,18720.0,0.1524,LOW_TOXICITY,-5.4e-05,0.422,HOLD,0,0,0.5,1.0,1,APPROVED
2026-09-02 08:29:01.537682+05:30,26426.37,26467.8,26417.46,26436.61,4658.0,0.1524,LOW_TOXICITY,7.1e-05,0.4355,HOLD,0,0,0.5,1.0,1,APPROVED
2026-09-02 08:30:01.537682+05:30,26467.55,26505.95,26423.99,26472.04,11001.0,0.1524,LOW_TOXICITY,6.1e-05,0.4347,HOLD,0,0,0.5,1.0,1,APPROVED
2026-09-02 08:31:01.537682+05:30,26374.48,26444.44,26376.57,26420.45,31170.0,0.1524,LOW_TOXICITY,2.1e-05,0.4505,HOLD,0,0,0.5,1.0,1,APPROVED
2026-09-02 08:32:01.537682+05:30,26434.68,26459.13,26426.85,26436.27,22370.0,0.1521,LOW_TOXICITY,0.000146,0.439,HOLD,0,0,0.5,1.0,1,APPROVED
2026-09-02 08:33:01.537682+05:30,26322.5,26364.09,26294.91,26353.86,35745.0,0.1521,LOW_TOXICITY,-0.000186,0.4929,SELL,1,1,0.5561,1.0,1,VETO
2026-09-02 08:34:01.537682+05:30,26350.54,26358.83,26353.01,26357.16,5213.0,0.1521,LOW_TOXICITY,-3.6e-05,0.4763,HOLD,0,0,0.5,1.0,1,APPROVED
2026-09-02 08:35:01.537682+05:30,26458.39,26455.98,26419.51,26443.96,5054.0,0.1521,LOW_TOXICITY,0.000227,0.5267,BUY,1,1,0.5,1.0,1,VETO
2026-09-02 08:36:01.537682+05:30,26418.96,26443.07,26394.91,26411.3,13193.0,0.1521,LOW_TOXICITY,0.000138,0.5171,HOLD,0,0,0.5,1.0,1,APPROVED
2026-09-02 08:37:01.537682+05:30,26371.5,26384.31,26370.48,26381.13,22531.0,0.1521,LOW_TOXICITY,4.9e-05,0.5071,HOLD,0,0,0.5,1.0,1,APPROVED
2026-09-02 08:38:01.537682+05:30,26420.69,26420.11,26401.63,26409.47,30653.0,0.1521,LOW_TOXICITY,0.000131,0.4955,HOLD,0,0,0.5,1.0,1,APPROVED
2026-09-02 08:39:01.537682+05:30,26340.78,26401.02,26250.48,26365.47,21535.0,0.1521,LOW_TOXICITY,-1.8e-05,0.4971,HOLD,0,0,0.5,1.0,1,APPROVED
2026-09-02 08:40:01.537682+05:30,26364.93,26392.97,26318.86,26347.13,21451.0,0.1521,LOW_TOXICITY,-0.000138,0.4835,HOLD,0,0,0.5,1.0,1,APPROVED
2026-09-02 08:41:01.537682+05:30,26363.46,26400.41,26324.03,26369.59,6346.0,0.1521,LOW_TOXICITY,-0.000157,0.4715,SELL,1,1,0.7221,1.0,1,VETO
2026-09-02 08:42:01.537682+05:30,26348.31,26355.85,26339.91,26348.82,7445.0,0.1521,LOW_TOXICITY,-0.000117,0.4611,HOLD,0,0,0.5,1.0,1,APPROVED
2026-09-02 08:43:01.537682+05:30,26356.03,26378.52,26324.32,26341.25,29865.0,0.1557,LOW_TOXICITY,-0.000112,0.4476,HOLD,0,0,0.5,1.0,1,APPROVED
2026-09-02 08:44:01.537682+05:30,26371.59,26400.34,26344.0,26374.18,5940.0,0.1557,LOW_TOXICITY,-0.000158,0.4445,SELL,1,1,0.6951,1.0,1,VETO
2026-09-02 08:45:01.537682+05:30,26394.35,26405.35,26389.03,26394.95,14270.0,0.1557,LOW_TOXICITY,-0.000194,0.4331,SELL,1,1,0.7203,1.0,1,VETO
2026-09-02 08:46:01.537682+05:30,26403.49,26419.86,26390.29,26409.78,5302.0,0.1557,LOW_TOXICITY,-2.7e-05,0.4233,HOLD,0,0,0.5,1.0,1,APPROVED
2026-09-02 08:47:01.537682+05:30,26405.45,26404.48,26392.45,26393.45,10369.0,0.1557,LOW_TOXICITY,-0.000108,0.4155,HOLD,0,0,0.5,1.0,1,APPROVED
2026-09-02 08:48:01.537682+05:30,26416.53,26425.45,26407.11,26413.74,22092.0,0.1557,LOW_TOXICITY,0.000151,0.4092,BUY,1,1,0.5,1.0,1,VETO
2026-09-02 08:49:01.537682+05:30,26410.38,26424.56,26396.32,26409.47,9779.0,0.1557,LOW_TOXICITY,0.000132,0.3999,HOLD,0,0,0.5,1.0,1,APPROVED
2026-09-02 08:50:01.537682+05:30,26429.78,26442.44,26414.54,26430.83,13221.0,0.1557,LOW_TOXICITY,-3.3e-05,0.3956,HOLD,0,0,0.5,1.0,1,APPROVED
2026-09-02 08:51:01.537682+05:30,26407.29,26416.93,26401.52,26412.02,14516.0,0.1557,LOW_TOXICITY,2e-06,0.3916,HOLD,0,0,0.5,1.0,1,APPROVED
2026-09-02 08:52:01.537682+05:30,26416.78,26409.39,26404.68,26404.78,8252.0,0.1557,LOW_TOXICITY,6e-05,0.3844,HOLD,0,0,0.5,1.0,1,APPROVED
2026-09-02 08:53:01.537682+05:30,26335.9,26363.42,26301.32,26360.99,8284.0,0.1557,LOW_TOXICITY,-0.000122,0.3997,HOLD,0,0,0.5,1.0,1,APPROVED
2026-09-02 08:54:01.537682+05:30,26361.26,26367.08,26352.22,26360.72,10139.0,0.1557,LOW_TOXICITY,-1.2e-05,0.391,HOLD,0,0,0.5,1.0,1,APPROVED
2026-09-02 08:55:01.537682+05:30,26313.57,26343.22,26279.45,26324.53,10785.0,0.1557,LOW_TOXICITY,-5.7e-05,0.3959,HOLD,0,0,0.5,1.0,1,APPROVED
2026-09-02 08:56:01.537682+05:30,26242.57,26285.84,26204.35,26275.06,10355.0,0.1557,LOW_TOXICITY,-0.000239,0.4161,SELL,1,1,0.5753,1.0,1,VETO
2026-09-02 08:57:01.537682+05:30,26287.52,26305.01,26276.81,26289.36,7237.0,0.1557,LOW_TOXICITY,-0.000151,0.4071,SELL,1,1,0.5505,1.0,1,VETO
2026-09-02 08:58:01.537682+05:30,26307.49,26326.43,26281.79,26300.74,11280.0,0.1557,LOW_TOXICITY,-0.000103,0.3982,HOLD,0,0,0.5,1.0,1,APPROVED
2026-09-02 08:59:01.537682+05:30,26332.11,26345.89,26296.82,26339.01,12445.0,0.1557,LOW_TOXICITY,-8.9e-05,0.405,HOLD,0,0,0.5,1.0,1,APPROVED
2026-09-02 09:00:01.537682+05:30,26322.61,26335.73,26301.57,26321.32,12465.0,0.1557,LOW_TOXICITY,-0.000186,0.3991,SELL,1,1,0.5716,1.0,1,VETO
2026-09-02 09:01:01.537682+05:30,26329.39,26347.5,26320.08,26338.67,16195.0,0.1526,LOW_TOXICITY,-0.00018,0.3929,SELL,1,-1,0.6198,1.0,1,VETO
2026-09-02 09:02:01.537682+05:30,26360.98,26390.42,26337.63,26360.36,12907.0,0.1526,LOW_TOXICITY,-8.4e-05,0.3892,HOLD,0,0,0.5,1.0,1,APPROVED
2026-09-02 09:03:01.537682+05:30,26391.24,26408.53,26377.7,26377.98,13465.0,0.1526,LOW_TOXICITY,-9e-05,0.3841,HOLD,0,0,0.5,1.0,1,APPROVED
2026-09-02 09:04:01.537682+05:30,26361.1,26385.58,26346.13,26350.38,9851.0,0.1526,LOW_TOXICITY,-0.000149,0.386,HOLD,0,0,0.5,1.0,1,APPROVED
2026-09-02 09:05:01.537682+05:30,26350.15,26370.17,26326.9,26356.57,19073.0,0.1526,LOW_TOXICITY,-0.000188,0.376,SELL,1,-1,0.6131,1.0,1,VETO
2026-09-02 09:06:01.537682+05:30,26347.77,26382.08,26335.72,26368.15,19060.0,0.1526,LOW_TOXICITY,-0.000111,0.3699,HOLD,0,0,0.5,1.0,1,APPROVED
2026-09-02 09:07:01.537682+05:30,26360.55,26392.14,26339.08,26369.67,8756.0,0.1526,LOW_TOXICITY,-8.9e-05,0.3631,HOLD,0,0,0.5,1.0,1,APPROVED
2026-09-02 09:08:01.537682+05:30,26329.61,26352.13,26302.08,26322.0,22459.0,0.1526,LOW_TOXICITY,-9.9e-05,0.3864,HOLD,0,0,0.5,1.0,1,APPROVED
2026-09-02 09:09:01.537682+05:30,26325.49,26352.23,26308.39,26327.53,26065.0,0.1526,LOW_TOXICITY,-8.4e-05,0.3781,HOLD,0,0,0.5,1.0,1,APPROVED
2026-09-02 09:10:01.537682+05:30,26409.26,26422.22,26383.84,26388.2,14677.0,0.1526,LOW_TOXICITY,0.000161,0.4125,BUY,1,1,0.5,1.0,1,VETO
2026-09-02 09:11:01.537682+05:30,26385.12,26393.41,26373.75,26381.43,6358.0,0.1526,LOW_TOXICITY,0.000269,0.4022,BUY,1,1,0.5,1.0,1,VETO
2026-09-02 09:12:01.537682+05:30,26364.75,26382.48,26351.3,26366.77,8640.0,0.1526,LOW_TOXICITY,0.000196,0.3951,BUY,1,1,0.5,1.0,1,VETO
2026-09-02 09:13:01.537682+05:30,26367.5,26387.76,26340.97,26375.57,13034.0,0.1526,LOW_TOXICITY,0.000189,0.3865,BUY,1,1,0.5,1.0,1,VETO
2026-09-02 09:14:01.537682+05:30,26395.52,26422.61,26364.58,26383.65,10339.0,0.1526,LOW_TOXICITY,0.000113,0.3786,HOLD,0,0,0.5,1.0,1,APPROVED
2026-09-02 09:15:01.537682+05:30,26427.76,26436.28,26414.36,26416.48,6920.0,0.1526,LOW_TOXICITY,0.000241,0.3817,BUY,1,1,0.5,1.0,1,VETO
2026-09-02 09:16:01.537682+05:30,26388.75,26404.28,26373.42,26391.71,13741.0,0.1543,LOW_TOXICITY,0.000134,0.3818,HOLD,0,0,0.5,1.0,1,APPROVED
2026-09-02 09:17:01.537682+05:30,26401.56,26420.91,26385.47,26408.86,31090.0,0.1543,LOW_TOXICITY,0.000123,0.3767,HOLD,0,0,0.5,1.0,1,APPROVED
2026-09-02 09:18:01.537682+05:30,26417.71,26454.08,26384.3,26422.97,13961.0,0.1543,LOW_TOXICITY,0.000114,0.3711,HOLD,0,0,0.5,1.0,1,APPROVED
2026-09-02 09:19:01.537682+05:30,26421.57,26445.67,26403.22,26420.84,7952.0,0.1543,LOW_TOXICITY,0.000178,0.3642,BUY,1,1,0.5,1.0,1,VETO
2026-09-02 09:20:01.537682+05:30,26439.05,26435.52,26421.44,26430.74,7598.0,0.1543,LOW_TOXICITY,0.000187,0.3587,BUY,1,1,0.5,1.0,1,VETO
2026-09-02 09:21:01.537682+05:30,26448.27,26458.39,26450.38,26456.04,19735.0,0.1543,LOW_TOXICITY,0.000222,0.3602,BUY,1,1,0.5,1.0,1,VETO
2026-09-02 09:22:01.537682+05:30,26457.03,26486.29,26420.24,26477.18,7948.0,0.1543,LOW_TOXICITY,0.000271,0.3592,BUY,1,1,0.5,1.0,1,VETO
2026-09-02 09:23:01.537682+05:30,26457.04,26478.85,26439.19,26454.91,22029.0,0.1543,LOW_TOXICITY,0.000336,0.3603,BUY,1,1,0.5,1.0,1,VETO
2026-09-02 09:24:01.537682+05:30,26487.41,26504.07,26461.69,26476.42,9529.0,0.1543,LOW_TOXICITY,0.000376,0.3595,BUY,1,1,0.5,1.0,1,VETO
2026-09-02 09:25:01.537682+05:30,26499.58,26527.15,26460.3,26476.13,20383.0,0.1543,LOW_TOXICITY,0.000222,0.3448,BUY,1,1,0.5,1.0,1,VETO
2026-09-02 09:26:01.537682+05:30,26474.83,26486.96,26464.42,26479.74,4583.0,0.1543,LOW_TOXICITY,0.000248,0.3392,BUY,1,1,0.5,1.0,1,VETO
2026-09-02 09:27:01.537682+05:30,26482.69,26488.48,26475.37,26483.35,3042.0,0.1543,LOW_TOXICITY,0.000294,0.3342,BUY,1,1,0.5,1.0,1,VETO
2026-09-02 09:28:01.537682+05:30,26487.89,26509.23,26463.22,26480.32,15528.0,0.1543,LOW_TOXICITY,0.000264,0.3298,BUY,1,1,0.5,1.0,1,VETO
2026-09-02 09:29:01.537682+05:30,26497.88,26515.15,26494.05,26510.69,19165.0,0.1543,LOW_TOXICITY,0.00032,0.3375,BUY,1,1,0.5,1.0,1,VETO
2026-09-02 09:30:01.537682+05:30,26510.49,26521.27,26501.79,26510.42,33385.0,0.1556,LOW_TOXICITY,0.000237,0.3325,BUY,1,1,0.5,1.0,1,VETO
2026-09-02 09:31:01.537682+05:30,26489.93,26505.21,26471.82,26493.94,20067.0,0.1556,LOW_TOXICITY,0.000258,0.3327,BUY,1,1,0.5,1.0,1,VETO
2026-09-02 09:32:01.537682+05:30,26484.82,26501.8,26463.48,26488.37,4185.0,0.1556,LOW_TOXICITY,0.0002,0.3289,BUY,1,1,0.5,1.0,1,VETO
2026-09-02 09:33:01.537682+05:30,26495.09,26500.09,26483.96,26493.24,21618.0,0.1556,LOW_TOXICITY,0.000177,0.3249,BUY,1,1,0.5,1.0,1,VETO
2026-09-02 09:34:01.537682+05:30,26496.3,26518.57,26476.07,26514.11,18978.0,0.1556,LOW_TOXICITY,0.000235,0.3267,BUY,1,1,0.5,1.0,1,VETO
2026-09-02 09:35:01.537682+05:30,26539.77,26545.62,26525.01,26527.23,10169.0,0.1556,LOW_TOXICITY,0.000243,0.3078,BUY,1,1,0.5,1.0,1,VETO
2026-09-02 09:36:01.537682+05:30,26503.92,26522.37,26482.72,26512.71,16149.0,0.1556,LOW_TOXICITY,0.000143,0.3077,HOLD,0,0,0.5,1.0,1,APPROVED
2026-09-02 09:37:01.537682+05:30,26568.51,26614.41,26528.8,26563.18,8117.0,0.1556,LOW_TOXICITY,0.000216,0.3385,BUY,1,1,0.5,1.0,1,VETO
2026-09-02 09:38:01.537682+05:30,26567.84,26581.16,26545.89,26571.27,23327.0,0.1556,LOW_TOXICITY,0.000293,0.3323,BUY,1,1,0.5,1.0,1,VETO
2026-09-02 09:39:01.537682+05:30,26599.08,26616.17,26594.02,26609.25,13919.0,0.1556,LOW_TOXICITY,0.000334,0.3445,BUY,1,1,0.5,1.0,1,VETO
2026-09-02 09:40:01.537682+05:30,26604.12,26608.12,26601.6,26606.32,12565.0,0.1556,LOW_TOXICITY,0.000327,0.3376,BUY,1,1,0.5,1.0,1,VETO
2026-09-02 09:41:01.537682+05:30,26619.76,26638.95,26599.69,26621.21,12586.0,0.1556,LOW_TOXICITY,0.000355,0.3333,BUY,1,1,0.5,1.0,1,VETO
2026-09-02 09:42:01.537682+05:30,26639.18,26655.47,26607.96,26638.39,18198.0,0.1574,LOW_TOXICITY,0.000389,0.3304,BUY,1,1,0.5,1.0,1,VETO
2026-09-02 09:43:01.537682+05:30,26675.83,26697.83,26643.29,26660.73,14813.0,0.1574,LOW_TOXICITY,0.000453,0.3305,BUY,1,1,0.5,1.0,1,VETO
2026-09-02 09:44:01.537682+05:30,26688.07,26716.89,26675.43,26680.38,16627.0,0.1574,LOW_TOXICITY,0.000425,0.329,BUY,1,1,0.5,1.0,1,VETO
2026-09-02 09:45:01.537682+05:30,26694.86,26701.28,26681.9,26695.68,5970.0,0.1574,LOW_TOXICITY,0.000464,0.319,BUY,1,1,0.5,1.0,1,VETO
2026-09-02 09:46:01.537682+05:30,26687.51,26714.48,26671.79,26691.85,12711.0,0.1574,LOW_TOXICITY,0.000496,0.3138,BUY,1,1,0.5,1.0,1,VETO
2026-09-02 09:47:01.537682+05:30,26682.06,26693.12,26679.48,26683.22,10541.0,0.1574,LOW_TOXICITY,0.000489,0.3102,BUY,1,1,0.5,1.0,1,VETO
2026-09-02 09:48:01.537682+05:30,26706.87,26716.24,26685.22,26690.36,13509.0,0.1574,LOW_TOXICITY,0.000494,0.3057,BUY,1,1,0.5,1.0,1,VETO
2026-09-02 09:49:01.537682+05:30,26696.53,26726.34,26673.45,26706.7,12542.0,0.1574,LOW_TOXICITY,0.000482,0.3043,BUY,1,1,0.5,1.0,1,VETO
2026-09-02 09:50:01.537682+05:30,26702.9,26753.76,26671.15,26704.15,16290.0,0.1574,LOW_TOXICITY,0.000443,0.3002,BUY,1,1,0.5,1.0,1,VETO
2026-09-02 09:51:01.537682+05:30,26712.66,26726.36,26707.47,26726.35,9144.0,0.1574,LOW_TOXICITY,0.000535,0.3023,BUY,1,1,0.5,1.0,1,VETO
2026-09-02 09:52:01.537682+05:30,26757.83,26767.43,26738.91,26751.98,7756.0,0.1574,LOW_TOXICITY,0.000472,0.3063,BUY,1,1,0.5,1.0,1,VETO
2026-09-02 09:53:01.537682+05:30,26725.56,26747.36,26692.26,26733.14,26112.0,0.1574,LOW_TOXICITY,0.000405,0.3081,BUY,1,1,0.5,1.0,1,VETO
2026-09-02 09:54:01.537682+05:30,26718.82,26723.37,26709.09,26715.9,28825.0,0.1574,LOW_TOXICITY,0.000267,0.3087,BUY,1,1,0.5,1.0,1,VETO
2026-09-02 09:55:01.537682+05:30,26701.49,26723.38,26698.1,26714.04,7676.0,0.1574,LOW_TOXICITY,0.000269,0.2902,BUY,1,1,0.5,1.0,1,VETO
2026-09-02 09:56:01.537682+05:30,26717.68,26724.89,26708.24,26723.22,10307.0,0.1559,LOW_TOXICITY,0.000255,0.2862,BUY,1,1,0.5,1.0,1,VETO
2026-09-02 09:57:01.537682+05:30,26718.19,26734.8,26683.73,26710.62,21328.0,0.1559,LOW_TOXICITY,0.000181,0.2851,BUY,1,1,0.5,1.0,1,VETO
2026-09-02 09:58:01.537682+05:30,26769.81,26814.18,26733.11,26752.39,27914.0,0.1559,LOW_TOXICITY,0.000229,0.3056,BUY,1,1,0.5,1.0,1,VETO
2026-09-02 09:59:01.537682+05:30,26764.47,26767.62,26761.82,26766.86,3144.0,0.1559,LOW_TOXICITY,0.000216,0.3021,BUY,1,1,0.5,1.0,1,VETO
2026-09-02 10:00:01.537682+05:30,26783.95,26806.01,26758.13,26769.35,13014.0,0.1559,LOW_TOXICITY,0.000184,0.2963,BUY,1,1,0.5,1.0,1,VETO
2026-09-02 10:01:01.537682+05:30,26724.83,26732.99,26705.54,26727.09,7499.0,0.1559,LOW_TOXICITY,8.8e-05,0.3203,HOLD,0,0,0.5,1.0,1,APPROVED
2026-09-02 10:02:01.537682+05:30,26686.38,26698.64,26676.99,26693.25,17100.0,0.1559,LOW_TOXICITY,2.5e-05,0.3315,HOLD,0,0,0.5,1.0,1,APPROVED
2026-09-02 10:03:01.537682+05:30,26703.91,26724.92,26680.2,26702.27,19073.0,0.1559,LOW_TOXICITY,3e-05,0.3244,HOLD,0,0,0.5,1.0,1,APPROVED
2026-09-02 10:04:01.537682+05:30,26671.56,26736.92,26619.51,26645.08,13432.0,0.1559,LOW_TOXICITY,-0.000154,0.3644,SELL,1,1,0.8004,1.0,1,VETO
2026-09-02 10:05:01.537682+05:30,26685.67,26706.65,26652.83,26673.75,14311.0,0.1559,LOW_TOXICITY,-7.6e-05,0.3678,HOLD,0,0,0.5,1.0,1,APPROVED
2026-09-02 10:06:01.537682+05:30,26676.67,26679.58,26668.17,26670.83,16742.0,0.1559,LOW_TOXICITY,-0.000139,0.358,HOLD,0,0,0.5,1.0,1,APPROVED
2026-09-02 10:07:01.537682+05:30,26724.7,26745.08,26675.36,26740.6,18573.0,0.1559,LOW_TOXICITY,-2.8e-05,0.4054,HOLD,0,0,0.5,1.0,1,APPROVED
2026-09-02 10:08:01.537682+05:30,26778.94,26790.15,26761.38,26787.95,24715.0,0.1559,LOW_TOXICITY,0.000137,0.4165,HOLD,0,0,0.5,1.0,1,APPROVED
2026-09-02 10:09:01.537682+05:30,26777.94,26806.05,26762.24,26785.5,9452.0,0.1595,LOW_TOXICITY,0.000173,0.4033,BUY,1,1,0.5,1.0,1,VETO
2026-09-02 10:10:01.537682+05:30,26779.91,26806.81,26748.49,26784.51,16045.0,0.1595,LOW_TOXICITY,0.000176,0.3909,BUY,1,1,0.5,1.0,1,VETO
2026-09-02 10:11:01.537682+05:30,26808.46,26831.48,26800.79,26804.91,8584.0,0.1595,LOW_TOXICITY,0.000203,0.3834,BUY,1,1,0.5,1.0,1,VETO
2026-09-02 10:12:01.537682+05:30,26856.85,26889.28,26827.69,26846.95,8044.0,0.1595,LOW_TOXICITY,0.000339,0.3918,BUY,1,1,0.5,1.0,1,VETO
2026-09-02 10:13:01.537682+05:30,26824.85,26855.52,26774.75,26813.03,25691.0,0.1595,LOW_TOXICITY,0.000151,0.3951,BUY,1,1,0.5,1.0,1,VETO
2026-09-02 10:14:01.537682+05:30,26776.44,26802.84,26743.67,26769.46,7627.0,0.1595,LOW_TOXICITY,6e-06,0.4071,HOLD,0,0,0.5,1.0,1,APPROVED
2026-09-02 10:15:01.537682+05:30,26761.32,26774.91,26752.41,26754.1,7453.0,0.1595,LOW_TOXICITY,-3.8e-05,0.4006,HOLD,0,0,0.5,1.0,1,APPROVED
2026-09-02 10:16:01.537682+05:30,26792.82,26826.63,26746.29,26770.02,11247.0,0.1595,LOW_TOXICITY,0.000107,0.3907,HOLD,0,0,0.5,1.0,1,APPROVED
2026-09-02 10:17:01.537682+05:30,26791.57,26790.68,26771.84,26786.81,26726.0,0.1595,LOW_TOXICITY,0.000233,0.3818,BUY,1,1,0.5,1.0,1,VETO
2026-09-02 10:18:01.537682+05:30,26820.14,26842.76,26766.75,26817.4,43914.0,0.1595,LOW_TOXICITY,0.000287,0.3811,BUY,1,1,0.5,1.0,1,VETO
2026-09-02 10:19:01.537682+05:30,26773.08,26787.78,26743.88,26782.11,13491.0,0.1595,LOW_TOXICITY,0.000342,0.3869,BUY,1,1,0.5,1.0,1,VETO
2026-09-02 10:20:01.537682+05:30,26685.07,26712.66,26646.5,26705.24,8445.0,0.1595,LOW_TOXICITY,7.9e-05,0.4456,HOLD,0,0,0.5,1.0,1,APPROVED
2026-09-02 10:21:01.537682+05:30,26732.62,26741.48,26717.57,26733.61,16038.0,0.1558,LOW_TOXICITY,0.000157,0.4379,BUY,1,1,0.5,1.0,1,VETO
2026-09-02 10:22:01.537682+05:30,26713.18,26727.86,26696.32,26705.13,2602.0,0.1558,LOW_TOXICITY,-8.8e-05,0.433,HOLD,0,0,0.5,1.0,1,APPROVED
2026-09-02 10:23:01.537682+05:30,26620.86,26662.6,26590.69,26635.96,11954.0,0.1558,LOW_TOXICITY,-0.000379,0.4714,SELL,1,1,0.6115,1.0,1,VETO
2026-09-02 10:24:01.537682+05:30,26646.03,26666.26,26619.54,26642.46,20432.0,0.1558,LOW_TOXICITY,-0.000357,0.4547,SELL,1,1,0.7381,1.0,1,VETO
2026-09-02 10:25:01.537682+05:30,26691.04,26717.24,26668.47,26672.62,12268.0,0.1558,LOW_TOXICITY,-0.000279,0.4484,SELL,1,1,0.7422,1.0,1,VETO
2026-09-02 10:26:01.537682+05:30,26677.53,26683.67,26661.69,26669.59,5163.0,0.1558,LOW_TOXICITY,-0.000337,0.4331,SELL,1,1,0.7381,1.0,1,VETO
2026-09-02 10:27:01.537682+05:30,26668.01,26694.09,26642.42,26653.48,21659.0,0.1558,LOW_TOXICITY,-0.000482,0.4221,SELL,1,1,0.704,1.0,1,VETO
2026-09-02 10:28:01.537682+05:30,26656.69,26681.56,26633.2,26648.39,26697.0,0.1558,LOW_TOXICITY,-0.000411,0.4088,SELL,1,1,0.7147,1.0,1,VETO
2026-09-02 10:29:01.537682+05:30,26629.03,26638.07,26626.72,26637.01,17406.0,0.1558,LOW_TOXICITY,-0.000331,0.3979,SELL,1,1,0.7381,1.0,1,VETO
2026-09-02 10:30:01.537682+05:30,26600.53,26659.15,26543.68,26586.69,20498.0,0.1558,LOW_TOXICITY,-0.000418,0.4173,SELL,1,1,0.7368,1.0,1,VETO
2026-09-02 10:31:01.537682+05:30,26571.85,26577.89,26553.12,26564.69,24168.0,0.1558,LOW_TOXICITY,-0.000513,0.4102,SELL,1,1,0.6448,1.0,1,VETO
2026-09-02 10:32:01.537682+05:30,26576.66,26587.64,26570.06,26584.73,8738.0,0.1558,LOW_TOXICITY,-0.000505,0.4014,SELL,1,1,0.6516,1.0,1,VETO
2026-09-02 10:33:01.537682+05:30,26591.42,26604.86,26596.96,26598.71,21081.0,0.1558,LOW_TOXICITY,-0.000546,0.391,SELL,1,1,0.6516,1.0,1,VETO
2026-09-02 10:34:01.537682+05:30,26615.18,26669.23,26543.97,26606.0,11886.0,0.1573,LOW_TOXICITY,-0.00044,0.3799,SELL,1,1,0.7143,1.0,1,VETO
2026-09-02 10:35:01.537682+05:30,26565.32,26573.79,26565.07,26573.52,15609.0,0.1573,LOW_TOXICITY,-0.00033,0.382,SELL,1,1,0.7202,1.0,1,VETO
2026-09-02 10:36:01.537682+05:30,26570.95,26572.64,26567.19,26569.35,6982.0,0.1573,LOW_TOXICITY,-0.000411,0.3709,SELL,1,1,0.7272,1.0,1,VETO
2026-09-02 10:37:01.537682+05:30,26504.45,26508.23,26497.17,26506.07,13423.0,0.1573,LOW_TOXICITY,-0.000499,0.4136,SELL,1,1,0.7178,1.0,1,VETO
2026-09-02 10:38:01.537682+05:30,26522.79,26538.53,26504.45,26512.53,25868.0,0.1573,LOW_TOXICITY,-0.00031,0.4001,SELL,1,1,0.7663,1.0,1,VETO
2026-09-02 10:39:01.537682+05:30,26555.13,26561.94,26550.24,26558.78,26963.0,0.1573,LOW_TOXICITY,-0.00021,0.4123,SELL,1,1,0.7465,1.0,1,VETO
2026-09-02 10:47:02.425198+05:30,23860.25,23860.25,23759.78,23860.25,12701.0,0.1712,LOW_TOXICITY,-7e-05,1.3723,HOLD,0,0,0.5,0.039,-1,APPROVED
2026-09-02 10:47:02.666564+05:30,23858.75,23858.75,23758.29,23858.75,12701.0,0.1664,LOW_TOXICITY,-8.5e-05,0.6844,HOLD,0,0,0.5,0.038,-1,APPROVED
2026-09-02 10:47:03.243984+05:30,23861.3,23861.3,23760.83,23861.3,12701.0,0.1686,LOW_TOXICITY,-7e-05,1.6489,HOLD,0,0,0.5,0.039,-1,APPROVED
2026-09-02 10:47:03.677465+05:30,24000.0,24000.0,23758.59,24000.0,12701.0,0.1458,LOW_TOXICITY,0.0,0.8238,HOLD,0,0,0.5,0.077,-1,APPROVED
2026-09-02 10:47:06.137334+05:30,23859.9,23859.9,23759.43,23859.9,12701.0,0.1741,LOW_TOXICITY,-7.9e-05,1.2935,HOLD,0,0,0.5,0.039,-1,APPROVED
2026-09-02 10:47:06.972909+05:30,23861.75,23861.75,23759.43,23861.75,12701.0,0.1773,LOW_TOXICITY,-0.007253,1.1995,SELL,-1,-1,0.5,0.013,1,VETO
2026-09-02 10:48:00.253776+05:30,23859.8,23859.8,23759.33,23859.8,12701.0,0.1664,LOW_TOXICITY,-7.5e-05,0.7035,HOLD,0,0,0.5,0.039,-1,APPROVED
2026-09-02 10:48:03.677556+05:30,23860.55,23860.55,23760.08,23860.55,12701.0,0.1773,LOW_TOXICITY,-0.007373,1.1999,SELL,-1,-1,0.5,0.013,1,VETO
2026-09-02 10:48:04.980568+05:30,24000.0,24000.0,23898.94,24000.0,12701.0,0.1458,LOW_TOXICITY,0.0,0.8238,HOLD,0,0,0.5,0.077,-1,APPROVED
2026-09-02 10:48:05.426542+05:30,23859.55,23859.55,23759.08,23859.55,12701.0,0.1741,LOW_TOXICITY,-7.7e-05,1.2936,HOLD,0,0,0.5,0.038,-1,APPROVED
2026-09-02 10:48:07.031758+05:30,23860.1,23860.1,23759.63,23860.1,12701.0,0.1712,LOW_TOXICITY,-7.4e-05,1.3723,HOLD,0,0,0.5,0.039,-1,APPROVED
2026-09-02 10:48:07.832434+05:30,23861.3,23861.3,23760.83,23861.3,12701.0,0.1686,LOW_TOXICITY,-7e-05,1.6496,HOLD,0,0,0.5,0.039,-1,APPROVED
2026-09-02 10:49:00.355436+05:30,23863.9,23863.9,23763.42,23863.9,12701.0,0.1773,LOW_TOXICITY,-5.2e-05,1.1847,HOLD,0,0,0.5,0.014,1,APPROVED
2026-09-02 10:49:01.305749+05:30,23864.0,23922.06,23864.0,23864.0,12701.0,0.1458,LOW_TOXICITY,-5.9e-05,1.6118,HOLD,0,0,0.5,0.034,-1,APPROVED
2026-09-02 10:49:01.716132+05:30,23863.5,23863.5,23763.02,23863.5,12701.0,0.1664,LOW_TOXICITY,-6e-05,0.7198,HOLD,0,0,0.5,0.04,-1,APPROVED
2026-09-02 10:49:03.613483+05:30,23863.6,23863.6,23763.12,23863.6,12701.0,0.1712,LOW_TOXICITY,-5.4e-05,1.3723,HOLD,0,0,0.5,0.04,-1,APPROVED
2026-09-02 10:49:04.399512+05:30,23861.3,23861.3,23762.82,23861.3,12701.0,0.1686,LOW_TOXICITY,-6.2e-05,1.6503,HOLD,0,0,0.5,0.039,-1,APPROVED
2026-09-02 10:49:04.957958+05:30,23862.85,23862.85,23762.37,23862.85,12701.0,0.1741,LOW_TOXICITY,-5.8e-05,1.2936,HOLD,0,0,0.5,0.04,-1,APPROVED
2026-09-02 10:50:00.229484+05:30,23863.6,23863.6,23762.32,23863.6,12701.0,0.1712,LOW_TOXICITY,-4.6e-05,1.3723,HOLD,0,0,0.5,0.04,-1,APPROVED
2026-09-02 10:50:00.999559+05:30,23863.3,23863.3,23762.82,23863.3,12701.0,0.1686,LOW_TOXICITY,-4.9e-05,1.651,HOLD,0,0,0.5,0.04,-1,APPROVED
2026-09-02 10:50:02.623743+05:30,24000.0,24000.0,23898.94,24000.0,12701.0,0.1458,LOW_TOXICITY,0.00033,2.2052,BUY,-1,1,0.5537,0.077,-1,VETO
2026-09-02 10:50:02.796149+05:30,23862.2,23862.2,23761.72,23862.2,12701.0,0.1664,LOW_TOXICITY,-5.7e-05,0.69,HOLD,0,0,0.5,0.039,-1,APPROVED
2026-09-02 10:50:04.984737+05:30,23863.9,23863.9,23763.42,23863.9,12701.0,0.1773,LOW_TOXICITY,-5.2e-05,1.1846,HOLD,0,0,0.5,0.014,1,APPROVED
2026-09-02 10:50:04.507155+05:30,23863.5,23863.5,23763.02,23863.5,12701.0,0.1741,LOW_TOXICITY,-4.7e-05,1.2936,HOLD,0,0,0.5,0.04,-1,APPROVED
2026-09-02 10:51:00.379339+05:30,23869.2,23869.2,23768.69,23869.2,12701.0,0.1664,LOW_TOXICITY,-2.2e-05,0.7419,HOLD,0,0,0.5,0.042,-1,APPROVED
2026-09-02 10:51:01.561276+05:30,23869.25,23869.25,23768.74,23869.25,12701.0,0.1773,LOW_TOXICITY,-2.2e-05,1.1845,HOLD,0,0,0.5,0.015,1,APPROVED
2026-09-02 10:51:03.921375+05:30,24000.0,24000.0,23898.94,24000.0,12701.0,0.1458,LOW_TOXICITY,-0.0,0.8238,HOLD,0,0,0.5,0.077,-1,APPROVED
2026-09-02 10:51:04.144254+05:30,23869.5,23869.5,23768.99,23869.5,12701.0,0.1741,LOW_TOXICITY,-2e-05,1.2936,HOLD,0,0,0.5,0.042,-1,APPROVED
2026-09-02 10:51:04.945583+05:30,23862.8,23862.8,23767.8,23862.8,12701.0,0.1712,LOW_TOXICITY,-3.6e-05,1.2211,HOLD,0,0,0.5,0.04,-1,APPROVED
2026-09-02 10:51:05.617230+05:30,23863.3,23863.3,23762.82,23863.3,12701.0,0.1686,LOW_TOXICITY,-4.9e-05,1.6517,HOLD,0,0,0.5,0.04,-1,APPROVED
2026-09-02 10:52:00.391217+05:30,23863.85,23922.06,23863.85,23863.85,12701.0,0.1458,LOW_TOXICITY,-0.000379,1.6135,SELL,1,1,0.8744,0.034,-1,VETO
2026-09-02 10:52:01.687325+05:30,23864.65,23864.65,23764.16,23864.65,12701.0,0.1694,LOW_TOXICITY,-2.7e-05,1.2213,HOLD,0,0,0.5,0.04,-1,APPROVED
2026-09-02 10:52:02.238516+05:30,23863.3,23863.3,23762.82,23863.3,12701.0,0.1686,LOW_TOXICITY,-3.3e-05,1.6524,HOLD,0,0,0.5,0.04,-1,APPROVED
2026-09-02 10:52:01.782630+05:30,23863.3,23863.3,23762.82,23863.3,12701.0,0.1664,LOW_TOXICITY,-3e-05,0.667,HOLD,0,0,0.5,0.04,-1,APPROVED
2026-09-02 10:52:03.573803+05:30,23865.55,23865.55,23765.06,23865.55,12701.0,0.1741,LOW_TOXICITY,-2.9e-05,1.2304,HOLD,0,0,0.5,0.04,-1,APPROVED
2026-09-02 10:52:06.191823+05:30,23869.25,23869.25,23768.74,23869.25,12701.0,0.172,LOW_TOXICITY,-2.2e-05,1.1844,HOLD,0,0,0.5,0.015,1,APPROVED
2026-09-02 10:53:00.662821+05:30,23849.85,23849.85,23749.43,23849.85,12701.0,0.1664,LOW_TOXICITY,-7.2e-05,0.6393,HOLD,0,0,0.5,0.035,-1,APPROVED
2026-09-02 10:53:01.704483+05:30,23849.55,23922.06,23849.55,23849.55,12701.0,0.1458,LOW_TOXICITY,-0.000419,0.7701,SELL,1,1,0.8669,0.03,-1,VETO
2026-09-02 10:53:02.965330+05:30,23869.25,23869.25,23768.74,23869.25,12701.0,0.172,LOW_TOXICITY,-1.8e-05,1.1844,HOLD,0,0,0.5,0.015,1,APPROVED
2026-09-02 10:53:03.389470+05:30,23848.2,23848.2,23747.78,23848.2,12701.0,0.173,LOW_TOXICITY,-7.9e-05,1.2305,HOLD,0,0,0.5,0.035,-1,APPROVED
2026-09-02 10:53:06.380424+05:30,23847.75,23847.75,23747.33,23847.75,12701.0,0.1694,LOW_TOXICITY,-7.4e-05,1.2215,HOLD,0,0,0.5,0.035,-1,APPROVED
2026-09-02 10:53:06.870774+05:30,23863.3,23863.3,23762.82,23863.3,12701.0,0.1686,LOW_TOXICITY,-3.3e-05,1.653,HOLD,0,0,0.5,0.04,-1,APPROVED
2026-09-02 10:54:03.146313+05:30,23847.75,23847.75,23747.33,23847.75,12701.0,0.1694,LOW_TOXICITY,-6e-05,1.2217,HOLD,0,0,0.5,0.035,-1,APPROVED
2026-09-02 10:54:02.645328+05:30,23843.2,23843.2,23742.8,23843.2,12701.0,0.1627,LOW_TOXICITY,-7.5e-05,0.6568,HOLD,0,0,0.5,0.033,-1,APPROVED
2026-09-02 10:54:02.936390+05:30,23847.05,23847.05,23746.64,23847.05,12701.0,0.173,LOW_TOXICITY,-6.9e-05,1.2306,HOLD,0,0,0.5,0.035,-1,APPROVED
2026-09-02 10:54:03.579169+05:30,23863.3,23863.3,23762.82,23863.3,12701.0,0.1686,LOW_TOXICITY,-1.4e-05,1.6537,HOLD,0,0,0.5,0.04,-1,APPROVED
2026-09-02 10:54:03.082227+05:30,24000.0,24000.0,23898.94,24000.0,12701.0,0.1458,LOW_TOXICITY,-0.0,2.3809,HOLD,0,0,0.5,0.077,-1,APPROVED
2026-09-02 10:54:07.736573+05:30,23869.25,23869.25,23741.81,23869.25,12701.0,0.172,LOW_TOXICITY,2e-06,1.1843,HOLD,0,0,0.5,0.015,1,APPROVED
2026-09-02 10:55:00.353441+05:30,23855.95,23855.95,23755.5,23855.95,12701.0,0.1622,LOW_TOXICITY,-3.4e-05,1.2064,HOLD,0,0,0.5,0.037,-1,APPROVED
2026-09-02 10:55:01.348369+05:30,23855.9,23855.9,23755.45,23855.9,12701.0,0.1627,LOW_TOXICITY,-1.9e-05,0.7784,HOLD,0,0,0.5,0.037,-1,APPROVED
2026-09-02 10:55:02.495240+05:30,23855.2,23855.2,23754.75,23855.2,12701.0,0.173,LOW_TOXICITY,-2.1e-05,1.2307,HOLD,0,0,0.5,0.037,-1,APPROVED
2026-09-02 10:55:04.351998+05:30,23842.2,23842.2,23741.81,23842.2,12701.0,0.172,LOW_TOXICITY,-7.4e-05,1.1842,HOLD,0,0,0.5,0.007,1,APPROVED
2026-09-02 10:55:04.543641+05:30,24000.0,24000.0,23898.94,24000.0,12701.0,0.1458,LOW_TOXICITY,-0.0,0.8238,HOLD,0,0,0.5,0.077,-1,APPROVED
2026-09-02 10:55:07.824353+05:30,23855.4,23855.4,23754.95,23855.4,12701.0,0.1694,LOW_TOXICITY,-2.2e-05,1.2219,HOLD,0,0,0.5,0.037,-1,APPROVED
2026-09-02 10:56:01.028257+05:30,23856.85,23856.85,23756.4,23856.85,12701.0,0.172,LOW_TOXICITY,-3.3e-05,1.1841,HOLD,0,0,0.5,0.011,1,APPROVED
2026-09-02 10:56:00.833508+05:30,24000.0,24000.0,23898.94,24000.0,12701.0,0.1444,LOW_TOXICITY,0.000371,0.8238,BUY,1,1,0.8327,0.077,-1,APPROVED
2026-09-02 10:56:01.680636+05:30,23856.5,23856.5,23756.05,23856.5,12701.0,0.173,LOW_TOXICITY,-2.9e-05,1.2308,HOLD,0,0,0.5,0.038,-1,APPROVED
2026-09-02 10:56:02.617448+05:30,23856.2,23856.2,23756.84,23856.2,12701.0,0.1627,LOW_TOXICITY,-2.8e-05,0.6926,HOLD,0,0,0.5,0.037,-1,APPROVED
2026-09-02 10:56:04.472553+05:30,23857.4,23857.4,23756.94,23857.4,12701.0,0.1694,LOW_TOXICITY,-2.5e-05,1.2221,HOLD,0,0,0.5,0.038,-1,APPROVED
2026-09-02 10:56:05.003366+05:30,23855.95,23855.95,23755.5,23855.95,12701.0,0.1622,LOW_TOXICITY,-3.2e-05,1.2068,HOLD,0,0,0.5,0.037,-1,APPROVED
2026-09-02 10:57:00.439387+05:30,23862.55,23862.55,23762.07,23862.55,12701.0,0.1627,LOW_TOXICITY,-7e-06,0.7314,HOLD,0,0,0.5,0.039,-1,APPROVED
2026-09-02 10:57:01.109156+05:30,23857.4,23857.4,23756.94,23857.4,12701.0,0.1694,LOW_TOXICITY,-2.5e-05,1.2223,HOLD,0,0,0.5,0.038,-1,APPROVED
2026-09-02 10:57:00.806427+05:30,23862.75,23862.75,23762.27,23862.75,12701.0,0.173,LOW_TOXICITY,-9e-06,1.231,HOLD,0,0,0.5,0.039,-1,APPROVED
2026-09-02 10:57:01.653463+05:30,23855.95,23855.95,23755.5,23855.95,12701.0,0.1622,LOW_TOXICITY,-2.8e-05,1.2072,HOLD,0,0,0.5,0.037,-1,APPROVED
2026-09-02 10:57:02.770128+05:30,23862.85,23922.06,23862.85,23862.85,12701.0,0.1444,LOW_TOXICITY,-0.000382,1.4586,SELL,1,1,0.8744,0.034,-1,VETO
2026-09-02 10:57:05.638550+05:30,23863.2,23863.2,23762.72,23863.2,12701.0,0.172,LOW_TOXICITY,-1.3e-05,1.1841,HOLD,0,0,0.5,0.013,1,APPROVED
2026-09-02 10:58:02.233713+05:30,23863.2,23863.2,23762.72,23863.2,12701.0,0.172,LOW_TOXICITY,-1.3e-05,1.184,HOLD,0,0,0.5,0.013,1,APPROVED
2026-09-02 10:58:01.760683+05:30,23860.05,23860.05,23759.58,23860.05,12701.0,0.1627,LOW_TOXICITY,-1.6e-05,0.677,HOLD,0,0,0.5,0.039,-1,APPROVED
2026-09-02 10:58:04.106731+05:30,23860.3,23922.06,23860.3,23860.3,12701.0,0.1444,LOW_TOXICITY,-0.000389,1.4593,SELL,1,1,0.919,0.033,-1,VETO
2026-09-02 10:58:05.726444+05:30,23860.95,23860.95,23760.48,23860.95,12701.0,0.1694,LOW_TOXICITY,-1.1e-05,1.2225,HOLD,0,0,0.5,0.039,-1,APPROVED
2026-09-02 10:58:06.294585+05:30,23855.95,23855.95,23755.5,23855.95,12701.0,0.1622,LOW_TOXICITY,-2.3e-05,1.2076,HOLD,0,0,0.5,0.037,-1,APPROVED
2026-09-02 10:58:06.310667+05:30,23861.4,23861.4,23760.93,23861.4,12701.0,0.173,LOW_TOXICITY,-1.5e-05,1.2311,HOLD,0,0,0.5,0.039,-1,APPROVED
2026-09-02 10:59:00.347521+05:30,24000.0,24000.0,23898.94,24000.0,12701.0,0.1444,LOW_TOXICITY,-0.0,1.46,HOLD,0,0,0.5,0.077,-1,APPROVED
2026-09-02 10:59:02.332519+05:30,23859.05,23859.05,23758.59,23859.05,12701.0,0.1694,LOW_TOXICITY,-1.7e-05,1.2227,HOLD,0,0,0.5,0.038,-1,APPROVED
2026-09-02 10:59:02.954953+05:30,23855.95,23855.95,23759.38,23855.95,12701.0,0.1622,LOW_TOXICITY,-2.3e-05,1.2079,HOLD,0,0,0.5,0.037,-1,APPROVED
2026-09-02 10:59:03.321332+05:30,23858.65,23858.65,23758.19,23858.65,12701.0,0.1627,LOW_TOXICITY,-9e-06,0.683,HOLD,0,0,0.5,0.038,-1,APPROVED
2026-09-02 10:59:05.570315+05:30,23860.7,23860.7,23760.23,23860.7,12701.0,0.173,LOW_TOXICITY,-1.1e-05,1.2312,HOLD,0,0,0.5,0.039,-1,APPROVED
2026-09-02 10:59:06.856507+05:30,23862.1,23862.1,23761.62,23862.1,12701.0,0.172,LOW_TOXICITY,1e-06,1.3988,HOLD,0,0,0.5,0.013,1,APPROVED
2026-09-02 11:00:01.300647+05:30,23860.6,23860.6,23760.13,23860.6,12701.0,0.1627,LOW_TOXICITY,-5e-06,0.7025,HOLD,0,0,0.5,0.039,-1,APPROVED
2026-09-02 11:00:01.642723+05:30,24000.0,24000.0,23898.94,24000.0,12701.0,0.1444,LOW_TOXICITY,-0.0,1.4607,HOLD,0,0,0.5,0.077,-1,APPROVED
2026-09-02 11:00:03.543196+05:30,23862.1,23862.1,23759.93,23862.1,12701.0,0.172,LOW_TOXICITY,1e-06,1.3991,HOLD,0,0,0.5,0.013,1,APPROVED
2026-09-02 11:00:04.785599+05:30,23861.25,23861.25,23760.78,23861.25,12701.0,0.173,LOW_TOXICITY,-3e-06,1.2313,HOLD,0,0,0.5,0.039,-1,APPROVED
2026-09-02 11:00:06.944695+05:30,23861.2,23861.2,23760.73,23861.2,12701.0,0.1694,LOW_TOXICITY,-1e-06,1.2229,HOLD,0,0,0.5,0.039,-1,APPROVED
2026-09-02 11:00:07.610937+05:30,23859.85,23859.85,23761.08,23859.85,12701.0,0.1622,LOW_TOXICITY,-1.3e-05,1.2083,HOLD,0,0,0.5,0.039,-1,APPROVED
2026-09-02 11:01:00.190618+05:30,23860.1,23860.1,23759.63,23860.1,12701.0,0.172,LOW_TOXICITY,-5e-06,1.3994,HOLD,0,0,0.5,0.012,1,APPROVED
2026-09-02 11:01:00.626948+05:30,23859.85,23859.85,23760.33,23859.85,12701.0,0.1627,LOW_TOXICITY,-3e-06,0.6866,HOLD,0,0,0.5,0.039,-1,APPROVED
2026-09-02 11:01:02.983794+05:30,23860.0,23922.06,23860.0,23860.0,12701.0,0.1444,LOW_TOXICITY,-0.00039,1.4614,SELL,1,1,0.8744,0.033,-1,VETO
2026-09-02 11:01:03.677535+05:30,23861.2,23861.2,23760.73,23861.2,12701.0,0.1639,LOW_TOXICITY,-1e-06,1.4739,HOLD,0,0,0.5,0.039,-1,APPROVED
2026-09-02 11:01:04.302290+05:30,23860.75,23860.75,23760.28,23860.75,12701.0,0.1622,LOW_TOXICITY,-2e-06,1.2087,HOLD,0,0,0.5,0.039,-1,APPROVED
2026-09-02 11:01:04.171922+05:30,23861.25,23861.25,23760.78,23861.25,12701.0,0.173,LOW_TOXICITY,1e-06,1.2314,HOLD,0,0,0.5,0.039,-1,APPROVED
2026-09-02 11:02:00.415868+05:30,23851.55,23851.55,23751.12,23851.55,12701.0,0.1639,LOW_TOXICITY,-2.4e-05,1.4743,HOLD,0,0,0.5,0.036,-1,APPROVED
2026-09-02 11:02:00.949742+05:30,23860.75,23860.75,23760.28,23860.75,12701.0,0.1622,LOW_TOXICITY,-2e-06,1.209,HOLD,0,0,0.5,0.039,-1,APPROVED
2026-09-02 11:02:02.483847+05:30,23851.25,23851.25,23750.82,23851.25,12701.0,0.1627,LOW_TOXICITY,-2.1e-05,0.6486,HOLD,0,0,0.5,0.036,-1,APPROVED
2026-09-02 11:02:03.770069+05:30,23850.7,23850.7,23750.27,23850.7,12701.0,0.1652,LOW_TOXICITY,-2.6e-05,2.2865,HOLD,0,0,0.5,0.036,-1,APPROVED
2026-09-02 11:02:04.830958+05:30,23860.1,23860.1,23750.17,23860.1,12701.0,0.1673,LOW_TOXICITY,-5e-06,1.3997,HOLD,0,0,0.5,0.012,1,APPROVED
2026-09-02 11:02:04.325942+05:30,24000.0,24000.0,23898.94,24000.0,12701.0,0.1444,LOW_TOXICITY,-0.0,1.4621,HOLD,0,0,0.5,0.077,-1,APPROVED
2026-09-02 11:03:00.311132+05:30,23843.15,23843.15,23742.75,23843.15,12701.0,0.1627,LOW_TOXICITY,-4.7e-05,0.6506,HOLD,0,0,0.5,0.033,-1,APPROVED
2026-09-02 11:03:00.702078+05:30,24000.0,24000.0,23898.94,24000.0,12701.0,0.1444,LOW_TOXICITY,-0.0,1.4628,HOLD,0,0,0.5,0.077,-1,APPROVED
2026-09-02 11:03:01.495602+05:30,23844.45,23844.45,23744.05,23844.45,12701.0,0.1673,LOW_TOXICITY,-4.5e-05,1.4,HOLD,0,0,0.5,0.008,1,APPROVED
2026-09-02 11:03:03.113927+05:30,23844.2,23844.2,23743.8,23844.2,12701.0,0.1652,LOW_TOXICITY,-4.3e-05,2.2876,HOLD,0,0,0.5,0.034,-1,APPROVED
2026-09-02 11:03:05.112098+05:30,23851.55,23851.55,23743.7,23851.55,12701.0,0.1639,LOW_TOXICITY,-2.4e-05,1.4746,HOLD,0,0,0.5,0.036,-1,APPROVED
2026-09-02 11:03:05.651512+05:30,23860.75,23860.75,23760.28,23860.75,12701.0,0.1622,LOW_TOXICITY,-2e-06,1.2094,HOLD,0,0,0.5,0.039,-1,APPROVED
2026-09-02 11:04:01.707204+05:30,23844.1,23844.1,23743.7,23844.1,12701.0,0.1639,LOW_TOXICITY,-5.4e-05,1.475,HOLD,0,0,0.5,0.034,-1,APPROVED
2026-09-02 11:04:01.641493+05:30,23843.1,23843.1,23742.7,23843.1,12701.0,0.1627,LOW_TOXICITY,-5.7e-05,1.5714,HOLD,0,0,0.5,0.033,-1,APPROVED
2026-09-02 11:04:02.223375+05:30,23860.75,23860.75,23742.8,23860.75,12701.0,0.1622,LOW_TOXICITY,-2e-06,1.2098,HOLD,0,0,0.5,0.039,-1,APPROVED
2026-09-02 11:04:02.018507+05:30,24000.0,24000.0,23898.94,24000.0,12701.0,0.1444,LOW_TOXICITY,0.000379,1.4635,BUY,1,1,0.8772,0.077,-1,APPROVED
2026-09-02 11:04:02.405508+05:30,23844.7,23844.7,23744.3,23844.7,12701.0,0.1652,LOW_TOXICITY,-5.1e-05,2.2887,HOLD,0,0,0.5,0.034,-1,APPROVED
2026-09-02 11:04:06.159903+05:30,23844.45,23844.45,23744.05,23844.45,12701.0,0.1673,LOW_TOXICITY,-5.4e-05,1.4002,HOLD,0,0,0.5,0.008,1,APPROVED
2026-09-02 11:05:01.579621+05:30,23836.8,23836.8,23736.43,23836.8,12701.0,0.1652,LOW_TOXICITY,-7.5e-05,2.2898,HOLD,0,0,0.5,0.031,-1,APPROVED
2026-09-02 11:05:02.789822+05:30,23844.45,23844.45,23744.05,23844.45,12701.0,0.1673,LOW_TOXICITY,-5.4e-05,1.4005,HOLD,0,0,0.5,0.008,1,APPROVED
2026-09-02 11:05:03.092046+05:30,23837.25,23837.25,23736.43,23837.25,12701.0,0.1627,LOW_TOXICITY,-7e-05,1.5717,HOLD,0,0,0.5,0.031,-1,APPROVED
2026-09-02 11:05:03.937242+05:30,24000.0,24000.0,23736.58,24000.0,12701.0,0.1444,LOW_TOXICITY,-0.0,1.4641,HOLD,0,0,0.5,0.077,-1,APPROVED
2026-09-02 11:05:06.363543+05:30,23837.15,23837.15,23736.78,23837.15,12701.0,0.1639,LOW_TOXICITY,-7.4e-05,1.4754,HOLD,0,0,0.5,0.031,-1,APPROVED
2026-09-02 11:05:06.878618+05:30,23843.2,23843.2,23742.8,23843.2,12701.0,0.1569,LOW_TOXICITY,-5.6e-05,0.6297,HOLD,0,0,0.5,0.033,-1,APPROVED
2026-09-02 11:06:00.229270+05:30,24000.0,24000.0,23898.94,24000.0,12701.0,0.1367,LOW_TOXICITY,-0.0,1.4648,HOLD,0,0,0.5,0.077,-1,APPROVED
2026-09-02 11:06:00.969508+05:30,23835.55,23835.55,23735.19,23835.55,12701.0,0.1627,LOW_TOXICITY,-9.4e-05,1.572,HOLD,0,0,0.5,0.031,-1,APPROVED
2026-09-02 11:06:01.013805+05:30,23834.9,23834.9,23734.54,23834.9,12701.0,0.1652,LOW_TOXICITY,-9.7e-05,2.2909,HOLD,0,0,0.5,0.031,-1,APPROVED
2026-09-02 11:06:02.968673+05:30,23834.95,23834.95,23734.59,23834.95,12701.0,0.1639,LOW_TOXICITY,-7.8e-05,1.4758,HOLD,0,0,0.5,0.031,-1,APPROVED
2026-09-02 11:06:03.537721+05:30,23843.2,23843.2,23742.8,23843.2,12701.0,0.1569,LOW_TOXICITY,-5.6e-05,0.6983,HOLD,0,0,0.5,0.033,-1,APPROVED
2026-09-02 11:06:07.396684+05:30,23835.75,23835.75,23735.39,23835.75,12701.0,0.1673,LOW_TOXICITY,-9.4e-05,1.4008,HOLD,0,0,0.5,0.005,1,APPROVED
2026-09-02 11:07:00.141555+05:30,23843.2,23843.2,23742.8,23843.2,12701.0,0.1569,LOW_TOXICITY,-5.6e-05,0.6983,HOLD,0,0,0.5,0.033,-1,APPROVED
2026-09-02 11:07:00.101283+05:30,23833.0,23833.0,23732.65,23833.0,12701.0,0.1652,LOW_TOXICITY,-9.1e-05,2.292,HOLD,0,0,0.5,0.03,-1,APPROVED
2026-09-02 11:07:01.707816+05:30,23833.9,23922.06,23833.9,23833.9,12701.0,0.1367,LOW_TOXICITY,-8.4e-05,1.1962,HOLD,0,0,0.5,0.025,-1,APPROVED
2026-09-02 11:07:02.095139+05:30,23832.85,23832.85,23732.5,23832.85,12701.0,0.1627,LOW_TOXICITY,-8.5e-05,1.5723,HOLD,0,0,0.5,0.03,-1,APPROVED
2026-09-02 11:07:03.965523+05:30,23834.05,23834.05,23733.69,23834.05,12701.0,0.1673,LOW_TOXICITY,-9.8e-05,1.401,HOLD,0,0,0.5,0.004,1,APPROVED
2026-09-02 11:07:07.570616+05:30,23834.95,23834.95,23734.59,23834.95,12701.0,0.1639,LOW_TOXICITY,-8.3e-05,1.4761,HOLD,0,0,0.5,0.031,-1,APPROVED
2026-09-02 11:08:00.769879+05:30,23839.65,23839.65,23739.27,23839.65,12701.0,0.1673,LOW_TOXICITY,-8.3e-05,1.4013,HOLD,0,0,0.5,0.006,1,APPROVED
2026-09-02 11:08:01.098300+05:30,23839.45,23839.45,23736.83,23839.45,12701.0,0.1627,LOW_TOXICITY,-2.9e-05,1.5725,HOLD,0,0,0.5,0.032,-1,APPROVED
2026-09-02 11:08:03.192071+05:30,23838.15,23922.06,23838.15,23838.15,12701.0,0.1367,LOW_TOXICITY,-3.2e-05,1.1966,HOLD,0,0,0.5,0.026,-1,APPROVED
2026-09-02 11:08:04.270568+05:30,23834.95,23834.95,23737.33,23834.95,12701.0,0.1639,LOW_TOXICITY,-3.6e-05,1.4765,HOLD,0,0,0.5,0.031,-1,APPROVED
2026-09-02 11:08:04.787542+05:30,23843.2,23843.2,23742.8,23843.2,12701.0,0.1569,LOW_TOXICITY,-5.6e-05,0.6983,HOLD,0,0,0.5,0.033,-1,APPROVED
2026-09-02 11:08:05.957527+05:30,23836.8,23836.8,23736.43,23836.8,12701.0,0.1652,LOW_TOXICITY,-3.2e-05,2.293,HOLD,0,0,0.5,0.031,-1,APPROVED
2026-09-02 11:09:00.968938+05:30,23836.15,23836.15,23735.78,23836.15,12701.0,0.1639,LOW_TOXICITY,-3.2e-05,1.4769,HOLD,0,0,0.5,0.031,-1,APPROVED
2026-09-02 11:09:01.437927+05:30,23843.2,23843.2,23742.8,23843.2,12701.0,0.1569,LOW_TOXICITY,-5.6e-05,0.6983,HOLD,0,0,0.5,0.033,-1,APPROVED
2026-09-02 11:09:03.029752+05:30,23834.3,23834.3,23733.94,23834.3,12701.0,0.1627,LOW_TOXICITY,-2.5e-05,1.5728,HOLD,0,0,0.5,0.03,-1,APPROVED
2026-09-02 11:09:04.472134+05:30,24000.0,24000.0,23898.94,24000.0,12701.0,0.1367,LOW_TOXICITY,-0.0,1.197,HOLD,0,0,0.5,0.077,-1,APPROVED
2026-09-02 11:09:05.323571+05:30,23833.85,23833.85,23733.49,23833.85,12701.0,0.1673,LOW_TOXICITY,-9.9e-05,1.991,HOLD,0,0,0.5,0.004,1,APPROVED
2026-09-02 11:09:05.578869+05:30,23836.8,23836.8,23734.04,23836.8,12701.0,0.1652,LOW_TOXICITY,-2.9e-05,2.2941,HOLD,0,0,0.5,0.031,-1,APPROVED
2026-09-02 11:10:00.834874+05:30,23830.6,23830.6,23730.26,23830.6,12701.0,0.1627,LOW_TOXICITY,-7.1e-05,1.5731,HOLD,0,0,0.5,0.029,-1,APPROVED
2026-09-02 11:10:00.787224+05:30,24000.0,24000.0,23898.94,24000.0,12701.0,0.1367,LOW_TOXICITY,-0.0,1.1973,HOLD,0,0,0.5,0.077,-1,APPROVED
2026-09-02 11:10:01.948714+05:30,23832.3,23832.3,23731.95,23832.3,12701.0,0.1673,LOW_TOXICITY,-2.8e-05,1.9917,HOLD,0,0,0.5,0.004,1,APPROVED
2026-09-02 11:10:04.643154+05:30,23831.45,23831.45,23731.1,23831.45,12701.0,0.1652,LOW_TOXICITY,-6.6e-05,2.2952,HOLD,0,0,0.5,0.03,-1,APPROVED
2026-09-02 11:10:05.558121+05:30,23836.15,23836.15,23730.85,23836.15,12701.0,0.1639,LOW_TOXICITY,-5.4e-05,1.4773,HOLD,0,0,0.5,0.031,-1,APPROVED
2026-09-02 11:10:06.150034+05:30,23843.2,23843.2,23742.8,23843.2,12701.0,0.1569,LOW_TOXICITY,-3.6e-05,0.6983,HOLD,0,0,0.5,0.033,-1,APPROVED
2026-09-02 11:11:01.635297+05:30,23831.45,23831.45,23731.1,23831.45,12701.0,0.1627,LOW_TOXICITY,-6.9e-05,1.5734,HOLD,0,0,0.5,0.03,-1,APPROVED
2026-09-02 11:11:02.173719+05:30,23831.2,23831.2,23730.85,23831.2,12701.0,0.1639,LOW_TOXICITY,-7.3e-05,1.0938,HOLD,0,0,0.5,0.029,-1,APPROVED
2026-09-02 11:11:02.730084+05:30,23843.2,23843.2,23742.8,23843.2,12701.0,0.1569,LOW_TOXICITY,-3.6e-05,0.6983,HOLD,0,0,0.5,0.033,-1,APPROVED
2026-09-02 11:11:02.093812+05:30,24000.0,24000.0,23898.94,24000.0,12701.0,0.1367,LOW_TOXICITY,-0.0,1.1977,HOLD,0,0,0.5,0.077,-1,APPROVED
2026-09-02 11:11:02.927251+05:30,23831.45,23831.45,23731.1,23831.45,12701.0,0.1652,LOW_TOXICITY,-7e-05,2.2963,HOLD,0,0,0.5,0.03,-1,APPROVED
2026-09-02 11:11:06.561876+05:30,23832.3,23832.3,23731.95,23832.3,12701.0,0.167,LOW_TOXICITY,-6.9e-05,1.9925,HOLD,0,0,0.5,0.004,1,APPROVED
2026-09-02 11:12:00.911027+05:30,23831.45,23831.45,23731.1,23831.45,12701.0,0.1639,LOW_TOXICITY,-8.8e-05,0.6966,HOLD,0,0,0.5,0.03,-1,APPROVED
2026-09-02 11:12:02.098483+05:30,23831.45,23831.45,23731.1,23831.45,12701.0,0.1627,LOW_TOXICITY,-8.7e-05,1.5737,HOLD,0,0,0.5,0.03,-1,APPROVED
2026-09-02 11:12:03.133495+05:30,23832.3,23832.3,23731.95,23832.3,12701.0,0.167,LOW_TOXICITY,-8.6e-05,1.9933,HOLD,0,0,0.5,0.004,1,APPROVED
2026-09-02 11:12:03.373137+05:30,24000.0,24000.0,23898.94,24000.0,12701.0,0.1367,LOW_TOXICITY,0.000382,1.1981,BUY,1,1,0.7156,0.077,-1,APPROVED
2026-09-02 11:12:06.770702+05:30,23831.2,23831.2,23730.85,23831.2,12701.0,0.1639,LOW_TOXICITY,-7.3e-05,1.0938,HOLD,0,0,0.5,0.029,-1,APPROVED
2026-09-02 11:12:07.317699+05:30,23843.2,23843.2,23742.8,23843.2,12701.0,0.1569,LOW_TOXICITY,-3.6e-05,0.6983,HOLD,0,0,0.5,0.033,-1,APPROVED
2026-09-02 11:13:00.227870+05:30,24000.0,24000.0,23898.94,24000.0,12701.0,0.1367,LOW_TOXICITY,0.000389,1.1985,BUY,1,1,0.7156,0.077,-1,APPROVED
2026-09-02 11:13:02.628598+05:30,23831.45,23831.45,23731.1,23831.45,12701.0,0.1588,LOW_TOXICITY,-8e-05,1.5739,HOLD,0,0,0.5,0.03,-1,APPROVED
2026-09-02 11:13:03.337114+05:30,23831.2,23831.2,23730.85,23831.2,12701.0,0.1639,LOW_TOXICITY,-8.3e-05,1.0938,HOLD,0,0,0.5,0.029,-1,APPROVED
2026-09-02 11:13:03.886185+05:30,23843.2,23843.2,23742.8,23843.2,12701.0,0.1569,LOW_TOXICITY,-3.6e-05,0.6983,HOLD,0,0,0.5,0.033,-1,APPROVED
2026-09-02 11:13:05.270613+05:30,23831.45,23831.45,23731.1,23831.45,12701.0,0.1639,LOW_TOXICITY,-8.4e-05,0.6966,HOLD,0,0,0.5,0.03,-1,APPROVED
2026-09-02 11:13:07.737701+05:30,23832.3,23832.3,23731.95,23832.3,12701.0,0.167,LOW_TOXICITY,-8.6e-05,1.9941,HOLD,0,0,0.5,0.004,1,APPROVED
2026-09-02 11:14:00.494939+05:30,23843.2,23843.2,23742.8,23843.2,12701.0,0.1567,LOW_TOXICITY,-3.6e-05,0.6983,HOLD,0,0,0.5,0.033,-1,APPROVED
2026-09-02 11:14:02.082488+05:30,24000.0,24000.0,23898.94,24000.0,12701.0,0.1367,LOW_TOXICITY,-0.0,1.1989,HOLD,0,0,0.5,0.077,-1,APPROVED
2026-09-02 11:14:03.133175+05:30,23831.45,23831.45,23731.1,23831.45,12701.0,0.1639,LOW_TOXICITY,-8.2e-05,0.6966,HOLD,0,0,0.5,0.03,-1,APPROVED
2026-09-02 11:14:03.261367+05:30,23831.45,23831.45,23731.1,23831.45,12701.0,0.1588,LOW_TOXICITY,-7.6e-05,1.5444,HOLD,0,0,0.5,0.03,-1,APPROVED
2026-09-02 11:14:04.300756+05:30,23832.3,23832.3,23731.95,23832.3,12701.0,0.167,LOW_TOXICITY,-8.3e-05,1.9948,HOLD,0,0,0.5,0.004,1,APPROVED
2026-09-02 11:14:07.926370+05:30,23831.2,23831.2,23730.85,23831.2,12701.0,0.1639,LOW_TOXICITY,-7.8e-05,1.0938,HOLD,0,0,0.5,0.029,-1,APPROVED
2026-09-02 11:15:00.890491+05:30,23832.3,23832.3,23731.95,23832.3,12701.0,0.167,LOW_TOXICITY,-8.3e-05,1.9956,HOLD,0,0,0.5,0.004,1,APPROVED
2026-09-02 11:15:00.672565+05:30,23831.45,23831.45,23731.1,23831.45,12701.0,0.1588,LOW_TOXICITY,-8.1e-05,1.5451,HOLD,0,0,0.5,0.03,-1,APPROVED
2026-09-02 11:15:00.969538+05:30,23831.45,23831.45,23731.1,23831.45,12701.0,0.1639,LOW_TOXICITY,-8.3e-05,0.6966,HOLD,0,0,0.5,0.03,-1,APPROVED
2026-09-02 11:15:03.331611+05:30,24000.0,24000.0,23898.94,24000.0,12701.0,0.1273,LOW_TOXICITY,-0.0,1.1993,HOLD,0,0,0.5,0.077,-1,APPROVED
2026-09-02 11:15:04.481242+05:30,23831.2,23831.2,23730.85,23831.2,12701.0,0.1639,LOW_TOXICITY,-8.4e-05,1.0938,HOLD,0,0,0.5,0.029,-1,APPROVED
2026-09-02 11:15:05.043328+05:30,23843.2,23843.2,23742.8,23843.2,12701.0,0.1567,LOW_TOXICITY,-4.7e-05,1.3476,HOLD,0,0,0.5,0.033,-1,APPROVED
2026-09-02 11:16:01.126427+05:30,23831.2,23831.2,23730.85,23831.2,12701.0,0.1639,LOW_TOXICITY,-8.4e-05,1.0938,HOLD,0,0,0.5,0.029,-1,APPROVED
2026-09-02 11:16:01.695222+05:30,23843.2,23843.2,23742.8,23843.2,12701.0,0.1567,LOW_TOXICITY,-4.9e-05,1.3479,HOLD,0,0,0.5,0.033,-1,APPROVED
2026-09-02 11:16:01.504792+05:30,23831.45,23831.45,23731.1,23831.45,12701.0,0.1588,LOW_TOXICITY,-7.9e-05,1.5459,HOLD,0,0,0.5,0.03,-1,APPROVED
2026-09-02 11:16:04.611404+05:30,24000.0,24000.0,23898.94,24000.0,12701.0,0.1273,LOW_TOXICITY,0.00039,1.1996,BUY,1,1,0.7156,0.077,-1,APPROVED
2026-09-02 11:16:05.527230+05:30,23832.3,23832.3,23731.95,23832.3,12701.0,0.167,LOW_TOXICITY,-7.8e-05,1.9964,HOLD,0,0,0.5,0.004,1,APPROVED
2026-09-02 11:16:05.326075+05:30,23831.45,23831.45,23731.1,23831.45,12701.0,0.1639,LOW_TOXICITY,-8.3e-05,0.6966,HOLD,0,0,0.5,0.03,-1,APPROVED
2026-09-02 11:17:02.248650+05:30,23832.3,23832.3,23731.95,23832.3,12701.0,0.167,LOW_TOXICITY,-7.8e-05,1.9972,HOLD,0,0,0.5,0.004,1,APPROVED
2026-09-02 11:17:01.549331+05:30,24000.0,24000.0,23898.94,24000.0,12701.0,0.1273,LOW_TOXICITY,-0.0,1.4862,HOLD,0,0,0.5,0.077,-1,APPROVED
2026-09-02 11:17:02.026837+05:30,23831.45,23831.45,23731.1,23831.45,12701.0,0.1588,LOW_TOXICITY,-5.5e-05,1.5466,HOLD,0,0,0.5,0.03,-1,APPROVED
2026-09-02 11:17:03.735326+05:30,23831.45,23831.45,23731.1,23831.45,12701.0,0.1639,LOW_TOXICITY,-5.4e-05,0.6966,HOLD,0,0,0.5,0.03,-1,APPROVED
2026-09-02 11:17:05.716084+05:30,23831.2,23831.2,23730.85,23831.2,12701.0,0.1639,LOW_TOXICITY,-5.7e-05,1.0938,HOLD,0,0,0.5,0.029,-1,APPROVED
2026-09-02 11:17:06.316286+05:30,23843.2,23843.2,23742.8,23843.2,12701.0,0.1567,LOW_TOXICITY,-4.9e-05,1.3482,HOLD,0,0,0.5,0.033,-1,APPROVED
2026-09-02 11:18:02.296627+05:30,23831.2,23831.2,23730.85,23831.2,12701.0,0.1639,LOW_TOXICITY,-5.7e-05,1.0938,HOLD,0,0,0.5,0.029,-1,APPROVED
2026-09-02 11:18:01.802115+05:30,23831.45,23831.45,23731.1,23831.45,12701.0,0.1639,LOW_TOXICITY,-3.6e-05,0.6966,HOLD,0,0,0.5,0.03,-1,APPROVED
2026-09-02 11:18:02.922341+05:30,23843.2,23843.2,23742.8,23843.2,12701.0,0.1567,LOW_TOXICITY,-4.9e-05,1.3484,HOLD,0,0,0.5,0.033,-1,APPROVED
2026-09-02 11:18:02.745151+05:30,23831.45,23831.45,23731.1,23831.45,12701.0,0.1588,LOW_TOXICITY,-3.3e-05,1.5473,HOLD,0,0,0.5,0.03,-1,APPROVED
2026-09-02 11:18:02.906672+05:30,24000.0,24000.0,23898.94,24000.0,12701.0,0.1273,LOW_TOXICITY,-0.0,1.4868,HOLD,0,0,0.5,0.077,-1,APPROVED
2026-09-02 11:18:06.887634+05:30,23832.3,23832.3,23731.95,23832.3,12701.0,0.167,LOW_TOXICITY,-3.4e-05,1.9979,HOLD,0,0,0.5,0.004,1,APPROVED
2026-09-02 11:19:00.400326+05:30,23839.15,23839.15,23738.77,23839.15,12701.0,0.1588,LOW_TOXICITY,-1.1e-05,1.548,HOLD,0,0,0.5,0.032,-1,APPROVED
2026-09-02 11:19:00.545120+05:30,23834.5,23834.5,23734.14,23834.5,12701.0,0.1639,LOW_TOXICITY,-2.9e-05,0.7153,HOLD,0,0,0.5,0.031,-1,APPROVED
2026-09-02 11:19:03.586526+05:30,23839.0,23839.0,23738.62,23839.0,12701.0,0.167,LOW_TOXICITY,-1.5e-05,1.3584,HOLD,0,0,0.5,0.006,1,APPROVED
2026-09-02 11:19:04.186245+05:30,24000.0,24000.0,23898.94,24000.0,12701.0,0.1273,LOW_TOXICITY,-0.0,1.4875,HOLD,0,0,0.5,0.077,-1,APPROVED
2026-09-02 11:19:06.885560+05:30,23840.05,23840.05,23739.67,23840.05,12701.0,0.1639,LOW_TOXICITY,-1.1e-05,1.0938,HOLD,0,0,0.5,0.032,-1,APPROVED
2026-09-02 11:19:07.514916+05:30,23843.2,23843.2,23738.57,23843.2,12701.0,0.1567,LOW_TOXICITY,-4.9e-05,1.3487,HOLD,0,0,0.5,0.033,-1,APPROVED
2026-09-02 11:20:00.266786+05:30,23839.0,23839.0,23738.62,23839.0,12701.0,0.167,LOW_TOXICITY,-1.5e-05,1.3589,HOLD,0,0,0.5,0.006,1,APPROVED
2026-09-02 11:20:00.510046+05:30,23834.45,23922.06,23834.45,23834.45,12701.0,0.1273,LOW_TOXICITY,-0.000461,1.4882,SELL,1,1,0.7264,0.025,-1,VETO
2026-09-02 11:20:01.396855+05:30,23835.35,23835.35,23736.18,23835.35,12701.0,0.1588,LOW_TOXICITY,-5e-06,1.5487,HOLD,0,0,0.5,0.031,-1,APPROVED
2026-09-02 11:20:03.476024+05:30,23836.7,23836.7,23736.33,23836.7,12701.0,0.1623,LOW_TOXICITY,-1e-06,1.0938,HOLD,0,0,0.5,0.031,-1,APPROVED
2026-09-02 11:20:04.116733+05:30,23838.95,23838.95,23738.57,23838.95,12701.0,0.1567,LOW_TOXICITY,-1.2e-05,1.3489,HOLD,0,0,0.5,0.032,-1,APPROVED
2026-09-02 11:20:06.206216+05:30,23836.9,23836.9,23736.53,23836.9,12701.0,0.1639,LOW_TOXICITY,0.0,0.7112,HOLD,0,0,0.5,0.031,-1,APPROVED
2026-09-02 11:21:00.175591+05:30,23833.9,23833.9,23733.54,23833.9,12701.0,0.1623,LOW_TOXICITY,-3e-06,1.9766,HOLD,0,0,0.5,0.03,-1,APPROVED
2026-09-02 11:21:00.690201+05:30,23838.95,23838.95,23738.57,23838.95,12701.0,0.1567,LOW_TOXICITY,-1.2e-05,1.3492,HOLD,0,0,0.5,0.032,-1,APPROVED
2026-09-02 11:21:01.841540+05:30,23833.95,23922.06,23833.95,23833.95,12701.0,0.1273,LOW_TOXICITY,-0.000463,1.4888,SELL,1,1,0.8226,0.025,-1,VETO
2026-09-02 11:21:02.979284+05:30,23833.55,23833.55,23733.19,23833.55,12701.0,0.1588,LOW_TOXICITY,-6e-06,1.5494,HOLD,0,0,0.5,0.03,-1,APPROVED
2026-09-02 11:21:04.951277+05:30,23833.5,23833.5,23733.14,23833.5,12701.0,0.164,LOW_TOXICITY,-6e-06,1.3594,HOLD,0,0,0.5,0.004,1,APPROVED
2026-09-02 11:21:05.447021+05:30,23833.6,23833.6,23732.8,23833.6,12701.0,0.1631,LOW_TOXICITY,-4e-06,0.6785,HOLD,0,0,0.5,0.03,-1,APPROVED
2026-09-02 11:22:00.567820+05:30,23831.7,23831.7,23731.35,23831.7,12701.0,0.1496,LOW_TOXICITY,-3e-06,1.5502,HOLD,0,0,0.5,0.03,-1,APPROVED
2026-09-02 11:22:01.547823+05:30,23833.5,23833.5,23731.65,23833.5,12701.0,0.164,LOW_TOXICITY,-2e-06,1.3599,HOLD,0,0,0.5,0.004,1,APPROVED
2026-09-02 11:22:03.244362+05:30,23832.2,23922.06,23832.2,23832.2,12701.0,0.1273,LOW_TOXICITY,-5e-06,1.4895,HOLD,0,0,0.5,0.024,-1,APPROVED
2026-09-02 11:22:04.873802+05:30,23833.9,23833.9,23733.54,23833.9,12701.0,0.1623,LOW_TOXICITY,-3e-06,1.9775,HOLD,0,0,0.5,0.03,-1,APPROVED
2026-09-02 11:22:05.303343+05:30,23838.95,23838.95,23738.57,23838.95,12701.0,0.1567,LOW_TOXICITY,-1.2e-05,1.3495,HOLD,0,0,0.5,0.032,-1,APPROVED
2026-09-02 11:22:04.539580+05:30,23834.15,23834.15,23733.79,23834.15,12701.0,0.1631,LOW_TOXICITY,3e-06,2.3317,HOLD,0,0,0.5,0.03,-1,APPROVED
2026-09-02 11:23:01.477747+05:30,23826.35,23826.35,23726.02,23826.35,12701.0,0.1623,LOW_TOXICITY,-2.4e-05,1.9785,HOLD,0,0,0.5,0.028,-1,APPROVED
2026-09-02 11:23:01.889593+05:30,23838.95,23838.95,23738.57,23838.95,12701.0,0.1567,LOW_TOXICITY,-1.2e-05,1.3497,HOLD,0,0,0.5,0.032,-1,APPROVED
2026-09-02 11:23:02.840957+05:30,23827.25,23827.25,23726.92,23827.25,12701.0,0.1496,LOW_TOXICITY,-3.4e-05,1.5509,HOLD,0,0,0.5,0.028,-1,APPROVED
2026-09-02 11:23:04.239799+05:30,23827.7,23827.7,23726.32,23827.7,12701.0,0.1631,LOW_TOXICITY,-2.5e-05,2.3328,HOLD,0,0,0.5,0.028,-1,APPROVED
2026-09-02 11:23:04.525462+05:30,24000.0,24000.0,23898.94,24000.0,12701.0,0.1273,LOW_TOXICITY,0.000451,1.4902,BUY,1,1,0.5388,0.077,-1,APPROVED
2026-09-02 11:23:06.189646+05:30,23832.0,23832.0,23725.63,23832.0,12701.0,0.164,LOW_TOXICITY,-2.1e-05,1.3604,HOLD,0,0,0.5,0.004,1,APPROVED
2026-09-02 11:24:01.611789+05:30,23829.15,23922.06,23829.15,23829.15,12701.0,0.1273,LOW_TOXICITY,-0.000476,1.4908,SELL,1,-1,0.5371,0.023,-1,VETO
2026-09-02 11:24:01.948215+05:30,23828.3,23828.3,23727.97,23828.3,12701.0,0.1496,LOW_TOXICITY,-1.7e-05,1.1375,HOLD,0,0,0.5,0.029,-1,APPROVED
2026-09-02 11:24:02.936032+05:30,23828.2,23828.2,23727.87,23828.2,12701.0,0.164,LOW_TOXICITY,-1.6e-05,1.3609,HOLD,0,0,0.5,0.002,1,APPROVED
2026-09-02 11:24:03.758862+05:30,23827.55,23827.55,23727.22,23827.55,12701.0,0.1631,LOW_TOXICITY,-2.6e-05,2.3339,HOLD,0,0,0.5,0.028,-1,APPROVED
2026-09-02 11:24:06.196373+05:30,23826.35,23826.35,23726.02,23826.35,12701.0,0.1623,LOW_TOXICITY,-2.7e-05,1.9794,HOLD,0,0,0.5,0.028,-1,APPROVED
2026-09-02 11:24:06.561156+05:30,23838.95,23838.95,23738.57,23838.95,12701.0,0.1505,LOW_TOXICITY,-1.2e-05,1.35,HOLD,0,0,0.5,0.032,-1,APPROVED
2026-09-02 11:25:00.618211+05:30,23825.1,23825.1,23724.78,23825.1,12701.0,0.1496,LOW_TOXICITY,-1.5e-05,1.1375,HOLD,0,0,0.5,0.028,-1,APPROVED
2026-09-02 11:25:02.816640+05:30,23824.45,23824.45,23724.13,23824.45,12701.0,0.1623,LOW_TOXICITY,-3.3e-05,1.9804,HOLD,0,0,0.5,0.027,-1,APPROVED
2026-09-02 11:25:03.236337+05:30,23838.95,23838.95,23738.57,23838.95,12701.0,0.1505,LOW_TOXICITY,-1.2e-05,1.5187,HOLD,0,0,0.5,0.032,-1,APPROVED
2026-09-02 11:25:02.930748+05:30,24000.0,24000.0,23898.94,24000.0,12701.0,0.1279,LOW_TOXICITY,0.0,1.4915,HOLD,0,0,0.5,0.077,-1,APPROVED
2026-09-02 11:25:03.312569+05:30,23825.0,23825.0,23724.68,23825.0,12701.0,0.1631,LOW_TOXICITY,-1.8e-05,2.3351,HOLD,0,0,0.5,0.028,-1,APPROVED
2026-09-02 11:25:07.587976+05:30,23824.35,23824.35,23724.03,23824.35,12701.0,0.164,LOW_TOXICITY,-2.2e-05,1.3614,HOLD,0,0,0.5,0.001,1,APPROVED
2026-09-02 11:26:02.017004+05:30,23826.3,23826.3,23725.97,23826.3,12701.0,0.1496,LOW_TOXICITY,-1.4e-05,1.1375,HOLD,0,0,0.5,0.028,-1,APPROVED
2026-09-02 11:26:02.644643+05:30,23826.0,23826.0,23725.68,23826.0,12701.0,0.1631,LOW_TOXICITY,-1.5e-05,2.3362,HOLD,0,0,0.5,0.028,-1,APPROVED
2026-09-02 11:26:04.154040+05:30,23825.6,23825.6,23725.28,23825.6,12701.0,0.164,LOW_TOXICITY,-1.9e-05,1.3619,HOLD,0,0,0.5,0.002,1,APPROVED
2026-09-02 11:26:04.299404+05:30,24000.0,24000.0,23725.48,24000.0,12701.0,0.1279,LOW_TOXICITY,0.0,1.4921,HOLD,0,0,0.5,0.077,-1,APPROVED
2026-09-02 11:26:07.418262+05:30,23826.0,23826.0,23725.68,23826.0,12701.0,0.1623,LOW_TOXICITY,-1.5e-05,1.9814,HOLD,0,0,0.5,0.028,-1,APPROVED
2026-09-02 11:26:07.920686+05:30,23838.95,23838.95,23738.57,23838.95,12701.0,0.1505,LOW_TOXICITY,-1.2e-05,1.5193,HOLD,0,0,0.5,0.032,-1,APPROVED
2026-09-02 11:27:00.769112+05:30,23825.6,23825.6,23725.28,23825.6,12701.0,0.164,LOW_TOXICITY,-1.9e-05,1.3624,HOLD,0,0,0.5,0.002,1,APPROVED
2026-09-02 11:27:00.581253+05:30,23822.1,23922.06,23822.1,23822.1,12701.0,0.1279,LOW_TOXICITY,-0.000496,2.1266,SELL,1,-1,0.5371,0.021,-1,VETO
2026-09-02 11:27:01.869030+05:30,23822.1,23822.1,23721.79,23822.1,12701.0,0.1631,LOW_TOXICITY,-2.6e-05,2.3374,HOLD,0,0,0.5,0.027,-1,APPROVED
2026-09-02 11:27:03.170456+05:30,23822.05,23822.05,23721.74,23822.05,12701.0,0.1496,LOW_TOXICITY,-2.6e-05,1.1375,HOLD,0,0,0.5,0.027,-1,APPROVED
2026-09-02 11:27:04.103003+05:30,23826.0,23826.0,23721.64,23826.0,12701.0,0.1623,LOW_TOXICITY,-1.5e-05,1.9823,HOLD,0,0,0.5,0.028,-1,APPROVED
2026-09-02 11:27:04.570453+05:30,23838.95,23838.95,23738.57,23838.95,12701.0,0.1505,LOW_TOXICITY,-1.2e-05,1.52,HOLD,0,0,0.5,0.032,-1,APPROVED
2026-09-02 11:28:00.745791+05:30,23822.55,23822.55,23722.24,23822.55,12701.0,0.1623,LOW_TOXICITY,-2.4e-05,1.9833,HOLD,0,0,0.5,0.027,-1,APPROVED
2026-09-02 11:28:01.173006+05:30,23838.95,23838.95,23738.57,23838.95,12701.0,0.1505,LOW_TOXICITY,-1.2e-05,1.5206,HOLD,0,0,0.5,0.032,-1,APPROVED
2026-09-02 11:28:01.023358+05:30,23822.15,23822.15,23722.94,23822.15,12701.0,0.1496,LOW_TOXICITY,-2.6e-05,1.1376,HOLD,0,0,0.5,0.027,-1,APPROVED
2026-09-02 11:28:01.898296+05:30,24000.0,24000.0,23721.89,24000.0,12701.0,0.1279,LOW_TOXICITY,0.0,2.7281,HOLD,0,0,0.5,0.077,-1,APPROVED
2026-09-02 11:28:01.486669+05:30,23822.2,23822.2,23721.89,23822.2,12701.0,0.1631,LOW_TOXICITY,-2.6e-05,2.3385,HOLD,0,0,0.5,0.027,-1,APPROVED
2026-09-02 11:28:05.460568+05:30,23822.7,23822.7,23722.39,23822.7,12701.0,0.164,LOW_TOXICITY,-2.7e-05,1.3629,HOLD,0,0,0.5,0.001,1,APPROVED
2026-09-02 11:29:01.357561+05:30,23824.5,23824.5,23724.18,23824.5,12701.0,0.1631,LOW_TOXICITY,-1.9e-05,2.3396,HOLD,0,0,0.5,0.027,-1,APPROVED
2026-09-02 11:29:02.284806+05:30,23822.7,23822.7,23723.88,23822.7,12701.0,0.164,LOW_TOXICITY,-2.7e-05,1.5594,HOLD,0,0,0.5,0.001,1,APPROVED
2026-09-02 11:29:03.011124+05:30,23824.6,23824.6,23723.78,23824.6,12701.0,0.1496,LOW_TOXICITY,-1.9e-05,1.1376,HOLD,0,0,0.5,0.027,-1,APPROVED
2026-09-02 11:29:03.472520+05:30,24000.0,24000.0,23898.94,24000.0,12701.0,0.1279,LOW_TOXICITY,0.0,0.8667,HOLD,0,0,0.5,0.077,-1,APPROVED
2026-09-02 11:29:05.436974+05:30,23823.3,23823.3,23722.99,23823.3,12701.0,0.1623,LOW_TOXICITY,-2.2e-05,1.9842,HOLD,0,0,0.5,0.027,-1,APPROVED
2026-09-02 11:29:05.932438+05:30,23838.95,23838.95,23738.57,23838.95,12701.0,0.1505,LOW_TOXICITY,-1.2e-05,1.5213,HOLD,0,0,0.5,0.032,-1,APPROVED
2026-09-02 11:30:00.672790+05:30,23818.8,23818.8,23721.44,23818.8,12701.0,0.1496,LOW_TOXICITY,-3.5e-05,1.1376,HOLD,0,0,0.5,0.026,-1,APPROVED
2026-09-02 11:30:00.688769+05:30,23823.6,23823.6,23723.29,23823.6,12701.0,0.1631,LOW_TOXICITY,-2.2e-05,2.3408,HOLD,0,0,0.5,0.027,-1,APPROVED
2026-09-02 11:30:02.020283+05:30,23823.3,23823.3,23722.99,23823.3,12701.0,0.1588,LOW_TOXICITY,-2.2e-05,1.9852,HOLD,0,0,0.5,0.027,-1,APPROVED
2026-09-02 11:30:02.532099+05:30,23838.95,23838.95,23719.8,23838.95,12701.0,0.1505,LOW_TOXICITY,-1.2e-05,1.5219,HOLD,0,0,0.5,0.032,-1,APPROVED
2026-09-02 11:30:04.768050+05:30,24000.0,24000.0,23898.94,24000.0,12701.0,0.1279,LOW_TOXICITY,0.0,0.8667,HOLD,0,0,0.5,0.077,-1,APPROVED
2026-09-02 11:30:06.946269+05:30,23819.85,23819.85,23719.55,23819.85,12701.0,0.1666,LOW_TOXICITY,-3.5e-05,1.558,HOLD,0,0,0.5,0.0,1,APPROVED
2026-09-02 11:31:00.353166+05:30,23820.35,23820.35,23720.05,23820.35,12701.0,0.1593,LOW_TOXICITY,-3.1e-05,2.3419,HOLD,0,0,0.5,0.026,-1,APPROVED
2026-09-02 11:31:01.084583+05:30,23820.0,23922.06,23820.0,23820.0,12701.0,0.1279,LOW_TOXICITY,-0.000502,2.1517,SELL,1,-1,0.5371,0.02,-1,VETO
2026-09-02 11:31:02.164384+05:30,23819.8,23819.8,23719.5,23819.8,12701.0,0.1496,LOW_TOXICITY,-3.3e-05,1.1376,HOLD,0,0,0.5,0.026,-1,APPROVED
2026-09-02 11:31:03.597701+05:30,23819.75,23819.75,23719.45,23819.75,12701.0,0.1666,LOW_TOXICITY,-3.5e-05,1.5566,HOLD,0,0,0.5,0.0,1,APPROVED
2026-09-02 11:31:06.757538+05:30,23823.3,23823.3,23722.99,23823.3,12701.0,0.1588,LOW_TOXICITY,-2.2e-05,1.4925,HOLD,0,0,0.5,0.027,-1,APPROVED
2026-09-02 11:31:07.169338+05:30,23820.1,23820.1,23719.4,23820.1,12701.0,0.1505,LOW_TOXICITY,-6.5e-05,1.5226,HOLD,0,0,0.5,0.026,-1,APPROVED
2026-09-02 11:32:00.177981+05:30,23819.75,23819.75,23719.45,23819.75,12701.0,0.1666,LOW_TOXICITY,-3.5e-05,1.5552,HOLD,0,0,0.5,0.0,1,APPROVED
2026-09-02 11:32:00.146256+05:30,23819.0,23819.0,23718.71,23819.0,12701.0,0.1525,LOW_TOXICITY,-3.5e-05,1.1377,HOLD,0,0,0.5,0.026,-1,APPROVED
2026-09-02 11:32:02.491399+05:30,23819.4,23922.06,23819.4,23819.4,12701.0,0.1279,LOW_TOXICITY,-0.000504,0.8639,SELL,1,1,0.849,0.02,-1,VETO
2026-09-02 11:32:03.428249+05:30,23823.3,23823.3,23718.56,23823.3,12701.0,0.1588,LOW_TOXICITY,-2.2e-05,1.4928,HOLD,0,0,0.5,0.027,-1,APPROVED
2026-09-02 11:32:03.762965+05:30,23819.7,23819.7,23719.4,23819.7,12701.0,0.1505,LOW_TOXICITY,-6.6e-05,1.5232,HOLD,0,0,0.5,0.026,-1,APPROVED
2026-09-02 11:32:06.418909+05:30,23818.95,23818.95,23718.66,23818.95,12701.0,0.1593,LOW_TOXICITY,-3.5e-05,1.4272,HOLD,0,0,0.5,0.026,-1,APPROVED
2026-09-02 11:33:00.098272+05:30,23818.85,23818.85,23718.56,23818.85,12701.0,0.1588,LOW_TOXICITY,-3.5e-05,1.4932,HOLD,0,0,0.5,0.026,-1,APPROVED
2026-09-02 11:33:00.429230+05:30,23815.9,23815.9,23715.62,23815.9,12701.0,0.1442,LOW_TOXICITY,-7.6e-05,1.5239,HOLD,0,0,0.5,0.025,-1,APPROVED
2026-09-02 11:33:01.290785+05:30,23817.1,23817.1,23716.81,23817.1,12701.0,0.1525,LOW_TOXICITY,-4e-05,1.1377,HOLD,0,0,0.5,0.025,-1,APPROVED
2026-09-02 11:33:03.806455+05:30,23814.6,23922.06,23814.6,23814.6,12701.0,0.1279,LOW_TOXICITY,-0.000517,0.8459,SELL,-1,-1,0.5,0.019,-1,VETO
2026-09-02 11:33:04.781695+05:30,23819.75,23819.75,23714.32,23819.75,12701.0,0.1666,LOW_TOXICITY,-3.5e-05,1.5538,HOLD,0,0,0.5,0.0,-1,APPROVED
2026-09-02 11:33:05.885832+05:30,23814.2,23814.2,23713.93,23814.2,12701.0,0.1593,LOW_TOXICITY,-4.8e-05,1.4275,HOLD,0,0,0.5,0.024,-1,APPROVED
2026-09-02 11:34:00.155031+05:30,23810.35,23922.06,23810.35,23810.35,12701.0,0.1284,LOW_TOXICITY,-0.000529,0.8481,SELL,-1,-1,0.5,0.017,-1,VETO
2026-09-02 11:34:01.560212+05:30,23810.15,23810.15,23709.89,23810.15,12701.0,0.1666,LOW_TOXICITY,-8.1e-05,1.5524,HOLD,0,0,0.5,0.0,-1,APPROVED
2026-09-02 11:34:02.677832+05:30,23810.75,23810.75,23710.49,23810.75,12701.0,0.1525,LOW_TOXICITY,-7.9e-05,1.2465,HOLD,0,0,0.5,0.023,-1,APPROVED
2026-09-02 11:34:04.810292+05:30,23811.25,23811.25,23710.99,23811.25,12701.0,0.1588,LOW_TOXICITY,-8.1e-05,1.4935,HOLD,0,0,0.5,0.023,-1,APPROVED
2026-09-02 11:34:05.102538+05:30,23815.9,23815.9,23715.62,23815.9,12701.0,0.1442,LOW_TOXICITY,-7.6e-05,1.5245,HOLD,0,0,0.5,0.025,-1,APPROVED
2026-09-02 11:34:05.660101+05:30,23810.8,23810.8,23710.54,23810.8,12701.0,0.1593,LOW_TOXICITY,-6.6e-05,1.4279,HOLD,0,0,0.5,0.023,-1,APPROVED
2026-09-02 11:35:00.591105+05:30,23813.8,23813.8,23713.53,23813.8,12701.0,0.1525,LOW_TOXICITY,-6e-05,1.2466,HOLD,0,0,0.5,0.024,-1,APPROVED
2026-09-02 11:35:01.443799+05:30,23811.25,23811.25,23710.99,23811.25,12701.0,0.1588,LOW_TOXICITY,-7.1e-05,1.4939,HOLD,0,0,0.5,0.023,-1,APPROVED
2026-09-02 11:35:01.686667+05:30,23813.2,23813.2,23712.93,23813.2,12701.0,0.1442,LOW_TOXICITY,-7.2e-05,1.198,HOLD,0,0,0.5,0.024,-1,APPROVED
2026-09-02 11:35:01.524660+05:30,24000.0,24000.0,23898.94,24000.0,12701.0,0.1284,LOW_TOXICITY,0.000461,2.8733,BUY,1,1,0.5388,0.077,-1,APPROVED
2026-09-02 11:35:04.850627+05:30,23813.85,23813.85,23713.58,23813.85,12701.0,0.1593,LOW_TOXICITY,-6.4e-05,1.4282,HOLD,0,0,0.5,0.024,-1,APPROVED
2026-09-02 11:35:06.160532+05:30,23813.3,23813.3,23713.03,23813.3,12701.0,0.1666,LOW_TOXICITY,-7.2e-05,1.551,HOLD,0,0,0.5,0.0,-1,APPROVED
2026-09-02 11:36:02.753911+05:30,23813.55,23813.55,23713.28,23813.55,12701.0,0.1666,LOW_TOXICITY,-5.6e-05,1.5496,HOLD,0,0,0.5,0.0,-1,APPROVED
2026-09-02 11:36:02.267191+05:30,23812.75,23812.75,23712.48,23812.75,12701.0,0.1525,LOW_TOXICITY,-5.8e-05,1.2467,HOLD,0,0,0.5,0.024,-1,APPROVED
2026-09-02 11:36:03.432059+05:30,24000.0,24000.0,23898.94,24000.0,12701.0,0.1284,LOW_TOXICITY,0.000463,0.8667,BUY,1,-1,0.6703,0.077,-1,VETO
2026-09-02 11:36:04.143059+05:30,23813.3,23813.3,23713.03,23813.3,12701.0,0.1593,LOW_TOXICITY,-5.7e-05,1.4285,HOLD,0,0,0.5,0.024,-1,APPROVED
2026-09-02 11:36:06.091084+05:30,23812.2,23812.2,23711.93,23812.2,12701.0,0.1588,LOW_TOXICITY,-6.1e-05,1.4942,HOLD,0,0,0.5,0.023,-1,APPROVED
2026-09-02 11:36:06.347882+05:30,23813.2,23813.2,23712.93,23813.2,12701.0,0.1442,LOW_TOXICITY,-7.2e-05,1.1979,HOLD,0,0,0.5,0.024,-1,APPROVED
2026-09-02 11:37:00.902872+05:30,23813.0,23813.0,23712.73,23813.0,12701.0,0.1525,LOW_TOXICITY,-5.2e-05,1.2468,HOLD,0,0,0.5,0.024,-1,APPROVED
2026-09-02 11:37:02.676262+05:30,23812.2,23812.2,23711.93,23812.2,12701.0,0.1588,LOW_TOXICITY,-6.1e-05,1.4946,HOLD,0,0,0.5,0.023,-1,APPROVED
2026-09-02 11:37:02.923785+05:30,23813.2,23813.2,23713.03,23813.2,12701.0,0.1442,LOW_TOXICITY,-7.2e-05,1.1979,HOLD,0,0,0.5,0.024,-1,APPROVED
2026-09-02 11:37:03.321305+05:30,23810.45,23810.45,23710.19,23810.45,12701.0,0.1593,LOW_TOXICITY,-6.6e-05,1.4289,HOLD,0,0,0.5,0.023,-1,APPROVED
2026-09-02 11:37:04.855470+05:30,24000.0,24000.0,23898.94,24000.0,12701.0,0.1284,LOW_TOXICITY,0.000468,0.8849,BUY,1,-1,0.7143,0.077,-1,VETO
2026-09-02 11:37:07.428357+05:30,23812.4,23812.4,23712.13,23812.4,12701.0,0.1666,LOW_TOXICITY,-5.9e-05,1.5482,HOLD,0,0,0.5,0.0,-1,APPROVED
2026-09-02 11:38:01.188221+05:30,23809.75,23922.06,23809.75,23809.75,12701.0,0.1284,LOW_TOXICITY,-0.000531,2.2894,SELL,-1,-1,0.5,0.017,-1,VETO
2026-09-02 11:38:01.901229+05:30,23810.75,23810.75,23710.49,23810.75,12701.0,0.1525,LOW_TOXICITY,-4.6e-05,1.247,HOLD,0,0,0.5,0.023,-1,APPROVED
2026-09-02 11:38:02.522655+05:30,23809.75,23809.75,23709.49,23809.75,12701.0,0.1593,LOW_TOXICITY,-5e-05,1.4292,HOLD,0,0,0.5,0.023,-1,APPROVED
2026-09-02 11:38:04.046628+05:30,23809.35,23809.35,23709.1,23809.35,12701.0,0.1666,LOW_TOXICITY,-6.3e-05,1.5468,HOLD,0,0,0.5,0.0,-1,APPROVED
2026-09-02 11:38:07.345671+05:30,23808.15,23808.15,23707.9,23808.15,12701.0,0.1588,LOW_TOXICITY,-5.1e-05,1.4949,HOLD,0,0,0.5,0.022,-1,APPROVED
2026-09-02 11:38:07.555774+05:30,23813.3,23813.3,23713.03,23813.3,12701.0,0.1442,LOW_TOXICITY,-7.2e-05,1.1978,HOLD,0,0,0.5,0.024,-1,APPROVED
2026-09-02 11:39:00.635713+05:30,23809.35,23809.35,23713.63,23809.35,12701.0,0.1666,LOW_TOXICITY,-5.3e-05,0.7042,HOLD,0,0,0.5,0.0,-1,APPROVED
2026-09-02 11:39:01.895290+05:30,23814.95,23814.95,23714.67,23814.95,12701.0,0.1593,LOW_TOXICITY,-3.5e-05,1.4295,HOLD,0,0,0.5,0.024,-1,APPROVED
2026-09-02 11:39:02.480644+05:30,24000.0,24000.0,23898.94,24000.0,12701.0,0.1284,LOW_TOXICITY,0.000476,2.8803,BUY,1,-1,0.5213,0.077,-1,APPROVED
2026-09-02 11:39:03.145552+05:30,23814.75,23814.75,23714.47,23814.75,12701.0,0.1525,LOW_TOXICITY,-3.8e-05,1.2471,HOLD,0,0,0.5,0.024,-1,APPROVED
2026-09-02 11:39:03.958239+05:30,23808.15,23808.15,23707.9,23808.15,12701.0,0.1544,LOW_TOXICITY,-5.1e-05,1.4953,HOLD,0,0,0.5,0.022,-1,APPROVED
2026-09-02 11:39:04.192320+05:30,23813.3,23813.3,23714.77,23813.3,12701.0,0.1442,LOW_TOXICITY,-7.2e-05,1.1978,HOLD,0,0,0.5,0.024,-1,APPROVED
2026-09-02 11:40:00.677528+05:30,23816.55,23816.55,23716.27,23816.55,12701.0,0.1544,LOW_TOXICITY,-2.2e-05,1.4956,HOLD,0,0,0.5,0.025,-1,APPROVED
2026-09-02 11:40:00.889919+05:30,23815.05,23815.05,23714.77,23815.05,12701.0,0.1442,LOW_TOXICITY,-6.7e-05,1.1977,HOLD,0,0,0.5,0.024,-1,APPROVED
2026-09-02 11:40:01.017243+05:30,23817.7,23817.7,23717.41,23817.7,12701.0,0.1525,LOW_TOXICITY,-2.1e-05,1.2472,HOLD,0,0,0.5,0.025,-1,APPROVED
2026-09-02 11:40:01.224111+05:30,23817.45,23817.45,23717.16,23817.45,12701.0,0.153,LOW_TOXICITY,-2.1e-05,1.4298,HOLD,0,0,0.5,0.025,-1,APPROVED
2026-09-02 11:40:04.505745+05:30,24000.0,24000.0,23898.94,24000.0,12701.0,0.1284,LOW_TOXICITY,-0.0,0.8849,HOLD,0,0,0.5,0.077,-1,APPROVED
2026-09-02 11:40:05.386955+05:30,23813.9,23813.9,23713.63,23813.9,12701.0,0.1661,LOW_TOXICITY,-2.9e-05,0.7325,HOLD,0,0,0.5,0.0,-1,APPROVED
2026-09-02 11:41:00.468467+05:30,23813.15,23813.15,23712.88,23813.15,12701.0,0.153,LOW_TOXICITY,-3.6e-05,1.4302,HOLD,0,0,0.5,0.024,-1,APPROVED
2026-09-02 11:41:00.775222+05:30,24000.0,24000.0,23713.33,24000.0,12701.0,0.1284,LOW_TOXICITY,-0.0,0.8849,HOLD,0,0,0.5,0.077,-1,APPROVED
2026-09-02 11:41:02.011180+05:30,23813.9,23813.9,23713.63,23813.9,12701.0,0.1661,LOW_TOXICITY,-3.3e-05,0.7042,HOLD,0,0,0.5,0.0,-1,APPROVED
2026-09-02 11:41:02.379592+05:30,23813.95,23813.95,23714.03,23813.95,12701.0,0.1539,LOW_TOXICITY,-3.5e-05,1.2474,HOLD,0,0,0.5,0.024,-1,APPROVED
2026-09-02 11:41:05.309296+05:30,23816.55,23816.55,23716.27,23816.55,12701.0,0.1544,LOW_TOXICITY,-2.6e-05,1.6017,HOLD,0,0,0.5,0.025,-1,APPROVED
2026-09-02 11:41:05.513008+05:30,23814.25,23814.25,23713.98,23814.25,12701.0,0.1442,LOW_TOXICITY,-6.9e-05,1.1977,HOLD,0,0,0.5,0.024,-1,APPROVED
2026-09-02 11:42:00.432999+05:30,23811.4,23811.4,23711.14,23811.4,12701.0,0.1539,LOW_TOXICITY,-3e-05,1.2475,HOLD,0,0,0.5,0.023,-1,APPROVED
2026-09-02 11:42:01.968128+05:30,23812.4,23812.4,23712.13,23812.4,12701.0,0.1544,LOW_TOXICITY,-3.8e-05,1.6024,HOLD,0,0,0.5,0.024,-1,APPROVED
2026-09-02 11:42:02.310636+05:30,23814.25,23814.25,23713.98,23814.25,12701.0,0.1442,LOW_TOXICITY,-6.9e-05,1.1976,HOLD,0,0,0.5,0.024,-1,APPROVED
2026-09-02 11:42:02.114058+05:30,24000.0,24000.0,23711.74,24000.0,12701.0,0.1284,LOW_TOXICITY,0.000496,0.8849,BUY,1,-1,0.6585,0.077,-1,VETO
2026-09-02 11:42:06.641961+05:30,23813.9,23813.9,23713.63,23813.9,12701.0,0.1661,LOW_TOXICITY,-3.3e-05,0.7042,HOLD,0,0,0.5,0.0,-1,APPROVED
2026-09-02 11:42:06.034149+05:30,23811.6,23811.6,23711.34,23811.6,12701.0,0.153,LOW_TOXICITY,-2.9e-05,1.5114,HOLD,0,0,0.5,0.023,-1,APPROVED
2026-09-02 11:43:01.759315+05:30,23811.55,23811.55,23711.29,23811.55,12701.0,0.1539,LOW_TOXICITY,-3e-05,1.2476,HOLD,0,0,0.5,0.023,-1,APPROVED
2026-09-02 11:43:03.267456+05:30,23811.85,23811.85,23711.59,23811.85,12701.0,0.1661,LOW_TOXICITY,-3e-05,0.6927,HOLD,0,0,0.5,0.0,-1,APPROVED
2026-09-02 11:43:03.445315+05:30,24000.0,24000.0,23711.98,24000.0,12701.0,0.1284,LOW_TOXICITY,-0.0,0.8849,HOLD,0,0,0.5,0.077,-1,APPROVED
2026-09-02 11:43:05.334288+05:30,23811.95,23811.95,23711.69,23811.95,12701.0,0.153,LOW_TOXICITY,-2.9e-05,1.5121,HOLD,0,0,0.5,0.023,-1,APPROVED
2026-09-02 11:43:06.585138+05:30,23812.4,23812.4,23710.79,23812.4,12701.0,0.1544,LOW_TOXICITY,-2.8e-05,1.6032,HOLD,0,0,0.5,0.024,-1,APPROVED
2026-09-02 11:43:07.179597+05:30,23814.25,23814.25,23713.98,23814.25,12701.0,0.1442,LOW_TOXICITY,-6.9e-05,1.1976,HOLD,0,0,0.5,0.024,-1,APPROVED
2026-09-02 11:44:01.000781+05:30,23814.2,23814.2,23713.93,23814.2,12701.0,0.1539,LOW_TOXICITY,-2.9e-05,0.6945,HOLD,0,0,0.5,0.024,-1,APPROVED
2026-09-02 11:44:03.174570+05:30,23815.25,23815.25,23714.97,23815.25,12701.0,0.1544,LOW_TOXICITY,-2.3e-05,1.6039,HOLD,0,0,0.5,0.024,-1,APPROVED
2026-09-02 11:44:03.841664+05:30,23814.25,23814.25,23714.47,23814.25,12701.0,0.1442,LOW_TOXICITY,-6.9e-05,1.1975,HOLD,0,0,0.5,0.024,-1,APPROVED
2026-09-02 11:44:04.749378+05:30,24000.0,24000.0,23898.94,24000.0,12701.0,0.1288,LOW_TOXICITY,-0.0,0.8849,HOLD,0,0,0.5,0.077,-1,APPROVED
2026-09-02 11:44:05.049921+05:30,23816.45,23816.45,23716.17,23816.45,12701.0,0.153,LOW_TOXICITY,-2.3e-05,1.5128,HOLD,0,0,0.5,0.025,-1,APPROVED
2026-09-02 11:44:07.915641+05:30,23813.95,23813.95,23713.68,23813.95,12701.0,0.1661,LOW_TOXICITY,-2.4e-05,0.7168,HOLD,0,0,0.5,0.0,-1,APPROVED
2026-09-02 11:45:00.047625+05:30,23815.25,23815.25,23714.97,23815.25,12701.0,0.1544,LOW_TOXICITY,-2.3e-05,1.6046,HOLD,0,0,0.5,0.024,-1,APPROVED
2026-09-02 11:45:01.171182+05:30,24000.0,24000.0,23711.19,24000.0,12701.0,0.1288,LOW_TOXICITY,-0.0,0.8849,HOLD,0,0,0.5,0.077,-1,APPROVED
2026-09-02 11:45:00.655623+05:30,23811.45,23811.45,23711.19,23811.45,12701.0,0.1442,LOW_TOXICITY,-7.7e-05,1.4205,HOLD,0,0,0.5,0.023,-1,APPROVED
2026-09-02 11:45:02.645563+05:30,23811.2,23811.2,23710.54,23811.2,12701.0,0.1539,LOW_TOXICITY,-2.1e-05,0.6624,HOLD,0,0,0.5,0.023,-1,APPROVED
2026-09-02 11:45:04.515613+05:30,23813.95,23813.95,23713.68,23813.95,12701.0,0.1661,LOW_TOXICITY,-1.7e-05,0.7042,HOLD,0,0,0.5,0.0,-1,APPROVED
2026-09-02 11:45:04.643936+05:30,23810.8,23810.8,23710.99,23810.8,12701.0,0.153,LOW_TOXICITY,-3.6e-05,1.5134,HOLD,0,0,0.5,0.023,-1,APPROVED
2026-09-02 11:46:01.254069+05:30,23808.7,23808.7,23708.45,23808.7,12701.0,0.1661,LOW_TOXICITY,-3.1e-05,0.6764,HOLD,0,0,0.5,0.0,-1,APPROVED
2026-09-02 11:46:01.282807+05:30,23810.25,23810.25,23709.99,23810.25,12701.0,0.1539,LOW_TOXICITY,-2.7e-05,0.6733,HOLD,0,0,0.5,0.023,-1,APPROVED
2026-09-02 11:46:02.517901+05:30,24000.0,24000.0,23709.3,24000.0,12701.0,0.1288,LOW_TOXICITY,0.000502,0.8849,BUY,1,-1,0.6585,0.077,-1,VETO
2026-09-02 11:46:04.168364+05:30,23809.55,23809.55,23709.3,23809.55,12701.0,0.153,LOW_TOXICITY,-3e-05,1.5141,HOLD,0,0,0.5,0.023,-1,APPROVED
2026-09-02 11:46:05.850813+05:30,23809.1,23809.1,23708.85,23809.1,12701.0,0.1544,LOW_TOXICITY,-4e-05,1.6053,HOLD,0,0,0.5,0.022,-1,APPROVED
2026-09-02 11:46:06.543508+05:30,23811.45,23811.45,23708.05,23811.45,12701.0,0.1442,LOW_TOXICITY,-2.4e-05,1.4205,HOLD,0,0,0.5,0.023,-1,APPROVED
2026-09-02 11:47:02.470193+05:30,23810.15,23810.15,23709.89,23810.15,12701.0,0.1544,LOW_TOXICITY,-3.7e-05,1.6061,HOLD,0,0,0.5,0.023,-1,APPROVED
2026-09-02 11:47:03.187563+05:30,23808.3,23808.3,23708.55,23808.3,12701.0,0.1442,LOW_TOXICITY,-3.2e-05,1.4206,HOLD,0,0,0.5,0.022,-1,APPROVED
2026-09-02 11:47:02.602148+05:30,23808.7,23808.7,23708.45,23808.7,12701.0,0.1539,LOW_TOXICITY,-2.9e-05,0.67,HOLD,0,0,0.5,0.022,-1,APPROVED
2026-09-02 11:47:03.880018+05:30,24000.0,24000.0,23898.94,24000.0,12701.0,0.1288,LOW_TOXICITY,0.000504,0.8831,BUY,1,-1,0.6585,0.077,-1,VETO
2026-09-02 11:47:03.879990+05:30,23808.7,23808.7,23708.85,23808.7,12701.0,0.153,LOW_TOXICITY,-2.9e-05,1.5148,HOLD,0,0,0.5,0.022,-1,APPROVED
2026-09-02 11:47:05.865960+05:30,23808.85,23808.85,23708.6,23808.85,12701.0,0.1661,LOW_TOXICITY,-3.1e-05,0.7051,HOLD,0,0,0.5,0.0,-1,APPROVED
2026-09-02 11:48:00.476805+05:30,23808.35,23808.35,23708.1,23808.35,12701.0,0.1539,LOW_TOXICITY,-2.4e-05,0.6767,HOLD,0,0,0.5,0.022,-1,APPROVED
2026-09-02 11:48:00.329086+05:30,24000.0,24000.0,23898.94,24000.0,12701.0,0.1288,LOW_TOXICITY,0.000517,0.8831,BUY,1,-1,0.7289,0.077,-1,VETO
2026-09-02 11:48:02.507467+05:30,23808.0,23808.0,23707.75,23808.0,12701.0,0.1661,LOW_TOXICITY,-3.3e-05,0.6993,HOLD,0,0,0.5,0.0,-1,APPROVED
2026-09-02 11:48:03.355073+05:30,23808.05,23808.05,23707.8,23808.05,12701.0,0.153,LOW_TOXICITY,-1.7e-05,1.5155,HOLD,0,0,0.5,0.022,-1,APPROVED
2026-09-02 11:48:07.112306+05:30,23807.5,23807.5,23707.25,23807.5,12701.0,0.1544,LOW_TOXICITY,-3.2e-05,1.6068,HOLD,0,0,0.5,0.022,-1,APPROVED
2026-09-02 11:48:07.828703+05:30,23808.8,23808.8,23708.55,23808.8,12701.0,0.1442,LOW_TOXICITY,-2e-05,1.4206,HOLD,0,0,0.5,0.022,-1,APPROVED
2026-09-02 11:49:01.704283+05:30,24000.0,24000.0,23898.94,24000.0,12701.0,0.1288,LOW_TOXICITY,0.000529,0.8831,BUY,1,-1,0.7289,0.077,-1,VETO
2026-09-02 11:49:01.850445+05:30,23813.3,23813.3,23713.03,23813.3,12701.0,0.1539,LOW_TOXICITY,7e-06,0.7093,HOLD,0,0,0.5,0.024,-1,APPROVED
2026-09-02 11:49:02.954383+05:30,23812.9,23812.9,23712.63,23812.9,12701.0,0.153,LOW_TOXICITY,6e-06,1.5161,HOLD,0,0,0.5,0.024,-1,APPROVED
2026-09-02 11:49:03.736565+05:30,23807.5,23807.5,23707.25,23807.5,12701.0,0.1542,LOW_TOXICITY,-1.1e-05,1.6075,HOLD,0,0,0.5,0.022,-1,APPROVED
2026-09-02 11:49:04.468230+05:30,23808.8,23808.8,23708.55,23808.8,12701.0,0.1442,LOW_TOXICITY,-2e-05,1.4206,HOLD,0,0,0.5,0.022,-1,APPROVED
2026-09-02 11:49:07.224897+05:30,23811.75,23811.75,23711.49,23811.75,12701.0,0.1585,LOW_TOXICITY,4e-06,0.7239,HOLD,0,0,0.5,0.0,-1,APPROVED
2026-09-02 11:50:00.334023+05:30,23812.6,23812.6,23712.33,23812.6,12701.0,0.1542,LOW_TOXICITY,4e-06,1.6082,HOLD,0,0,0.5,0.024,-1,APPROVED
2026-09-02 11:50:01.172093+05:30,23808.8,23808.8,23708.55,23808.8,12701.0,0.1442,LOW_TOXICITY,-1.2e-05,1.4207,HOLD,0,0,0.5,0.022,-1,APPROVED
2026-09-02 11:50:00.957132+05:30,23814.9,23814.9,23714.62,23814.9,12701.0,0.1539,LOW_TOXICITY,3e-06,0.6881,HOLD,0,0,0.5,0.024,-1,APPROVED
2026-09-02 11:50:03.043498+05:30,23813.25,23922.06,23813.25,23813.25,12701.0,0.1288,LOW_TOXICITY,-0.000521,2.2439,SELL,-1,-1,0.5,0.018,-1,VETO
2026-09-02 11:50:03.976253+05:30,23811.75,23811.75,23713.03,23811.75,12701.0,0.1585,LOW_TOXICITY,-4e-06,0.7007,HOLD,0,0,0.5,0.0,-1,APPROVED
2026-09-02 11:50:03.311733+05:30,23812.4,23812.4,23712.13,23812.4,12701.0,0.154,LOW_TOXICITY,-4e-06,1.5168,HOLD,0,0,0.5,0.024,-1,APPROVED
2026-09-02 11:51:00.621578+05:30,23813.1,23813.1,23712.83,23813.1,12701.0,0.1585,LOW_TOXICITY,-1e-06,0.7088,HOLD,0,0,0.5,0.0,-1,APPROVED
2026-09-02 11:51:02.979098+05:30,23813.4,23813.4,23713.13,23813.4,12701.0,0.1529,LOW_TOXICITY,2e-06,0.6703,HOLD,0,0,0.5,0.024,-1,APPROVED
2026-09-02 11:51:02.806105+05:30,23813.65,23813.65,23713.38,23813.65,12701.0,0.154,LOW_TOXICITY,1e-06,1.5175,HOLD,0,0,0.5,0.024,-1,APPROVED
2026-09-02 11:51:04.398808+05:30,24000.0,24000.0,23713.18,24000.0,12701.0,0.1288,LOW_TOXICITY,-0.0,2.8386,HOLD,0,0,0.5,0.077,-1,APPROVED
2026-09-02 11:51:05.159256+05:30,23812.6,23812.6,23712.33,23812.6,12701.0,0.1542,LOW_TOXICITY,1e-06,1.2278,HOLD,0,0,0.5,0.024,-1,APPROVED
2026-09-02 11:51:05.896804+05:30,23808.8,23808.8,23708.55,23808.8,12701.0,0.1442,LOW_TOXICITY,-1.2e-05,1.4207,HOLD,0,0,0.5,0.022,-1,APPROVED
2026-09-02 11:52:00.828494+05:30,24000.0,24000.0,23712.83,24000.0,12701.0,0.1288,LOW_TOXICITY,-0.0,0.8831,HOLD,0,0,0.5,0.077,-1,APPROVED
2026-09-02 11:52:02.220049+05:30,23812.6,23812.6,23712.33,23812.6,12701.0,0.1542,LOW_TOXICITY,1e-06,1.2276,HOLD,0,0,0.5,0.024,-1,APPROVED
2026-09-02 11:52:01.958538+05:30,23813.1,23813.1,23712.83,23813.1,12701.0,0.1529,LOW_TOXICITY,0.0,0.677,HOLD,0,0,0.5,0.024,-1,APPROVED
2026-09-02 11:52:02.592680+05:30,23808.8,23808.8,23708.55,23808.8,12701.0,0.1463,LOW_TOXICITY,-1.2e-05,1.4208,HOLD,0,0,0.5,0.022,-1,APPROVED
2026-09-02 11:52:02.449558+05:30,23815.35,23815.35,23715.07,23815.35,12701.0,0.154,LOW_TOXICITY,1.4e-05,1.3484,HOLD,0,0,0.5,0.024,-1,APPROVED
2026-09-02 11:52:05.583219+05:30,23813.1,23813.1,23712.83,23813.1,12701.0,0.1585,LOW_TOXICITY,2e-06,0.7007,HOLD,0,0,0.5,0.0,-1,APPROVED
2026-09-02 11:53:00.737440+05:30,23814.15,23814.15,23713.88,23814.15,12701.0,0.1529,LOW_TOXICITY,1e-05,0.6848,HOLD,0,0,0.5,0.024,-1,APPROVED
2026-09-02 11:53:02.375221+05:30,23813.1,23813.1,23712.83,23813.1,12701.0,0.1585,LOW_TOXICITY,1e-05,0.7007,HOLD,0,0,0.5,0.0,-1,APPROVED
2026-09-02 11:53:02.122560+05:30,24000.0,24000.0,23714.82,24000.0,12701.0,0.1244,LOW_TOXICITY,0.000531,0.8831,BUY,1,-1,0.5475,0.077,-1,APPROVED
2026-09-02 11:53:02.280834+05:30,23813.95,23813.95,23713.68,23813.95,12701.0,0.154,LOW_TOXICITY,1.2e-05,1.3486,HOLD,0,0,0.5,0.024,-1,APPROVED
2026-09-02 11:53:06.897024+05:30,23814.25,23814.25,23713.98,23814.25,12701.0,0.1542,LOW_TOXICITY,1.7e-05,1.2275,HOLD,0,0,0.5,0.024,-1,APPROVED
2026-09-02 11:53:07.252579+05:30,23808.8,23808.8,23708.55,23808.8,12701.0,0.1463,LOW_TOXICITY,-1.3e-05,1.4208,HOLD,0,0,0.5,0.022,-1,APPROVED
2026-09-02 11:54:00.033393+05:30,23819.7,23819.7,23719.4,23819.7,12701.0,0.1529,LOW_TOXICITY,1.4e-05,1.1381,HOLD,0,0,0.5,0.026,-1,APPROVED
2026-09-02 11:54:01.794527+05:30,23818.55,23818.55,23718.26,23818.55,12701.0,0.154,LOW_TOXICITY,1e-05,1.3489,HOLD,0,0,0.5,0.025,-1,APPROVED
2026-09-02 11:54:03.586699+05:30,23819.0,23819.0,23718.71,23819.0,12701.0,0.1542,LOW_TOXICITY,3e-05,1.2274,HOLD,0,0,0.5,0.026,-1,APPROVED
2026-09-02 11:54:03.926173+05:30,23808.8,23808.8,23708.55,23808.8,12701.0,0.1463,LOW_TOXICITY,-1.3e-05,1.4208,HOLD,0,0,0.5,0.022,-1,APPROVED
2026-09-02 11:54:04.018763+05:30,24000.0,24000.0,23719.35,24000.0,12701.0,0.1244,LOW_TOXICITY,-0.0,0.8831,HOLD,0,0,0.5,0.077,-1,APPROVED
2026-09-02 11:54:06.991161+05:30,23819.75,23819.75,23719.45,23819.75,12701.0,0.1585,LOW_TOXICITY,2.9e-05,0.7434,HOLD,0,0,0.5,0.0,-1,APPROVED
2026-09-02 11:55:00.342910+05:30,23826.2,23826.2,23725.88,23826.2,12701.0,0.1542,LOW_TOXICITY,2.7e-05,1.2273,HOLD,0,0,0.5,0.028,-1,APPROVED
2026-09-02 11:55:00.705582+05:30,23808.8,23808.8,23708.55,23808.8,12701.0,0.1463,LOW_TOXICITY,-1.7e-05,1.4897,HOLD,0,0,0.5,0.022,-1,APPROVED
2026-09-02 11:55:00.450182+05:30,24000.0,24000.0,23898.94,24000.0,12701.0,0.1244,LOW_TOXICITY,-0.0,0.8831,HOLD,0,0,0.5,0.077,-1,APPROVED
2026-09-02 11:55:01.530545+05:30,23827.0,23827.0,23726.67,23827.0,12701.0,0.154,LOW_TOXICITY,2.7e-05,1.3491,HOLD,0,0,0.5,0.028,-1,APPROVED
2026-09-02 11:55:02.460826+05:30,23825.85,23825.85,23725.53,23825.85,12701.0,0.1529,LOW_TOXICITY,2.3e-05,1.1381,HOLD,0,0,0.5,0.028,-1,APPROVED
2026-09-02 11:55:03.621232+05:30,23827.85,23827.85,23727.52,23827.85,12701.0,0.1585,LOW_TOXICITY,3.9e-05,0.7536,HOLD,0,0,0.5,0.002,-1,APPROVED
2026-09-02 11:56:00.291663+05:30,23827.85,23827.85,23727.52,23827.85,12701.0,0.1585,LOW_TOXICITY,3.9e-05,0.7007,HOLD,0,0,0.5,0.002,-1,APPROVED
2026-09-02 11:56:00.479593+05:30,23824.2,23824.2,23723.98,23824.2,12701.0,0.1529,LOW_TOXICITY,2.9e-05,1.1381,HOLD,0,0,0.5,0.027,-1,APPROVED
2026-09-02 11:56:01.027014+05:30,23822.15,23822.15,23721.84,23822.15,12701.0,0.154,LOW_TOXICITY,2.5e-05,1.3493,HOLD,0,0,0.5,0.027,-1,APPROVED
2026-09-02 11:56:01.852933+05:30,24000.0,24000.0,23723.09,24000.0,12701.0,0.1244,LOW_TOXICITY,-0.0,0.8831,HOLD,0,0,0.5,0.077,-1,APPROVED
2026-09-02 11:56:04.994360+05:30,23826.2,23826.2,23725.88,23826.2,12701.0,0.1542,LOW_TOXICITY,2.7e-05,1.2272,HOLD,0,0,0.5,0.028,-1,APPROVED
2026-09-02 11:56:05.368802+05:30,23808.8,23808.8,23722.74,23808.8,12701.0,0.1463,LOW_TOXICITY,-1.5e-05,1.4902,HOLD,0,0,0.5,0.022,-1,APPROVED
2026-09-02 11:57:01.695671+05:30,23826.2,23826.2,23725.88,23826.2,12701.0,0.1542,LOW_TOXICITY,3.9e-05,1.2271,HOLD,0,0,0.5,0.028,-1,APPROVED
2026-09-02 11:57:00.864728+05:30,23817.3,23817.3,23717.01,23817.3,12701.0,0.154,LOW_TOXICITY,1.6e-05,1.3495,HOLD,0,0,0.5,0.025,-1,APPROVED
2026-09-02 11:57:01.929754+05:30,23817.9,23817.9,23717.61,23817.9,12701.0,0.1463,LOW_TOXICITY,1e-05,1.4907,HOLD,0,0,0.5,0.025,-1,APPROVED
2026-09-02 11:57:02.435623+05:30,23818.05,23818.05,23716.76,23818.05,12701.0,0.1529,LOW_TOXICITY,1.9e-05,1.1381,HOLD,0,0,0.5,0.025,-1,APPROVED
2026-09-02 11:57:03.183797+05:30,24000.0,24000.0,23717.01,24000.0,12701.0,0.1244,LOW_TOXICITY,-0.0,0.8897,HOLD,0,0,0.5,0.077,-1,APPROVED
2026-09-02 11:57:05.001618+05:30,23827.85,23827.85,23718.11,23827.85,12701.0,0.1585,LOW_TOXICITY,3.9e-05,0.7007,HOLD,0,0,0.5,0.002,-1,APPROVED
2026-09-02 11:58:00.545449+05:30,23814.25,23814.25,23713.98,23814.25,12701.0,0.1529,LOW_TOXICITY,8e-06,1.1381,HOLD,0,0,0.5,0.024,-1,APPROVED
2026-09-02 11:58:00.850873+05:30,23817.1,23817.1,23716.81,23817.1,12701.0,0.154,LOW_TOXICITY,1.4e-05,1.3498,HOLD,0,0,0.5,0.025,-1,APPROVED
2026-09-02 11:58:01.684888+05:30,23814.15,23814.15,23713.88,23814.15,12701.0,0.1585,LOW_TOXICITY,6e-06,0.6408,HOLD,0,0,0.5,0.0,-1,APPROVED
2026-09-02 11:58:04.508247+05:30,24000.0,24000.0,23898.94,24000.0,12701.0,0.1244,LOW_TOXICITY,-0.0,0.8897,HOLD,0,0,0.5,0.077,-1,APPROVED
2026-09-02 11:58:06.602496+05:30,23826.2,23826.2,23725.88,23826.2,12701.0,0.1606,LOW_TOXICITY,3.9e-05,1.227,HOLD,0,0,0.5,0.028,-1,APPROVED
2026-09-02 11:58:06.784760+05:30,23817.9,23817.9,23717.61,23817.9,12701.0,0.1463,LOW_TOXICITY,1e-05,1.4911,HOLD,0,0,0.5,0.025,-1,APPROVED
2026-09-02 11:59:00.296763+05:30,23812.9,23812.9,23712.63,23812.9,12701.0,0.1542,LOW_TOXICITY,-1e-05,1.35,HOLD,0,0,0.5,0.024,-1,APPROVED
2026-09-02 11:59:00.833443+05:30,24000.0,24000.0,23898.94,24000.0,12701.0,0.1244,LOW_TOXICITY,-0.0,0.8897,HOLD,0,0,0.5,0.077,-1,APPROVED
2026-09-02 11:59:01.762985+05:30,23811.9,23811.9,23711.64,23811.9,12701.0,0.1529,LOW_TOXICITY,-6e-06,1.1381,HOLD,0,0,0.5,0.023,-1,APPROVED
2026-09-02 11:59:03.247402+05:30,23812.55,23812.55,23712.28,23812.55,12701.0,0.1606,LOW_TOXICITY,-8e-06,1.2268,HOLD,0,0,0.5,0.024,-1,APPROVED
2026-09-02 11:59:03.438128+05:30,23817.9,23817.9,23717.61,23817.9,12701.0,0.1463,LOW_TOXICITY,1e-05,1.4916,HOLD,0,0,0.5,0.025,-1,APPROVED
2026-09-02 11:59:06.345814+05:30,23814.15,23814.15,23713.88,23814.15,12701.0,0.155,LOW_TOXICITY,1e-06,0.6949,HOLD,0,0,0.5,0.0,-1,APPROVED
2026-09-02 12:00:00.081007+05:30,23817.9,23817.9,23714.27,23817.9,12701.0,0.1463,LOW_TOXICITY,1.8e-05,1.4921,HOLD,0,0,0.5,0.025,-1,APPROVED
2026-09-02 12:00:02.130700+05:30,24000.0,24000.0,23898.94,24000.0,12701.0,0.1244,LOW_TOXICITY,-0.0,0.8897,HOLD,0,0,0.5,0.077,-1,APPROVED
2026-09-02 12:00:02.973406+05:30,23813.65,23813.65,23713.38,23813.65,12701.0,0.155,LOW_TOXICITY,-1e-06,0.6919,HOLD,0,0,0.5,0.0,-1,APPROVED
2026-09-02 12:00:02.989514+05:30,23813.55,23813.55,23713.28,23813.55,12701.0,0.1498,LOW_TOXICITY,7e-06,1.1381,HOLD,0,0,0.5,0.024,-1,APPROVED
2026-09-02 12:00:05.843629+05:30,23814.35,23814.35,23714.08,23814.35,12701.0,0.1542,LOW_TOXICITY,1e-05,1.3502,HOLD,0,0,0.5,0.024,-1,APPROVED
2026-09-02 12:00:07.860673+05:30,23812.55,23812.55,23712.68,23812.55,12701.0,0.1606,LOW_TOXICITY,-8e-06,1.2267,HOLD,0,0,0.5,0.024,-1,APPROVED
2026-09-02 12:01:00.348961+05:30,23815.65,23815.65,23715.37,23815.65,12701.0,0.1498,LOW_TOXICITY,1.5e-05,1.1381,HOLD,0,0,0.5,0.025,-1,APPROVED
2026-09-02 12:01:03.430789+05:30,23816.7,23922.06,23816.7,23816.7,12701.0,0.1244,LOW_TOXICITY,-0.000511,2.2054,SELL,-1,-1,0.5,0.019,-1,VETO
2026-09-02 12:01:04.533403+05:30,23812.95,23812.95,23712.68,23812.95,12701.0,0.1606,LOW_TOXICITY,1.1e-05,0.6872,HOLD,0,0,0.5,0.024,-1,APPROVED
2026-09-02 12:01:04.745829+05:30,23814.55,23814.55,23714.27,23814.55,12701.0,0.1463,LOW_TOXICITY,9e-06,1.4926,HOLD,0,0,0.5,0.024,-1,APPROVED
2026-09-02 12:01:04.925417+05:30,23816.25,23816.25,23715.97,23816.25,12701.0,0.1542,LOW_TOXICITY,1.9e-05,1.3504,HOLD,0,0,0.5,0.025,-1,APPROVED
2026-09-02 12:01:07.557040+05:30,23815.65,23815.65,23715.37,23815.65,12701.0,0.155,LOW_TOXICITY,1.9e-05,0.707,HOLD,0,0,0.5,0.0,-1,APPROVED
2026-09-02 12:02:01.200062+05:30,23812.95,23812.95,23712.68,23812.95,12701.0,0.1606,LOW_TOXICITY,8e-06,0.6849,HOLD,0,0,0.5,0.024,-1,APPROVED
2026-09-02 12:02:01.352038+05:30,23814.55,23814.55,23714.27,23814.55,12701.0,0.145,LOW_TOXICITY,1.7e-05,1.4931,HOLD,0,0,0.5,0.024,-1,APPROVED
2026-09-02 12:02:01.187760+05:30,23816.6,23816.6,23716.32,23816.6,12701.0,0.1498,LOW_TOXICITY,2.2e-05,1.1381,HOLD,0,0,0.5,0.025,-1,APPROVED
2026-09-02 12:02:04.134638+05:30,23815.8,23815.8,23715.52,23815.8,12701.0,0.155,LOW_TOXICITY,1.9e-05,0.6957,HOLD,0,0,0.5,0.0,-1,APPROVED
2026-09-02 12:02:04.123067+05:30,23817.25,23817.25,23715.12,23817.25,12701.0,0.1542,LOW_TOXICITY,2.4e-05,0.6909,HOLD,0,0,0.5,0.025,-1,APPROVED
2026-09-02 12:02:04.694535+05:30,24000.0,24000.0,23898.94,24000.0,12701.0,0.1244,LOW_TOXICITY,-0.0,2.798,HOLD,0,0,0.5,0.077,-1,APPROVED
2026-09-02 12:03:00.983356+05:30,23813.0,23813.0,23712.73,23813.0,12701.0,0.155,LOW_TOXICITY,1.4e-05,0.6792,HOLD,0,0,0.5,0.0,-1,APPROVED
2026-09-02 12:03:01.109101+05:30,24000.0,24000.0,23712.43,24000.0,12701.0,0.1164,LOW_TOXICITY,-0.0,0.8897,HOLD,0,0,0.5,0.077,-1,APPROVED
2026-09-02 12:03:03.405477+05:30,23814.05,23814.05,23713.78,23814.05,12701.0,0.1498,LOW_TOXICITY,1.6e-05,1.1381,HOLD,0,0,0.5,0.024,-1,APPROVED
2026-09-02 12:03:04.177707+05:30,23812.85,23812.85,23712.58,23812.85,12701.0,0.1542,LOW_TOXICITY,1.3e-05,0.6617,HOLD,0,0,0.5,0.024,-1,APPROVED
2026-09-02 12:03:05.946323+05:30,23811.9,23811.9,23711.64,23811.9,12701.0,0.1606,LOW_TOXICITY,1.2e-05,0.679,HOLD,0,0,0.5,0.023,-1,APPROVED
2026-09-02 12:03:06.120440+05:30,23814.55,23814.55,23714.27,23814.55,12701.0,0.145,LOW_TOXICITY,1.6e-05,1.4935,HOLD,0,0,0.5,0.024,-1,APPROVED
2026-09-02 12:04:01.233284+05:30,23804.4,23804.4,23704.17,23804.4,12701.0,0.1498,LOW_TOXICITY,-2.5e-05,1.1369,HOLD,0,0,0.5,0.021,-1,APPROVED
2026-09-02 12:04:02.603132+05:30,23811.9,23811.9,23711.64,23811.9,12701.0,0.1606,LOW_TOXICITY,1.2e-05,0.6849,HOLD,0,0,0.5,0.023,-1,APPROVED
2026-09-02 12:04:02.833993+05:30,23814.55,23814.55,23704.02,23814.55,12701.0,0.145,LOW_TOXICITY,1.6e-05,1.494,HOLD,0,0,0.5,0.024,-1,APPROVED
2026-09-02 12:04:02.603142+05:30,24000.0,24000.0,23898.94,24000.0,12701.0,0.1164,LOW_TOXICITY,-0.0,0.8897,HOLD,0,0,0.5,0.077,-1,APPROVED
2026-09-02 12:04:03.680311+05:30,23806.5,23806.5,23704.22,23806.5,12701.0,0.1542,LOW_TOXICITY,-1.8e-05,0.6527,HOLD,0,0,0.5,0.022,-1,APPROVED
2026-09-02 12:04:05.671472+05:30,23813.0,23813.0,23712.73,23813.0,12701.0,0.155,LOW_TOXICITY,3e-06,0.6949,HOLD,0,0,0.5,0.0,-1,APPROVED
2026-09-02 12:05:02.291327+05:30,23805.1,23805.1,23704.86,23805.1,12701.0,0.155,LOW_TOXICITY,-1.9e-05,0.6548,HOLD,0,0,0.5,0.0,-1,APPROVED
2026-09-02 12:05:03.122620+05:30,23803.35,23803.35,23703.12,23803.35,12701.0,0.1498,LOW_TOXICITY,-3.2e-05,1.1369,HOLD,0,0,0.5,0.021,-1,APPROVED
2026-09-02 12:05:03.394154+05:30,23806.05,23806.05,23705.81,23806.05,12701.0,0.1542,LOW_TOXICITY,-1.8e-05,0.6825,HOLD,0,0,0.5,0.021,-1,APPROVED
2026-09-02 12:05:04.122564+05:30,23805.8,23922.06,23805.8,23805.8,12701.0,0.1164,LOW_TOXICITY,-2.1e-05,2.3364,HOLD,0,0,0.5,0.016,-1,APPROVED
2026-09-02 12:05:07.393267+05:30,23806.05,23806.05,23705.81,23806.05,12701.0,0.1606,LOW_TOXICITY,-1.8e-05,0.6548,HOLD,0,0,0.5,0.021,-1,APPROVED
2026-09-02 12:05:07.671038+05:30,23804.25,23804.25,23704.02,23804.25,12701.0,0.145,LOW_TOXICITY,-1.3e-05,1.8585,HOLD,0,0,0.5,0.021,-1,APPROVED
2026-09-02 12:06:00.565683+05:30,24000.0,24000.0,23898.94,24000.0,12701.0,0.1164,LOW_TOXICITY,-0.0,2.9326,HOLD,0,0,0.5,0.077,-1,APPROVED
2026-09-02 12:06:01.408535+05:30,23808.3,23808.3,23707.65,23808.3,12701.0,0.1498,LOW_TOXICITY,-1.4e-05,1.1369,HOLD,0,0,0.5,0.022,-1,APPROVED
2026-09-02 12:06:03.225587+05:30,23808.45,23808.45,23708.2,23808.45,12701.0,0.1542,LOW_TOXICITY,-1.5e-05,0.6994,HOLD,0,0,0.5,0.022,-1,APPROVED
2026-09-02 12:06:04.093515+05:30,23806.05,23806.05,23705.81,23806.05,12701.0,0.1606,LOW_TOXICITY,-1.8e-05,0.6849,HOLD,0,0,0.5,0.021,-1,APPROVED
2026-09-02 12:06:04.448954+05:30,23804.25,23804.25,23708.65,23804.25,12701.0,0.145,LOW_TOXICITY,-1.3e-05,1.8592,HOLD,0,0,0.5,0.021,-1,APPROVED
2026-09-02 12:06:07.108151+05:30,23808.15,23808.15,23707.9,23808.15,12701.0,0.155,LOW_TOXICITY,-1.4e-05,0.7136,HOLD,0,0,0.5,0.0,-1,APPROVED
2026-09-02 12:07:00.871680+05:30,23812.05,23812.05,23711.78,23812.05,12701.0,0.1606,LOW_TOXICITY,-2e-06,0.7227,HOLD,0,0,0.5,0.023,-1,APPROVED
2026-09-02 12:07:01.119668+05:30,23808.9,23808.9,23708.65,23808.9,12701.0,0.145,LOW_TOXICITY,0.0,1.8598,HOLD,0,0,0.5,0.022,-1,APPROVED
2026-09-02 12:07:02.065784+05:30,23810.95,23922.06,23810.95,23810.95,12701.0,0.1164,LOW_TOXICITY,-0.000527,2.2741,SELL,-1,-1,0.5,0.017,-1,VETO
2026-09-02 12:07:02.848752+05:30,23812.0,23812.0,23711.74,23812.0,12701.0,0.1498,LOW_TOXICITY,-3e-06,1.1369,HOLD,0,0,0.5,0.023,-1,APPROVED
2026-09-02 12:07:03.814549+05:30,23808.15,23808.15,23707.9,23808.15,12701.0,0.155,LOW_TOXICITY,-1.4e-05,0.6949,HOLD,0,0,0.5,0.0,-1,APPROVED
2026-09-02 12:07:02.942336+05:30,23811.85,23811.85,23711.59,23811.85,12701.0,0.1542,LOW_TOXICITY,-1e-05,0.7057,HOLD,0,0,0.5,0.023,-1,APPROVED
2026-09-02 12:08:00.533273+05:30,23809.3,23809.3,23709.05,23809.3,12701.0,0.1542,LOW_TOXICITY,-1.1e-05,0.7017,HOLD,0,0,0.5,0.0,-1,APPROVED
2026-09-02 12:08:00.952938+05:30,23807.1,23807.1,23709.15,23807.1,12701.0,0.1498,LOW_TOXICITY,-2e-05,1.1369,HOLD,0,0,0.5,0.022,-1,APPROVED
2026-09-02 12:08:02.395952+05:30,23808.9,23808.9,23708.65,23808.9,12701.0,0.1542,LOW_TOXICITY,-1.4e-05,0.669,HOLD,0,0,0.5,0.022,-1,APPROVED
2026-09-02 12:08:03.469453+05:30,24000.0,24000.0,23708.7,24000.0,12701.0,0.1164,LOW_TOXICITY,-0.0,2.8754,HOLD,0,0,0.5,0.077,-1,APPROVED
2026-09-02 12:08:05.526247+05:30,23812.05,23812.05,23711.78,23812.05,12701.0,0.1615,LOW_TOXICITY,-6e-06,0.6849,HOLD,0,0,0.5,0.023,-1,APPROVED
2026-09-02 12:08:05.786045+05:30,23808.9,23808.9,23708.65,23808.9,12701.0,0.145,LOW_TOXICITY,0.0,1.8605,HOLD,0,0,0.5,0.022,-1,APPROVED
2026-09-02 12:09:02.152662+05:30,23812.05,23812.05,23707.8,23812.05,12701.0,0.1615,LOW_TOXICITY,-1.9e-05,0.6849,HOLD,0,0,0.5,0.023,-1,APPROVED
2026-09-02 12:09:02.416624+05:30,23808.9,23808.9,23708.65,23808.9,12701.0,0.145,LOW_TOXICITY,0.0,1.8611,HOLD,0,0,0.5,0.022,-1,APPROVED
2026-09-02 12:09:01.784977+05:30,23808.2,23808.2,23707.95,23808.2,12701.0,0.1538,LOW_TOXICITY,-2.9e-05,0.6811,HOLD,0,0,0.5,0.022,-1,APPROVED
2026-09-02 12:09:03.240742+05:30,23808.7,23808.7,23709.64,23808.7,12701.0,0.1498,LOW_TOXICITY,-3.1e-05,1.1369,HOLD,0,0,0.5,0.022,-1,APPROVED
2026-09-02 12:09:05.174820+05:30,23808.65,23808.65,23708.4,23808.65,12701.0,0.1542,LOW_TOXICITY,-3.1e-05,1.4892,HOLD,0,0,0.5,0.0,-1,APPROVED
2026-09-02 12:09:04.855617+05:30,24000.0,24000.0,23898.94,24000.0,12701.0,0.1164,LOW_TOXICITY,-0.0,0.8999,HOLD,0,0,0.5,0.077,-1,APPROVED
2026-09-02 12:10:01.293040+05:30,24000.0,24000.0,23898.94,24000.0,12701.0,0.1164,LOW_TOXICITY,-0.0,0.8999,HOLD,0,0,0.5,0.077,-1,APPROVED
2026-09-02 12:10:02.008863+05:30,23808.65,23808.65,23708.4,23808.65,12701.0,0.1542,LOW_TOXICITY,-5.4e-05,1.4892,HOLD,0,0,0.5,0.0,-1,APPROVED
2026-09-02 12:10:01.227219+05:30,23812.55,23812.55,23711.88,23812.55,12701.0,0.1422,LOW_TOXICITY,-3.7e-05,1.1369,HOLD,0,0,0.5,0.024,-1,APPROVED
2026-09-02 12:10:01.852630+05:30,23812.35,23812.35,23712.08,23812.35,12701.0,0.1538,LOW_TOXICITY,-4.1e-05,0.7105,HOLD,0,0,0.5,0.023,-1,APPROVED
2026-09-02 12:10:06.957232+05:30,23808.05,23808.05,23711.59,23808.05,12701.0,0.1615,LOW_TOXICITY,-5.1e-05,0.6635,HOLD,0,0,0.5,0.022,-1,APPROVED
2026-09-02 12:10:07.422480+05:30,23808.9,23808.9,23708.65,23808.9,12701.0,0.145,LOW_TOXICITY,0.0,1.8618,HOLD,0,0,0.5,0.022,-1,APPROVED
2026-09-02 12:11:00.027555+05:30,23816.75,23816.75,23716.47,23816.75,12701.0,0.1422,LOW_TOXICITY,-2.1e-05,1.1369,HOLD,0,0,0.5,0.025,-1,APPROVED
2026-09-02 12:11:01.699869+05:30,23816.75,23816.75,23716.47,23816.75,12701.0,0.1538,LOW_TOXICITY,-1.5e-05,0.7121,HOLD,0,0,0.5,0.025,-1,APPROVED
2026-09-02 12:11:02.921993+05:30,24000.0,24000.0,23718.01,24000.0,12701.0,0.1164,LOW_TOXICITY,-0.0,0.8999,HOLD,0,0,0.5,0.077,-1,APPROVED
2026-09-02 12:11:03.665851+05:30,23811.85,23811.85,23711.59,23811.85,12701.0,0.1615,LOW_TOXICITY,-4e-05,1.9555,HOLD,0,0,0.5,0.023,-1,APPROVED
2026-09-02 12:11:04.085029+05:30,23808.9,23808.9,23708.65,23808.9,12701.0,0.1408,LOW_TOXICITY,0.0,1.8624,HOLD,0,0,0.5,0.022,-1,APPROVED
2026-09-02 12:11:06.939579+05:30,23818.95,23818.95,23718.66,23818.95,12701.0,0.1542,LOW_TOXICITY,-2.5e-05,1.4892,HOLD,0,0,0.5,0.0,-1,APPROVED
2026-09-02 12:12:00.299462+05:30,23811.85,23811.85,23711.59,23811.85,12701.0,0.1615,LOW_TOXICITY,-4e-05,1.9565,HOLD,0,0,0.5,0.023,-1,APPROVED
2026-09-02 12:12:00.682239+05:30,23808.9,23808.9,23731.0,23808.9,12701.0,0.1408,LOW_TOXICITY,-2.5e-05,1.8631,HOLD,0,0,0.5,0.022,-1,APPROVED
2026-09-02 12:12:01.188380+05:30,23830.15,23830.15,23729.81,23830.15,12701.0,0.1538,LOW_TOXICITY,3.6e-05,3.156,HOLD,0,0,0.5,0.029,-1,APPROVED
2026-09-02 12:12:01.578738+05:30,23832.25,23832.25,23730.06,23832.25,12701.0,0.1422,LOW_TOXICITY,4e-05,1.1369,HOLD,0,0,0.5,0.03,-1,APPROVED
2026-09-02 12:12:03.605205+05:30,23818.95,23818.95,23718.66,23818.95,12701.0,0.1542,LOW_TOXICITY,-2.5e-05,1.4892,HOLD,0,0,0.5,0.0,-1,APPROVED
2026-09-02 12:12:04.250005+05:30,23831.95,23922.06,23831.95,23831.95,12701.0,0.1154,LOW_TOXICITY,-0.000468,2.0249,SELL,1,1,0.7347,0.024,-1,VETO
2026-09-02 12:13:00.570401+05:30,23836.05,23836.05,23735.68,23836.05,12701.0,0.1542,LOW_TOXICITY,6.1e-05,1.4892,HOLD,0,0,0.5,0.005,-1,APPROVED
2026-09-02 12:13:00.826041+05:30,24000.0,24000.0,23898.94,24000.0,12701.0,0.1154,LOW_TOXICITY,-0.0,2.6175,HOLD,0,0,0.5,0.077,-1,APPROVED
2026-09-02 12:13:00.798512+05:30,23833.9,23833.9,23733.54,23833.9,12701.0,0.1538,LOW_TOXICITY,4.7e-05,3.1462,HOLD,0,0,0.5,0.03,-1,APPROVED
2026-09-02 12:13:02.934373+05:30,23835.85,23835.85,23735.48,23835.85,12701.0,0.1422,LOW_TOXICITY,6e-05,1.1369,HOLD,0,0,0.5,0.031,-1,APPROVED
2026-09-02 12:13:04.975923+05:30,23811.85,23811.85,23711.59,23811.85,12701.0,0.1615,LOW_TOXICITY,-4e-05,1.9574,HOLD,0,0,0.5,0.023,-1,APPROVED
2026-09-02 12:13:05.346586+05:30,23837.05,23837.05,23736.68,23837.05,12701.0,0.1408,LOW_TOXICITY,5.4e-05,1.8637,HOLD,0,0,0.5,0.031,-1,APPROVED
2026-09-02 12:14:01.757323+05:30,23811.85,23811.85,23711.59,23811.85,12701.0,0.1615,LOW_TOXICITY,-2e-06,1.9583,HOLD,0,0,0.5,0.023,-1,APPROVED
2026-09-02 12:14:01.007521+05:30,23837.75,23837.75,23737.08,23837.75,12701.0,0.1538,LOW_TOXICITY,7e-05,3.1364,HOLD,0,0,0.5,0.032,-1,APPROVED
2026-09-02 12:14:01.398712+05:30,23837.1,23837.1,23736.73,23837.1,12701.0,0.1422,LOW_TOXICITY,7.1e-05,1.1833,HOLD,0,0,0.5,0.031,-1,APPROVED
2026-09-02 12:14:02.128453+05:30,23837.05,23837.05,23736.68,23837.05,12701.0,0.1408,LOW_TOXICITY,5.4e-05,1.8644,HOLD,0,0,0.5,0.031,-1,APPROVED
2026-09-02 12:14:02.527608+05:30,24000.0,24000.0,23898.94,24000.0,12701.0,0.1154,LOW_TOXICITY,-0.0,0.8999,HOLD,0,0,0.5,0.077,-1,APPROVED
2026-09-02 12:14:05.382076+05:30,23837.7,23837.7,23737.33,23837.7,12701.0,0.1542,LOW_TOXICITY,6.6e-05,1.4893,HOLD,0,0,0.5,0.005,-1,APPROVED
2026-09-02 12:15:00.894077+05:30,23838.2,23838.2,23737.82,23838.2,12701.0,0.1538,LOW_TOXICITY,6.7e-05,3.1267,HOLD,0,0,0.5,0.032,-1,APPROVED
2026-09-02 12:15:02.106234+05:30,23838.8,23838.8,23738.42,23838.8,12701.0,0.1542,LOW_TOXICITY,7e-05,1.4893,HOLD,0,0,0.5,0.006,-1,APPROVED
2026-09-02 12:15:03.052702+05:30,23838.2,23838.2,23737.82,23838.2,12701.0,0.1422,LOW_TOXICITY,6.9e-05,1.1833,HOLD,0,0,0.5,0.032,-1,APPROVED
2026-09-02 12:15:03.921668+05:30,23839.05,23922.06,23839.05,23839.05,12701.0,0.1154,LOW_TOXICITY,-0.000449,1.942,SELL,1,1,0.6339,0.026,-1,VETO
2026-09-02 12:15:06.569214+05:30,23840.0,23840.0,23739.62,23840.0,12701.0,0.1615,LOW_TOXICITY,7.7e-05,1.9592,HOLD,0,0,0.5,0.032,-1,APPROVED
2026-09-02 12:15:06.975301+05:30,23837.05,23837.05,23736.68,23837.05,12701.0,0.1408,LOW_TOXICITY,5.4e-05,1.3548,HOLD,0,0,0.5,0.031,-1,APPROVED
2026-09-02 12:16:00.187905+05:30,23836.3,23922.06,23836.3,23836.3,12701.0,0.1154,LOW_TOXICITY,5.5e-05,0.888,HOLD,0,0,0.5,0.026,-1,APPROVED
2026-09-02 12:16:00.758158+05:30,23837.25,23837.25,23735.78,23837.25,12701.0,0.1538,LOW_TOXICITY,5.9e-05,3.117,HOLD,0,0,0.5,0.031,-1,APPROVED
2026-09-02 12:16:02.346054+05:30,23836.4,23836.4,23736.03,23836.4,12701.0,0.1422,LOW_TOXICITY,5.8e-05,1.1832,HOLD,0,0,0.5,0.031,-1,APPROVED
2026-09-02 12:16:03.324018+05:30,23840.0,23840.0,23739.62,23840.0,12701.0,0.1615,LOW_TOXICITY,7.6e-05,1.9601,HOLD,0,0,0.5,0.032,-1,APPROVED
2026-09-02 12:16:03.723944+05:30,23837.05,23837.05,23733.89,23837.05,12701.0,0.1408,LOW_TOXICITY,6.3e-05,1.3548,HOLD,0,0,0.5,0.031,-1,APPROVED
2026-09-02 12:16:06.734849+05:30,23838.8,23838.8,23738.42,23838.8,12701.0,0.1542,LOW_TOXICITY,6.5e-05,1.4893,HOLD,0,0,0.5,0.006,-1,APPROVED
2026-09-02 12:17:00.330403+05:30,23834.25,23834.25,23733.89,23834.25,12701.0,0.1408,LOW_TOXICITY,5.5e-05,1.3548,HOLD,0,0,0.5,0.03,-1,APPROVED
2026-09-02 12:17:00.579253+05:30,23837.0,23837.0,23736.88,23837.0,12701.0,0.1422,LOW_TOXICITY,5.7e-05,1.1832,HOLD,0,0,0.5,0.031,-1,APPROVED
2026-09-02 12:17:00.234014+05:30,23836.85,23836.85,23736.48,23836.85,12701.0,0.1538,LOW_TOXICITY,5.5e-05,3.1074,HOLD,0,0,0.5,0.031,-1,APPROVED
2026-09-02 12:17:01.525635+05:30,24000.0,24000.0,23736.08,24000.0,12701.0,0.1154,LOW_TOXICITY,0.0,2.5689,HOLD,0,0,0.5,0.077,-1,APPROVED
2026-09-02 12:17:03.332620+05:30,23838.8,23838.8,23736.88,23838.8,12701.0,0.1542,LOW_TOXICITY,6.4e-05,1.4893,HOLD,0,0,0.5,0.006,-1,APPROVED
2026-09-02 12:17:07.958670+05:30,23840.0,23840.0,23739.62,23840.0,12701.0,0.1591,LOW_TOXICITY,7.6e-05,1.961,HOLD,0,0,0.5,0.032,-1,APPROVED
2026-09-02 12:18:02.590027+05:30,23840.1,23840.1,23739.72,23840.1,12701.0,0.1422,LOW_TOXICITY,7.3e-05,1.1832,HOLD,0,0,0.5,0.032,-1,APPROVED
2026-09-02 12:18:03.024311+05:30,24000.0,24000.0,23739.67,24000.0,12701.0,0.1154,LOW_TOXICITY,0.0,0.9087,HOLD,0,0,0.5,0.077,-1,APPROVED
2026-09-02 12:18:04.594910+05:30,23840.0,23840.0,23739.62,23840.0,12701.0,0.1591,LOW_TOXICITY,7.9e-05,1.9619,HOLD,0,0,0.5,0.032,-1,APPROVED
2026-09-02 12:18:04.905880+05:30,23834.25,23834.25,23739.62,23834.25,12701.0,0.1408,LOW_TOXICITY,5.5e-05,1.3549,HOLD,0,0,0.5,0.03,-1,APPROVED
2026-09-02 12:18:06.583208+05:30,23842.45,23842.45,23738.57,23842.45,12701.0,0.1578,LOW_TOXICITY,8.3e-05,3.0978,HOLD,0,0,0.5,0.033,-1,APPROVED
2026-09-02 12:18:07.986543+05:30,23837.25,23837.25,23736.88,23837.25,12701.0,0.1511,LOW_TOXICITY,6.8e-05,1.4893,HOLD,0,0,0.5,0.005,-1,APPROVED
2026-09-02 12:19:01.377607+05:30,23840.0,23840.0,23739.62,23840.0,12701.0,0.1591,LOW_TOXICITY,7.9e-05,1.9629,HOLD,0,0,0.5,0.032,-1,APPROVED
2026-09-02 12:19:01.573774+05:30,23840.0,23840.0,23731.05,23840.0,12701.0,0.1408,LOW_TOXICITY,7.1e-05,1.3549,HOLD,0,0,0.5,0.032,-1,APPROVED
2026-09-02 12:19:01.024029+05:30,23832.0,23832.0,23731.65,23832.0,12701.0,0.1466,LOW_TOXICITY,7.7e-05,1.1832,HOLD,0,0,0.5,0.03,-1,APPROVED
2026-09-02 12:19:04.858509+05:30,23837.25,23837.25,23736.88,23837.25,12701.0,0.1511,LOW_TOXICITY,6.8e-05,0.6902,HOLD,0,0,0.5,0.005,-1,APPROVED
2026-09-02 12:19:04.432366+05:30,23831.15,23922.06,23831.15,23831.15,12701.0,0.1154,LOW_TOXICITY,-0.000471,2.0364,SELL,1,1,0.7347,0.024,-1,VETO
2026-09-02 12:19:06.404138+05:30,23829.55,23829.55,23729.21,23829.55,12701.0,0.1578,LOW_TOXICITY,6.5e-05,3.0882,HOLD,0,0,0.5,0.029,-1,APPROVED
2026-09-02 12:20:01.581663+05:30,23837.25,23837.25,23736.88,23837.25,12701.0,0.1511,LOW_TOXICITY,9e-05,0.6902,HOLD,0,0,0.5,0.005,-1,APPROVED
2026-09-02 12:20:00.829310+05:30,23828.8,23922.06,23828.8,23828.8,12701.0,0.1154,LOW_TOXICITY,6.4e-05,0.8985,HOLD,0,0,0.5,0.023,-1,APPROVED
2026-09-02 12:20:02.417014+05:30,23827.05,23827.05,23726.72,23827.05,12701.0,0.1466,LOW_TOXICITY,6.6e-05,1.1831,HOLD,0,0,0.5,0.028,-1,APPROVED
2026-09-02 12:20:06.188839+05:30,23840.0,23840.0,23739.62,23840.0,12701.0,0.1591,LOW_TOXICITY,9.5e-05,1.9638,HOLD,0,0,0.5,0.032,-1,APPROVED
2026-09-02 12:20:06.314889+05:30,23831.4,23831.4,23731.05,23831.4,12701.0,0.1408,LOW_TOXICITY,7.6e-05,1.3549,HOLD,0,0,0.5,0.03,-1,APPROVED
2026-09-02 12:20:06.066755+05:30,23827.3,23827.3,23726.97,23827.3,12701.0,0.1578,LOW_TOXICITY,5.9e-05,3.0787,HOLD,0,0,0.5,0.028,-1,APPROVED
2026-09-02 12:21:00.462081+05:30,23823.2,23823.2,23722.89,23823.2,12701.0,0.1466,LOW_TOXICITY,4.2e-05,1.1831,HOLD,0,0,0.5,0.027,-1,APPROVED
2026-09-02 12:21:02.830987+05:30,23840.0,23840.0,23739.62,23840.0,12701.0,0.1591,LOW_TOXICITY,9.5e-05,1.446,HOLD,0,0,0.5,0.032,-1,APPROVED
2026-09-02 12:21:02.926329+05:30,23831.4,23831.4,23731.05,23831.4,12701.0,0.1338,LOW_TOXICITY,7.6e-05,1.3549,HOLD,0,0,0.5,0.03,-1,APPROVED
2026-09-02 12:21:02.277564+05:30,23818.75,23922.06,23818.75,23818.75,12701.0,0.1154,LOW_TOXICITY,-0.000505,0.8715,SELL,-1,-1,0.5,0.02,-1,VETO
2026-09-02 12:21:05.298224+05:30,23819.7,23819.7,23719.4,23819.7,12701.0,0.1578,LOW_TOXICITY,3.1e-05,3.0692,HOLD,0,0,0.5,0.026,-1,APPROVED
2026-09-02 12:21:06.204424+05:30,23837.25,23837.25,23736.88,23837.25,12701.0,0.1511,LOW_TOXICITY,8.1e-05,0.6902,HOLD,0,0,0.5,0.005,-1,APPROVED
2026-09-02 12:22:01.503147+05:30,23827.5,23827.5,23727.17,23827.5,12701.0,0.1466,LOW_TOXICITY,4.3e-05,1.1831,HOLD,0,0,0.5,0.028,-1,APPROVED
2026-09-02 12:22:02.816773+05:30,23837.25,23837.25,23736.88,23837.25,12701.0,0.1511,LOW_TOXICITY,8.1e-05,0.6902,HOLD,0,0,0.5,0.005,-1,APPROVED
2026-09-02 12:22:03.664920+05:30,24000.0,24000.0,23726.87,24000.0,12701.0,0.1142,LOW_TOXICITY,0.000527,2.7836,BUY,1,1,0.6776,0.077,-1,APPROVED
2026-09-02 12:22:04.419630+05:30,23818.9,23818.9,23718.61,23818.9,12701.0,0.1578,LOW_TOXICITY,2e-05,1.7945,HOLD,0,0,0.5,0.026,-1,APPROVED
2026-09-02 12:22:07.545082+05:30,23831.4,23831.4,23731.05,23831.4,12701.0,0.1338,LOW_TOXICITY,6.3e-05,1.3549,HOLD,0,0,0.5,0.03,-1,APPROVED
2026-09-02 12:22:07.513065+05:30,23840.0,23840.0,23739.62,23840.0,12701.0,0.1591,LOW_TOXICITY,7.8e-05,1.4467,HOLD,0,0,0.5,0.032,-1,APPROVED
2026-09-02 12:23:00.683891+05:30,23823.45,23922.06,23823.45,23823.45,12701.0,0.1142,LOW_TOXICITY,-0.000492,2.127,SELL,1,1,0.5524,0.021,-1,VETO
2026-09-02 12:23:02.379193+05:30,23822.95,23822.95,23722.64,23822.95,12701.0,0.1466,LOW_TOXICITY,4.4e-05,1.1831,HOLD,0,0,0.5,0.027,-1,APPROVED
2026-09-02 12:23:03.401531+05:30,23823.3,23823.3,23722.99,23823.3,12701.0,0.1578,LOW_TOXICITY,4e-05,1.7953,HOLD,0,0,0.5,0.027,-1,APPROVED
2026-09-02 12:23:04.139276+05:30,23831.4,23831.4,23722.79,23831.4,12701.0,0.1338,LOW_TOXICITY,6.3e-05,1.3549,HOLD,0,0,0.5,0.03,-1,APPROVED
2026-09-02 12:23:04.139277+05:30,23840.0,23840.0,23739.62,23840.0,12701.0,0.1591,LOW_TOXICITY,7.8e-05,1.4473,HOLD,0,0,0.5,0.032,-1,APPROVED
2026-09-02 12:23:07.377158+05:30,23837.25,23837.25,23722.89,23837.25,12701.0,0.1511,LOW_TOXICITY,7.8e-05,0.6902,HOLD,0,0,0.5,0.005,-1,APPROVED
2026-09-02 12:24:00.749056+05:30,23840.0,23840.0,23739.62,23840.0,12701.0,0.1591,LOW_TOXICITY,7.8e-05,1.448,HOLD,0,0,0.5,0.032,-1,APPROVED
2026-09-02 12:24:00.749113+05:30,23826.4,23826.4,23726.07,23826.4,12701.0,0.1338,LOW_TOXICITY,4.9e-05,1.355,HOLD,0,0,0.5,0.028,-1,APPROVED
2026-09-02 12:24:01.966414+05:30,23825.35,23922.06,23825.35,23825.35,12701.0,0.1142,LOW_TOXICITY,-0.000487,0.9176,SELL,1,-1,0.6672,0.022,-1,VETO
2026-09-02 12:24:02.508330+05:30,23823.3,23823.3,23722.99,23823.3,12701.0,0.1578,LOW_TOXICITY,4.2e-05,1.7962,HOLD,0,0,0.5,0.027,-1,APPROVED
2026-09-02 12:24:03.005862+05:30,23825.4,23825.4,23725.08,23825.4,12701.0,0.1466,LOW_TOXICITY,4.7e-05,1.8029,HOLD,0,0,0.5,0.028,-1,APPROVED
2026-09-02 12:24:03.959467+05:30,23823.2,23823.2,23722.89,23823.2,12701.0,0.1511,LOW_TOXICITY,4.1e-05,0.6293,HOLD,0,0,0.5,0.001,-1,APPROVED
2026-09-02 12:25:00.583275+05:30,23825.9,23825.9,23725.58,23825.9,12701.0,0.1511,LOW_TOXICITY,4.8e-05,0.7067,HOLD,0,0,0.5,0.002,-1,APPROVED
2026-09-02 12:25:00.599300+05:30,23825.45,23825.45,23725.13,23825.45,12701.0,0.1466,LOW_TOXICITY,3.6e-05,1.8038,HOLD,0,0,0.5,0.028,-1,APPROVED
2026-09-02 12:25:01.659011+05:30,23826.3,23826.3,23725.97,23826.3,12701.0,0.1578,LOW_TOXICITY,3.9e-05,1.797,HOLD,0,0,0.5,0.028,-1,APPROVED
2026-09-02 12:25:03.316065+05:30,24000.0,24000.0,23725.58,24000.0,12701.0,0.1142,LOW_TOXICITY,0.0,2.7026,HOLD,0,0,0.5,0.077,-1,APPROVED
2026-09-02 12:25:05.372155+05:30,23826.25,23826.25,23725.93,23826.25,12701.0,0.1591,LOW_TOXICITY,5.1e-05,1.4486,HOLD,0,0,0.5,0.028,-1,APPROVED
2026-09-02 12:25:05.485475+05:30,23826.4,23826.4,23726.07,23826.4,12701.0,0.1338,LOW_TOXICITY,4.9e-05,1.2169,HOLD,0,0,0.5,0.028,-1,APPROVED
2026-09-02 12:26:01.014556+05:30,23827.1,23827.1,23726.77,23827.1,12701.0,0.1578,LOW_TOXICITY,2.9e-05,1.7979,HOLD,0,0,0.5,0.028,-1,APPROVED
2026-09-02 12:26:01.640565+05:30,23827.0,23827.0,23726.67,23827.0,12701.0,0.1466,LOW_TOXICITY,2.9e-05,1.8046,HOLD,0,0,0.5,0.028,-1,APPROVED
2026-09-02 12:26:02.136250+05:30,23826.5,23826.5,23726.17,23826.5,12701.0,0.1591,LOW_TOXICITY,4.1e-05,1.4493,HOLD,0,0,0.5,0.028,-1,APPROVED
2026-09-02 12:26:02.291648+05:30,23826.4,23826.4,23726.07,23826.4,12701.0,0.1338,LOW_TOXICITY,4.9e-05,1.2171,HOLD,0,0,0.5,0.028,-1,APPROVED
2026-09-02 12:26:05.240495+05:30,23825.9,23825.9,23725.58,23825.9,12701.0,0.1511,LOW_TOXICITY,1.9e-05,0.6902,HOLD,0,0,0.5,0.002,-1,APPROVED
2026-09-02 12:26:04.607567+05:30,23827.55,23922.06,23827.55,23827.55,12701.0,0.1142,LOW_TOXICITY,-0.000481,2.0786,SELL,1,1,0.5524,0.023,-1,VETO
2026-09-02 12:27:00.720293+05:30,23831.8,23831.8,23731.45,23831.8,12701.0,0.1578,LOW_TOXICITY,5e-06,1.7987,HOLD,0,0,0.5,0.03,-1,APPROVED
2026-09-02 12:27:00.955167+05:30,24000.0,24000.0,23898.94,24000.0,12701.0,0.1142,LOW_TOXICITY,0.000468,2.6787,BUY,1,1,0.6277,0.077,-1,APPROVED
2026-09-02 12:27:01.823087+05:30,23825.9,23825.9,23730.9,23825.9,12701.0,0.1433,LOW_TOXICITY,1.9e-05,0.6902,HOLD,0,0,0.5,0.002,-1,APPROVED
2026-09-02 12:27:03.082997+05:30,23831.75,23831.75,23731.4,23831.75,12701.0,0.1466,LOW_TOXICITY,-1e-06,1.8054,HOLD,0,0,0.5,0.03,-1,APPROVED
2026-09-02 12:27:06.868771+05:30,23832.1,23832.1,23731.75,23832.1,12701.0,0.1529,LOW_TOXICITY,5.7e-05,1.45,HOLD,0,0,0.5,0.03,-1,APPROVED
2026-09-02 12:27:06.948535+05:30,23826.4,23826.4,23726.07,23826.4,12701.0,0.1338,LOW_TOXICITY,4.9e-05,1.2174,HOLD,0,0,0.5,0.028,-1,APPROVED
2026-09-02 12:28:00.789485+05:30,23831.55,23831.55,23731.2,23831.55,12701.0,0.1466,LOW_TOXICITY,-1.2e-05,1.8063,HOLD,0,0,0.5,0.03,-1,APPROVED
2026-09-02 12:28:03.458572+05:30,23832.1,23832.1,23731.75,23832.1,12701.0,0.1529,LOW_TOXICITY,5.7e-05,1.4506,HOLD,0,0,0.5,0.03,-1,APPROVED
2026-09-02 12:28:02.884723+05:30,23831.25,23922.06,23831.25,23831.25,12701.0,0.1142,LOW_TOXICITY,-0.00047,2.0414,SELL,1,1,0.5524,0.024,-1,VETO
2026-09-02 12:28:03.565243+05:30,23826.4,23826.4,23726.07,23826.4,12701.0,0.1338,LOW_TOXICITY,-3e-05,1.2176,HOLD,0,0,0.5,0.028,-1,APPROVED
2026-09-02 12:28:06.523212+05:30,23831.25,23831.25,23730.9,23831.25,12701.0,0.1433,LOW_TOXICITY,-1.3e-05,0.7241,HOLD,0,0,0.5,0.003,-1,APPROVED
2026-09-02 12:28:06.362095+05:30,23831.2,23831.2,23730.85,23831.2,12701.0,0.1502,LOW_TOXICITY,-8e-06,1.7995,HOLD,0,0,0.5,0.029,-1,APPROVED
2026-09-02 12:29:00.060527+05:30,23832.1,23832.1,23731.75,23832.1,12701.0,0.1529,LOW_TOXICITY,5.7e-05,1.4513,HOLD,0,0,0.5,0.03,-1,APPROVED
2026-09-02 12:29:00.184354+05:30,23826.4,23826.4,23726.07,23826.4,12701.0,0.1338,LOW_TOXICITY,-3e-05,1.2179,HOLD,0,0,0.5,0.028,-1,APPROVED
2026-09-02 12:29:02.200682+05:30,23834.8,23834.8,23734.44,23834.8,12701.0,0.1453,LOW_TOXICITY,-6e-06,1.8071,HOLD,0,0,0.5,0.031,-1,APPROVED
2026-09-02 12:29:03.127095+05:30,23831.25,23831.25,23730.9,23831.25,12701.0,0.1433,LOW_TOXICITY,-1.8e-05,0.6888,HOLD,0,0,0.5,0.003,-1,APPROVED
2026-09-02 12:29:04.157415+05:30,23836.3,23922.06,23836.3,23836.3,12701.0,0.1142,LOW_TOXICITY,-0.000456,0.9446,SELL,1,-1,0.6518,0.026,-1,VETO
2026-09-02 12:29:05.834039+05:30,23835.35,23835.35,23734.99,23835.35,12701.0,0.1502,LOW_TOXICITY,-7e-06,1.8004,HOLD,0,0,0.5,0.031,-1,APPROVED
2026-09-02 12:30:00.145402+05:30,23834.85,23834.85,23734.49,23834.85,12701.0,0.1453,LOW_TOXICITY,-9e-06,1.808,HOLD,0,0,0.5,0.031,-1,APPROVED
2026-09-02 12:30:00.489797+05:30,24000.0,24000.0,23735.34,24000.0,12701.0,0.1142,LOW_TOXICITY,0.000449,2.5721,BUY,1,1,0.6455,0.077,-1,APPROVED
2026-09-02 12:30:04.814625+05:30,23826.4,23826.4,23726.07,23826.4,12701.0,0.1328,LOW_TOXICITY,-3e-05,1.2181,HOLD,0,0,0.5,0.028,-1,APPROVED
2026-09-02 12:30:04.740173+05:30,23832.1,23832.1,23735.98,23832.1,12701.0,0.1529,LOW_TOXICITY,-2.2e-05,1.4519,HOLD,0,0,0.5,0.03,-1,APPROVED
2026-09-02 12:30:05.290936+05:30,23835.95,23835.95,23734.89,23835.95,12701.0,0.1502,LOW_TOXICITY,-6e-06,1.8012,HOLD,0,0,0.5,0.031,-1,APPROVED
2026-09-02 12:30:07.762562+05:30,23831.25,23831.25,23730.9,23831.25,12701.0,0.1433,LOW_TOXICITY,-2.1e-05,0.6888,HOLD,0,0,0.5,0.003,-1,APPROVED
2026-09-02 12:31:01.623918+05:30,23843.3,23843.3,23742.9,23843.3,12701.0,0.1328,LOW_TOXICITY,1.7e-05,1.2184,HOLD,0,0,0.5,0.033,-1,APPROVED
2026-09-02 12:31:01.655276+05:30,23836.35,23836.35,23735.98,23836.35,12701.0,0.1529,LOW_TOXICITY,-1e-05,1.4067,HOLD,0,0,0.5,0.031,-1,APPROVED
2026-09-02 12:31:01.720927+05:30,23844.1,23844.1,23743.7,23844.1,12701.0,0.1453,LOW_TOXICITY,2.2e-05,1.8088,HOLD,0,0,0.5,0.034,-1,APPROVED
2026-09-02 12:31:02.342854+05:30,23843.25,23922.06,23843.25,23843.25,12701.0,0.1145,LOW_TOXICITY,1.9e-05,1.9023,HOLD,0,0,0.5,0.028,-1,APPROVED
2026-09-02 12:31:04.438885+05:30,23843.5,23843.5,23743.1,23843.5,12701.0,0.1433,LOW_TOXICITY,1.3e-05,0.7734,HOLD,0,0,0.5,0.007,-1,APPROVED
2026-09-02 12:31:04.782366+05:30,23840.25,23840.25,23742.55,23840.25,12701.0,0.1502,LOW_TOXICITY,8e-06,1.8021,HOLD,0,0,0.5,0.032,-1,APPROVED
2026-09-02 12:32:00.239898+05:30,23846.2,23846.2,23746.64,23846.2,12701.0,0.1453,LOW_TOXICITY,2.6e-05,1.8097,HOLD,0,0,0.5,0.034,-1,APPROVED
2026-09-02 12:32:01.103087+05:30,23843.5,23843.5,23743.1,23843.5,12701.0,0.1433,LOW_TOXICITY,1.3e-05,0.6888,HOLD,0,0,0.5,0.007,-1,APPROVED
2026-09-02 12:32:03.624230+05:30,24000.0,24000.0,23898.94,24000.0,12701.0,0.1145,LOW_TOXICITY,-0.0,2.4879,HOLD,0,0,0.5,0.077,-1,APPROVED
2026-09-02 12:32:04.052830+05:30,23847.7,23847.7,23747.28,23847.7,12701.0,0.1502,LOW_TOXICITY,3e-05,1.4419,HOLD,0,0,0.5,0.035,-1,APPROVED
2026-09-02 12:32:06.291709+05:30,23847.65,23847.65,23747.24,23847.65,12701.0,0.1328,LOW_TOXICITY,3.7e-05,1.2186,HOLD,0,0,0.5,0.035,-1,APPROVED
2026-09-02 12:32:06.323999+05:30,23836.35,23836.35,23735.98,23836.35,12701.0,0.1529,LOW_TOXICITY,-1e-05,1.4074,HOLD,0,0,0.5,0.031,-1,APPROVED
2026-09-02 12:33:01.904904+05:30,23852.15,23852.15,23751.72,23852.15,12701.0,0.1453,LOW_TOXICITY,3.4e-05,1.8105,HOLD,0,0,0.5,0.036,-1,APPROVED
2026-09-02 12:33:02.910740+05:30,23852.3,23852.3,23751.87,23852.3,12701.0,0.1328,LOW_TOXICITY,5e-05,1.2188,HOLD,0,0,0.5,0.036,-1,APPROVED
2026-09-02 12:33:02.910744+05:30,23836.35,23836.35,23735.98,23836.35,12701.0,0.1529,LOW_TOXICITY,-1e-05,1.408,HOLD,0,0,0.5,0.031,-1,APPROVED
2026-09-02 12:33:03.805325+05:30,23853.2,23853.2,23752.76,23853.2,12701.0,0.1502,LOW_TOXICITY,3e-05,1.4423,HOLD,0,0,0.5,0.036,-1,APPROVED
2026-09-02 12:33:04.986853+05:30,24000.0,24000.0,23898.94,24000.0,12701.0,0.1145,LOW_TOXICITY,-0.0,0.9201,HOLD,0,0,0.5,0.077,-1,APPROVED
2026-09-02 12:33:05.660780+05:30,23852.9,23852.9,23752.46,23852.9,12701.0,0.1433,LOW_TOXICITY,4.4e-05,0.7516,HOLD,0,0,0.5,0.01,-1,APPROVED
2026-09-02 12:34:00.819680+05:30,23854.1,23854.1,23753.66,23854.1,12701.0,0.1453,LOW_TOXICITY,6.2e-05,1.5313,HOLD,0,0,0.5,0.037,-1,APPROVED
2026-09-02 12:34:01.424069+05:30,24000.0,24000.0,23898.94,24000.0,12701.0,0.1145,LOW_TOXICITY,0.000471,0.9201,BUY,1,-1,0.6108,0.077,-1,VETO
2026-09-02 12:34:02.452584+05:30,23852.9,23852.9,23752.46,23852.9,12701.0,0.1433,LOW_TOXICITY,4.4e-05,0.6888,HOLD,0,0,0.5,0.01,-1,APPROVED
2026-09-02 12:34:04.099134+05:30,23854.65,23854.65,23754.21,23854.65,12701.0,0.1502,LOW_TOXICITY,7e-05,1.4426,HOLD,0,0,0.5,0.037,-1,APPROVED
2026-09-02 12:34:07.703872+05:30,23852.3,23852.3,23751.87,23852.3,12701.0,0.1328,LOW_TOXICITY,3.4e-05,1.2191,HOLD,0,0,0.5,0.036,-1,APPROVED
2026-09-02 12:34:07.703871+05:30,23854.15,23854.15,23753.71,23854.15,12701.0,0.1529,LOW_TOXICITY,4e-05,1.4087,HOLD,0,0,0.5,0.037,-1,APPROVED
2026-09-02 12:35:02.216980+05:30,23846.85,23846.85,23747.83,23846.85,12701.0,0.1453,LOW_TOXICITY,5.5e-05,1.5319,HOLD,0,0,0.5,0.034,-1,APPROVED
2026-09-02 12:35:02.758164+05:30,24000.0,24000.0,23898.94,24000.0,12701.0,0.1145,LOW_TOXICITY,0.000477,0.9201,BUY,1,-1,0.5709,0.077,-1,VETO
2026-09-02 12:35:04.336192+05:30,23852.3,23852.3,23751.87,23852.3,12701.0,0.1328,LOW_TOXICITY,5.8e-05,1.1452,HOLD,0,0,0.5,0.036,-1,APPROVED
2026-09-02 12:35:04.375858+05:30,23848.85,23848.85,23748.43,23848.85,12701.0,0.1529,LOW_TOXICITY,2.5e-05,1.4093,HOLD,0,0,0.5,0.035,-1,APPROVED
2026-09-02 12:35:03.647294+05:30,23848.05,23848.05,23747.63,23848.05,12701.0,0.1502,LOW_TOXICITY,5.8e-05,1.443,HOLD,0,0,0.5,0.035,-1,APPROVED
2026-09-02 12:35:07.252167+05:30,23852.9,23852.9,23752.46,23852.9,12701.0,0.1433,LOW_TOXICITY,4.4e-05,0.6888,HOLD,0,0,0.5,0.01,-1,APPROVED
2026-09-02 12:36:01.018282+05:30,23852.3,23852.3,23748.28,23852.3,12701.0,0.1328,LOW_TOXICITY,5.8e-05,1.1452,HOLD,0,0,0.5,0.036,-1,APPROVED
2026-09-02 12:36:01.018281+05:30,23848.85,23848.85,23748.43,23848.85,12701.0,0.1538,LOW_TOXICITY,2.5e-05,1.41,HOLD,0,0,0.5,0.035,-1,APPROVED
2026-09-02 12:36:00.969558+05:30,23849.2,23849.2,23748.78,23849.2,12701.0,0.1453,LOW_TOXICITY,7.3e-05,1.5325,HOLD,0,0,0.5,0.035,-1,APPROVED
2026-09-02 12:36:03.896004+05:30,23852.9,23852.9,23752.46,23852.9,12701.0,0.1433,LOW_TOXICITY,4.4e-05,0.6888,HOLD,0,0,0.5,0.01,-1,APPROVED
2026-09-02 12:36:03.540957+05:30,23848.85,23848.85,23748.43,23848.85,12701.0,0.1502,LOW_TOXICITY,8.2e-05,1.4434,HOLD,0,0,0.5,0.035,-1,APPROVED
2026-09-02 12:36:04.172606+05:30,24000.0,24000.0,23898.94,24000.0,12701.0,0.1145,LOW_TOXICITY,0.000505,0.9201,BUY,1,1,0.5319,0.077,-1,APPROVED
2026-09-02 12:37:00.541434+05:30,23854.7,23854.7,23754.26,23854.7,12701.0,0.1479,LOW_TOXICITY,4.9e-05,0.6997,HOLD,0,0,0.5,0.011,-1,APPROVED
2026-09-02 12:37:01.280592+05:30,24000.0,24000.0,23898.94,24000.0,12701.0,0.1145,LOW_TOXICITY,-0.0,0.9267,HOLD,0,0,0.5,0.077,-1,APPROVED
2026-09-02 12:37:02.416130+05:30,23854.1,23854.1,23753.66,23854.1,12701.0,0.1453,LOW_TOXICITY,7.4e-05,1.5331,HOLD,0,0,0.5,0.037,-1,APPROVED
2026-09-02 12:37:02.958917+05:30,23855.3,23855.3,23754.85,23855.3,12701.0,0.1541,LOW_TOXICITY,0.000102,1.4438,HOLD,0,0,0.5,0.037,-1,APPROVED
2026-09-02 12:37:05.873165+05:30,23848.85,23848.85,23754.85,23848.85,12701.0,0.1538,LOW_TOXICITY,2.5e-05,1.4106,HOLD,0,0,0.5,0.035,-1,APPROVED
2026-09-02 12:37:05.868665+05:30,23848.7,23848.7,23748.28,23848.7,12701.0,0.1328,LOW_TOXICITY,4.8e-05,1.1452,HOLD,0,0,0.5,0.035,-1,APPROVED
2026-09-02 12:38:00.224777+05:30,23857.3,23857.3,23756.84,23857.3,12701.0,0.1517,LOW_TOXICITY,9.6e-05,1.5337,HOLD,0,0,0.5,0.038,-1,APPROVED
2026-09-02 12:38:02.508976+05:30,23856.2,23856.2,23755.75,23856.2,12701.0,0.1538,LOW_TOXICITY,4.5e-05,1.4112,HOLD,0,0,0.5,0.037,-1,APPROVED
2026-09-02 12:38:02.558299+05:30,23848.7,23848.7,23748.28,23848.7,12701.0,0.1328,LOW_TOXICITY,4.8e-05,1.1452,HOLD,0,0,0.5,0.035,-1,APPROVED
2026-09-02 12:38:02.301091+05:30,23854.85,23854.85,23754.4,23854.85,12701.0,0.1541,LOW_TOXICITY,8.8e-05,1.4442,HOLD,0,0,0.5,0.037,-1,APPROVED
2026-09-02 12:38:02.773109+05:30,24000.0,24000.0,23755.6,24000.0,12701.0,0.1145,LOW_TOXICITY,0.000492,0.9267,BUY,1,1,0.7379,0.077,-1,APPROVED
2026-09-02 12:38:05.351893+05:30,23854.7,23854.7,23754.26,23854.7,12701.0,0.1479,LOW_TOXICITY,4.9e-05,0.6888,HOLD,0,0,0.5,0.011,-1,APPROVED
2026-09-02 12:39:01.385399+05:30,23852.65,23852.65,23752.21,23852.65,12701.0,0.1517,LOW_TOXICITY,7.6e-05,1.5343,HOLD,0,0,0.5,0.036,-1,APPROVED
2026-09-02 12:39:01.945351+05:30,23854.7,23854.7,23754.26,23854.7,12701.0,0.1479,LOW_TOXICITY,8.8e-05,1.5207,HOLD,0,0,0.5,0.011,-1,APPROVED
2026-09-02 12:39:01.417712+05:30,23853.5,23853.5,23753.06,23853.5,12701.0,0.1541,LOW_TOXICITY,8.4e-05,1.4446,HOLD,0,0,0.5,0.037,-1,APPROVED
2026-09-02 12:39:04.722003+05:30,24000.0,24000.0,23898.94,24000.0,12701.0,0.1145,LOW_TOXICITY,0.000487,0.9267,BUY,1,1,0.695,0.077,-1,APPROVED
2026-09-02 12:39:07.252593+05:30,23856.2,23856.2,23750.67,23856.2,12701.0,0.1538,LOW_TOXICITY,4.5e-05,1.4119,HOLD,0,0,0.5,0.037,-1,APPROVED
2026-09-02 12:39:07.309593+05:30,23848.7,23848.7,23748.28,23848.7,12701.0,0.1328,LOW_TOXICITY,6.2e-05,1.1452,HOLD,0,0,0.5,0.035,-1,APPROVED
2026-09-02 12:40:00.031588+05:30,23851.45,23851.45,23751.02,23851.45,12701.0,0.1517,LOW_TOXICITY,7.3e-05,1.5349,HOLD,0,0,0.5,0.036,-1,APPROVED
2026-09-02 12:40:01.598739+05:30,24000.0,24000.0,23898.94,24000.0,12701.0,0.1145,LOW_TOXICITY,0.0,0.9267,HOLD,0,0,0.5,0.077,-1,APPROVED
2026-09-02 12:40:01.770693+05:30,23851.05,23851.05,23750.62,23851.05,12701.0,0.1541,LOW_TOXICITY,6.9e-05,1.445,HOLD,0,0,0.5,0.036,-1,APPROVED
2026-09-02 12:40:03.887259+05:30,23851.55,23851.55,23751.12,23851.55,12701.0,0.1538,LOW_TOXICITY,7.1e-05,1.4125,HOLD,0,0,0.5,0.036,-1,APPROVED
2026-09-02 12:40:04.017246+05:30,23848.7,23848.7,23748.28,23848.7,12701.0,0.1341,LOW_TOXICITY,6.2e-05,1.1452,HOLD,0,0,0.5,0.035,-1,APPROVED
2026-09-02 12:40:06.683788+05:30,23852.9,23852.9,23752.46,23852.9,12701.0,0.1479,LOW_TOXICITY,7.6e-05,1.521,HOLD,0,0,0.5,0.01,-1,APPROVED
2026-09-02 12:41:00.523935+05:30,23853.6,23853.6,23753.16,23853.6,12701.0,0.1538,LOW_TOXICITY,7.6e-05,1.1926,HOLD,0,0,0.5,0.037,-1,APPROVED
2026-09-02 12:41:00.636044+05:30,23848.7,23848.7,23748.28,23848.7,12701.0,0.1341,LOW_TOXICITY,6.2e-05,1.1452,HOLD,0,0,0.5,0.035,-1,APPROVED
2026-09-02 12:41:01.494219+05:30,23853.8,23853.8,23753.36,23853.8,12701.0,0.1517,LOW_TOXICITY,7.5e-05,1.5356,HOLD,0,0,0.5,0.037,-1,APPROVED
2026-09-02 12:41:01.566012+05:30,23852.4,23852.4,23751.97,23852.4,12701.0,0.1541,LOW_TOXICITY,7.1e-05,1.4453,HOLD,0,0,0.5,0.036,-1,APPROVED
2026-09-02 12:41:03.287990+05:30,23852.9,23852.9,23752.46,23852.9,12701.0,0.1479,LOW_TOXICITY,7.6e-05,1.5214,HOLD,0,0,0.5,0.01,-1,APPROVED
2026-09-02 12:41:02.941249+05:30,23852.4,23922.06,23852.4,23852.4,12701.0,0.108,LOW_TOXICITY,6.9e-05,1.8051,HOLD,0,0,0.5,0.031,-1,APPROVED
2026-09-02 12:42:00.587344+05:30,23855.3,23855.3,23754.85,23855.3,12701.0,0.1517,LOW_TOXICITY,6.6e-05,1.5362,HOLD,0,0,0.5,0.037,-1,APPROVED
2026-09-02 12:42:01.614811+05:30,23855.85,23855.85,23755.4,23855.85,12701.0,0.1541,LOW_TOXICITY,6.7e-05,1.6535,HOLD,0,0,0.5,0.037,-1,APPROVED
2026-09-02 12:42:04.291361+05:30,23855.9,23922.06,23855.9,23855.9,12701.0,0.108,LOW_TOXICITY,-0.000401,0.943,SELL,1,1,0.8668,0.032,-1,VETO
2026-09-02 12:42:05.254095+05:30,23853.6,23853.6,23755.5,23853.6,12701.0,0.1538,LOW_TOXICITY,6e-05,1.1928,HOLD,0,0,0.5,0.037,-1,APPROVED
2026-09-02 12:42:05.291332+05:30,23848.7,23848.7,23748.28,23848.7,12701.0,0.1341,LOW_TOXICITY,6.2e-05,1.1452,HOLD,0,0,0.5,0.035,-1,APPROVED
2026-09-02 12:42:07.935882+05:30,23852.9,23852.9,23752.46,23852.9,12701.0,0.1479,LOW_TOXICITY,7.6e-05,1.5217,HOLD,0,0,0.5,0.01,-1,APPROVED
2026-09-02 12:43:00.627694+05:30,23858.5,23922.06,23858.5,23858.5,12701.0,0.108,LOW_TOXICITY,7.6e-05,0.9386,HOLD,0,0,0.5,0.033,-1,APPROVED
2026-09-02 12:43:01.121063+05:30,23858.9,23858.9,23758.29,23858.9,12701.0,0.1541,LOW_TOXICITY,7.7e-05,1.6543,HOLD,0,0,0.5,0.038,-1,APPROVED
2026-09-02 12:43:01.984029+05:30,23855.95,23855.95,23755.5,23855.95,12701.0,0.1538,LOW_TOXICITY,6.7e-05,1.193,HOLD,0,0,0.5,0.037,-1,APPROVED
2026-09-02 12:43:02.089959+05:30,23848.7,23848.7,23748.28,23848.7,12701.0,0.1341,LOW_TOXICITY,6.2e-05,1.1452,HOLD,0,0,0.5,0.035,-1,APPROVED
2026-09-02 12:43:01.942320+05:30,23858.45,23858.45,23757.99,23858.45,12701.0,0.1517,LOW_TOXICITY,7.5e-05,1.5368,HOLD,0,0,0.5,0.038,-1,APPROVED
2026-09-02 12:43:04.562846+05:30,23859.2,23859.2,23758.74,23859.2,12701.0,0.1479,LOW_TOXICITY,7.8e-05,1.5221,HOLD,0,0,0.5,0.012,-1,APPROVED
2026-09-02 12:44:01.142911+05:30,23859.2,23859.2,23758.74,23859.2,12701.0,0.1479,LOW_TOXICITY,7.8e-05,1.5224,HOLD,0,0,0.5,0.012,-1,APPROVED
2026-09-02 12:44:00.850402+05:30,23866.4,23866.4,23765.51,23866.4,12701.0,0.1541,LOW_TOXICITY,8.7e-05,1.655,HOLD,0,0,0.5,0.041,-1,APPROVED
2026-09-02 12:44:01.944475+05:30,24000.0,24000.0,23765.26,24000.0,12701.0,0.108,LOW_TOXICITY,0.000456,2.3044,BUY,1,-1,0.5078,0.077,-1,APPROVED
2026-09-02 12:44:03.194527+05:30,23866.6,23866.6,23766.11,23866.6,12701.0,0.1517,LOW_TOXICITY,8.9e-05,2.0077,HOLD,0,0,0.5,0.041,-1,APPROVED
2026-09-02 12:44:06.693099+05:30,23866.0,23866.0,23765.51,23866.0,12701.0,0.1538,LOW_TOXICITY,9.5e-05,1.1932,HOLD,0,0,0.5,0.041,-1,APPROVED
2026-09-02 12:44:06.753030+05:30,23848.7,23848.7,23748.28,23848.7,12701.0,0.1341,LOW_TOXICITY,6.2e-05,1.1452,HOLD,0,0,0.5,0.035,-1,APPROVED
2026-09-02 12:45:00.711569+05:30,23864.3,23864.3,23761.13,23864.3,12701.0,0.1517,LOW_TOXICITY,8.2e-05,2.0087,HOLD,0,0,0.5,0.04,-1,APPROVED
2026-09-02 12:45:00.554173+05:30,23866.1,23866.1,23765.61,23866.1,12701.0,0.1541,LOW_TOXICITY,8.4e-05,1.6558,HOLD,0,0,0.5,0.041,-1,APPROVED
2026-09-02 12:45:03.414589+05:30,23848.7,23848.7,23748.28,23848.7,12701.0,0.1341,LOW_TOXICITY,6.2e-05,1.1436,HOLD,0,0,0.5,0.035,-1,APPROVED
2026-09-02 12:45:03.393736+05:30,23861.3,23861.3,23760.83,23861.3,12701.0,0.1538,LOW_TOXICITY,8.2e-05,1.1935,HOLD,0,0,0.5,0.039,-1,APPROVED
2026-09-02 12:45:03.970000+05:30,24000.0,24000.0,23898.94,24000.0,12701.0,0.108,LOW_TOXICITY,-0.0,0.9267,HOLD,0,0,0.5,0.077,-1,APPROVED
2026-09-02 12:45:05.816398+05:30,23861.45,23861.45,23760.98,23861.45,12701.0,0.1479,LOW_TOXICITY,8.4e-05,1.5227,HOLD,0,0,0.5,0.013,-1,APPROVED
2026-09-02 12:46:00.135576+05:30,23852.0,23852.0,23751.57,23852.0,12701.0,0.1341,LOW_TOXICITY,2.4e-05,1.1436,HOLD,0,0,0.5,0.036,-1,APPROVED
2026-09-02 12:46:00.204604+05:30,23861.3,23861.3,23760.83,23861.3,12701.0,0.1538,LOW_TOXICITY,7e-05,1.1937,HOLD,0,0,0.5,0.039,-1,APPROVED
2026-09-02 12:46:00.384349+05:30,24000.0,24000.0,23898.94,24000.0,12701.0,0.108,LOW_TOXICITY,0.000437,0.9267,BUY,1,1,0.695,0.077,-1,APPROVED
2026-09-02 12:46:00.216272+05:30,23855.65,23855.65,23751.17,23855.65,12701.0,0.1541,LOW_TOXICITY,4.3e-05,1.6565,HOLD,0,0,0.5,0.037,-1,APPROVED
2026-09-02 12:46:01.826204+05:30,23852.05,23852.05,23751.62,23852.05,12701.0,0.1517,LOW_TOXICITY,2.2e-05,2.0096,HOLD,0,0,0.5,0.036,-1,APPROVED
2026-09-02 12:46:02.520798+05:30,23851.3,23851.3,23750.87,23851.3,12701.0,0.149,LOW_TOXICITY,2.2e-05,1.5231,HOLD,0,0,0.5,0.01,-1,APPROVED
2026-09-02 12:47:00.134852+05:30,23857.35,23857.35,23756.89,23857.35,12701.0,0.1539,LOW_TOXICITY,2.7e-05,1.6573,HOLD,0,0,0.5,0.038,-1,APPROVED
2026-09-02 12:47:02.524178+05:30,23859.75,23922.06,23859.75,23859.75,12701.0,0.108,LOW_TOXICITY,-0.000391,1.7284,SELL,1,1,0.7121,0.033,-1,VETO
2026-09-02 12:47:03.033599+05:30,23859.8,23859.8,23759.33,23859.8,12701.0,0.1517,LOW_TOXICITY,3.8e-05,2.0106,HOLD,0,0,0.5,0.039,-1,APPROVED
2026-09-02 12:47:05.038271+05:30,23852.0,23852.0,23751.57,23852.0,12701.0,0.1341,LOW_TOXICITY,1.2e-05,1.1436,HOLD,0,0,0.5,0.036,-1,APPROVED
2026-09-02 12:47:05.150358+05:30,23861.3,23861.3,23760.83,23861.3,12701.0,0.1538,LOW_TOXICITY,7e-05,1.1939,HOLD,0,0,0.5,0.039,-1,APPROVED
2026-09-02 12:47:07.238765+05:30,23851.3,23851.3,23750.87,23851.3,12701.0,0.149,LOW_TOXICITY,2.2e-05,1.5234,HOLD,0,0,0.5,0.01,-1,APPROVED
2026-09-02 12:48:00.637811+05:30,23852.95,23852.95,23752.51,23852.95,12701.0,0.1466,LOW_TOXICITY,2e-06,2.0115,HOLD,0,0,0.5,0.036,-1,APPROVED
2026-09-02 12:48:01.717097+05:30,23852.0,23852.0,23751.07,23852.0,12701.0,0.1341,LOW_TOXICITY,-1e-06,1.1436,HOLD,0,0,0.5,0.036,-1,APPROVED
2026-09-02 12:48:01.834158+05:30,23861.3,23861.3,23760.83,23861.3,12701.0,0.1538,LOW_TOXICITY,7e-05,1.1942,HOLD,0,0,0.5,0.039,-1,APPROVED
2026-09-02 12:48:03.827712+05:30,23851.95,23851.95,23751.52,23851.95,12701.0,0.149,LOW_TOXICITY,-3e-06,1.5238,HOLD,0,0,0.5,0.01,-1,APPROVED
2026-09-02 12:48:03.859873+05:30,24000.0,24000.0,23898.94,24000.0,12701.0,0.108,LOW_TOXICITY,-0.0,2.293,HOLD,0,0,0.5,0.077,-1,APPROVED
2026-09-02 12:48:06.337704+05:30,23851.5,23851.5,23751.07,23851.5,12701.0,0.1539,LOW_TOXICITY,-5e-06,1.6581,HOLD,0,0,0.5,0.036,-1,APPROVED
2026-09-02 12:49:00.547335+05:30,23855.0,23855.0,23754.55,23855.0,12701.0,0.149,LOW_TOXICITY,6e-06,0.7033,HOLD,0,0,0.5,0.011,-1,APPROVED
2026-09-02 12:49:00.318951+05:30,24000.0,24000.0,23898.94,24000.0,12701.0,0.108,LOW_TOXICITY,-0.0,0.9362,HOLD,0,0,0.5,0.077,-1,APPROVED
2026-09-02 12:49:01.645080+05:30,23855.25,23855.25,23754.8,23855.25,12701.0,0.1466,LOW_TOXICITY,3e-06,2.0125,HOLD,0,0,0.5,0.037,-1,APPROVED
2026-09-02 12:49:06.383240+05:30,23851.5,23851.5,23757.09,23851.5,12701.0,0.1347,LOW_TOXICITY,-2e-06,1.1436,HOLD,0,0,0.5,0.036,-1,APPROVED
2026-09-02 12:49:05.623914+05:30,23857.5,23857.5,23757.04,23857.5,12701.0,0.1539,LOW_TOXICITY,8e-06,1.6588,HOLD,0,0,0.5,0.038,-1,APPROVED
2026-09-02 12:49:06.558508+05:30,23861.3,23861.3,23760.83,23861.3,12701.0,0.1538,LOW_TOXICITY,2e-05,1.1944,HOLD,0,0,0.5,0.039,-1,APPROVED
2026-09-02 12:50:01.637196+05:30,24000.0,24000.0,23760.58,24000.0,12701.0,0.0991,LOW_TOXICITY,-0.0,0.9362,HOLD,0,0,0.5,0.077,-1,APPROVED
2026-09-02 12:50:03.024222+05:30,23857.55,23857.55,23757.09,23857.55,12701.0,0.1347,LOW_TOXICITY,1.5e-05,1.1436,HOLD,0,0,0.5,0.038,-1,APPROVED
2026-09-02 12:50:03.213663+05:30,23861.3,23861.3,23760.83,23861.3,12701.0,0.1538,LOW_TOXICITY,3.5e-05,1.1946,HOLD,0,0,0.5,0.039,-1,APPROVED
2026-09-02 12:50:03.245605+05:30,23860.35,23860.35,23760.38,23860.35,12701.0,0.1466,LOW_TOXICITY,3.8e-05,2.0134,HOLD,0,0,0.5,0.039,-1,APPROVED
2026-09-02 12:50:05.296658+05:30,23855.0,23855.0,23754.55,23855.0,12701.0,0.149,LOW_TOXICITY,6e-06,0.6849,HOLD,0,0,0.5,0.011,-1,APPROVED
2026-09-02 12:50:05.165695+05:30,23860.65,23860.65,23760.18,23860.65,12701.0,0.1539,LOW_TOXICITY,3.5e-05,1.6596,HOLD,0,0,0.5,0.039,-1,APPROVED
2026-09-02 12:51:01.963377+05:30,23855.0,23855.0,23754.55,23855.0,12701.0,0.149,LOW_TOXICITY,6e-06,0.6849,HOLD,0,0,0.5,0.011,-1,APPROVED
2026-09-02 12:51:01.663373+05:30,23860.4,23860.4,23759.93,23860.4,12701.0,0.1466,LOW_TOXICITY,3.1e-05,2.0144,HOLD,0,0,0.5,0.039,-1,APPROVED
2026-09-02 12:51:02.972011+05:30,24000.0,24000.0,23760.48,24000.0,12701.0,0.0991,LOW_TOXICITY,-0.0,0.9362,HOLD,0,0,0.5,0.077,-1,APPROVED
2026-09-02 12:51:05.034165+05:30,23861.1,23861.1,23760.63,23861.1,12701.0,0.1539,LOW_TOXICITY,3.4e-05,1.6603,HOLD,0,0,0.5,0.039,-1,APPROVED
2026-09-02 12:51:07.653660+05:30,23860.85,23860.85,23760.38,23860.85,12701.0,0.1347,LOW_TOXICITY,2.4e-05,1.1436,HOLD,0,0,0.5,0.039,-1,APPROVED
2026-09-02 12:51:07.861985+05:30,23861.3,23861.3,23760.83,23861.3,12701.0,0.1538,LOW_TOXICITY,3.5e-05,1.4721,HOLD,0,0,0.5,0.039,-1,APPROVED
2026-09-02 12:52:00.089620+05:30,23862.8,23862.8,23762.32,23862.8,12701.0,0.1466,LOW_TOXICITY,2.4e-05,2.0153,HOLD,0,0,0.5,0.04,-1,APPROVED
2026-09-02 12:52:04.289874+05:30,23860.85,23860.85,23760.38,23860.85,12701.0,0.1347,LOW_TOXICITY,3.4e-05,1.1436,HOLD,0,0,0.5,0.039,-1,APPROVED
2026-09-02 12:52:04.544440+05:30,23861.3,23861.3,23760.83,23861.3,12701.0,0.1538,LOW_TOXICITY,3.5e-05,1.4721,HOLD,0,0,0.5,0.039,-1,APPROVED
2026-09-02 12:52:04.381649+05:30,24000.0,24000.0,23762.22,24000.0,12701.0,0.0991,LOW_TOXICITY,-0.0,0.9362,HOLD,0,0,0.5,0.077,-1,APPROVED
2026-09-02 12:52:04.623665+05:30,23862.3,23862.3,23761.82,23862.3,12701.0,0.1539,LOW_TOXICITY,2e-05,1.1496,HOLD,0,0,0.5,0.039,-1,APPROVED
2026-09-02 12:52:06.579167+05:30,23862.4,23862.4,23761.92,23862.4,12701.0,0.149,LOW_TOXICITY,2.2e-05,0.7324,HOLD,0,0,0.5,0.013,-1,APPROVED
2026-09-02 12:53:00.888456+05:30,23860.85,23860.85,23760.38,23860.85,12701.0,0.1347,LOW_TOXICITY,3.4e-05,1.1436,HOLD,0,0,0.5,0.039,-1,APPROVED
2026-09-02 12:53:01.215827+05:30,23861.3,23861.3,23760.83,23861.3,12701.0,0.1538,LOW_TOXICITY,1.4e-05,1.4721,HOLD,0,0,0.5,0.039,-1,APPROVED
2026-09-02 12:53:00.692644+05:30,23862.35,23922.06,23862.35,23862.35,12701.0,0.0991,LOW_TOXICITY,-0.000383,1.6996,SELL,1,1,0.8333,0.034,-1,VETO
2026-09-02 12:53:01.698152+05:30,23862.35,23862.35,23761.87,23862.35,12701.0,0.1466,LOW_TOXICITY,1.4e-05,2.0162,HOLD,0,0,0.5,0.039,-1,APPROVED
2026-09-02 12:53:03.148395+05:30,23862.65,23862.65,23762.17,23862.65,12701.0,0.149,LOW_TOXICITY,2.2e-05,0.6863,HOLD,0,0,0.5,0.013,-1,APPROVED
2026-09-02 12:53:04.510783+05:30,23862.3,23862.3,23761.82,23862.3,12701.0,0.1539,LOW_TOXICITY,2.1e-05,1.1496,HOLD,0,0,0.5,0.039,-1,APPROVED
2026-09-02 12:54:02.050251+05:30,23863.4,23922.06,23863.4,23863.4,12701.0,0.0991,LOW_TOXICITY,-0.000381,0.9409,SELL,1,1,0.8875,0.034,-1,VETO
2026-09-02 12:54:02.973477+05:30,23863.05,23863.05,23763.02,23863.05,12701.0,0.1466,LOW_TOXICITY,2.9e-05,1.1084,HOLD,0,0,0.5,0.04,-1,APPROVED
2026-09-02 12:54:03.815932+05:30,23862.35,23862.35,23761.87,23862.35,12701.0,0.1539,LOW_TOXICITY,2.5e-05,1.1496,HOLD,0,0,0.5,0.039,-1,APPROVED
2026-09-02 12:54:05.522013+05:30,23864.25,23864.25,23763.77,23864.25,12701.0,0.1347,LOW_TOXICITY,4.3e-05,1.1436,HOLD,0,0,0.5,0.04,-1,APPROVED
2026-09-02 12:54:05.878901+05:30,23861.3,23861.3,23760.83,23861.3,12701.0,0.1538,LOW_TOXICITY,1.4e-05,1.4721,HOLD,0,0,0.5,0.039,-1,APPROVED
2026-09-02 12:54:07.830513+05:30,23862.65,23862.65,23762.92,23862.65,12701.0,0.149,LOW_TOXICITY,2.2e-05,0.6849,HOLD,0,0,0.5,0.013,-1,APPROVED
2026-09-02 12:55:01.036010+05:30,23863.0,23863.0,23762.52,23863.0,12701.0,0.1466,LOW_TOXICITY,3.2e-05,1.1085,HOLD,0,0,0.5,0.04,-1,APPROVED
2026-09-02 12:55:02.281722+05:30,23864.25,23864.25,23763.77,23864.25,12701.0,0.1347,LOW_TOXICITY,4.3e-05,1.4188,HOLD,0,0,0.5,0.04,-1,APPROVED
2026-09-02 12:55:02.569058+05:30,23861.3,23861.3,23760.83,23861.3,12701.0,0.1532,LOW_TOXICITY,2.7e-05,1.4721,HOLD,0,0,0.5,0.039,-1,APPROVED
2026-09-02 12:55:03.385165+05:30,24000.0,24000.0,23763.12,24000.0,12701.0,0.0991,LOW_TOXICITY,-0.0,2.2497,HOLD,0,0,0.5,0.077,-1,APPROVED
2026-09-02 12:55:03.401170+05:30,23863.2,23863.2,23762.72,23863.2,12701.0,0.1539,LOW_TOXICITY,3.4e-05,1.1496,HOLD,0,0,0.5,0.04,-1,APPROVED
2026-09-02 12:55:04.465489+05:30,23863.4,23863.4,23762.92,23863.4,12701.0,0.149,LOW_TOXICITY,2.9e-05,0.6893,HOLD,0,0,0.5,0.014,-1,APPROVED
2026-09-02 12:56:01.167249+05:30,23859.3,23859.3,23758.84,23859.3,12701.0,0.15,LOW_TOXICITY,1.8e-05,0.6631,HOLD,0,0,0.5,0.012,-1,APPROVED
2026-09-02 12:56:02.612599+05:30,23859.9,23859.9,23759.43,23859.9,12701.0,0.1466,LOW_TOXICITY,1.7e-05,1.1085,HOLD,0,0,0.5,0.039,-1,APPROVED
2026-09-02 12:56:02.804592+05:30,23858.9,23858.9,23759.63,23858.9,12701.0,0.1554,LOW_TOXICITY,1.8e-05,1.1496,HOLD,0,0,0.5,0.038,-1,APPROVED
2026-09-02 12:56:04.699987+05:30,23860.35,23922.06,23860.35,23860.35,12701.0,0.0991,LOW_TOXICITY,2.2e-05,1.7217,HOLD,0,0,0.5,0.033,-1,APPROVED
2026-09-02 12:56:06.929457+05:30,23864.25,23864.25,23763.77,23864.25,12701.0,0.1347,LOW_TOXICITY,4.3e-05,1.4192,HOLD,0,0,0.5,0.04,-1,APPROVED
2026-09-02 12:56:07.178917+05:30,23861.3,23861.3,23760.83,23861.3,12701.0,0.1532,LOW_TOXICITY,2.2e-05,1.4721,HOLD,0,0,0.5,0.039,-1,APPROVED
2026-09-02 12:57:00.328508+05:30,23862.25,23862.25,23761.77,23862.25,12701.0,0.1385,LOW_TOXICITY,1.9e-05,1.1086,HOLD,0,0,0.5,0.039,-1,APPROVED
2026-09-02 12:57:01.005855+05:30,23862.15,23922.06,23862.15,23862.15,12701.0,0.0991,LOW_TOXICITY,1.7e-05,0.9513,HOLD,0,0,0.5,0.034,-1,APPROVED
2026-09-02 12:57:02.105430+05:30,23862.7,23862.7,23762.22,23862.7,12701.0,0.1554,LOW_TOXICITY,1.9e-05,1.1496,HOLD,0,0,0.5,0.039,-1,APPROVED
2026-09-02 12:57:03.573504+05:30,23862.8,23862.8,23762.32,23862.8,12701.0,0.1347,LOW_TOXICITY,3.9e-05,1.4195,HOLD,0,0,0.5,0.04,-1,APPROVED
2026-09-02 12:57:03.799887+05:30,23861.3,23861.3,23760.83,23861.3,12701.0,0.1532,LOW_TOXICITY,2.2e-05,1.4721,HOLD,0,0,0.5,0.039,-1,APPROVED
2026-09-02 12:57:05.811936+05:30,23862.65,23862.65,23762.17,23862.65,12701.0,0.15,LOW_TOXICITY,2.7e-05,0.7052,HOLD,0,0,0.5,0.013,-1,APPROVED
2026-09-02 12:58:00.235769+05:30,23864.6,23864.6,23764.11,23864.6,12701.0,0.1347,LOW_TOXICITY,4.4e-05,1.4199,HOLD,0,0,0.5,0.04,-1,APPROVED
2026-09-02 12:58:00.442450+05:30,23861.3,23861.3,23760.83,23861.3,12701.0,0.1532,LOW_TOXICITY,1.5e-05,1.4721,HOLD,0,0,0.5,0.039,-1,APPROVED
2026-09-02 12:58:01.306442+05:30,23863.7,23863.7,23763.22,23863.7,12701.0,0.1554,LOW_TOXICITY,1.3e-05,1.1496,HOLD,0,0,0.5,0.04,-1,APPROVED
2026-09-02 12:58:01.629347+05:30,23866.3,23866.3,23763.91,23866.3,12701.0,0.1385,LOW_TOXICITY,2.2e-05,1.1087,HOLD,0,0,0.5,0.041,-1,APPROVED
2026-09-02 12:58:02.438634+05:30,23862.65,23862.65,23762.17,23862.65,12701.0,0.15,LOW_TOXICITY,1e-05,0.6849,HOLD,0,0,0.5,0.013,-1,APPROVED
2026-09-02 12:58:02.428758+05:30,24000.0,24000.0,23764.21,24000.0,12701.0,0.0991,LOW_TOXICITY,0.000394,2.2667,BUY,1,1,0.7672,0.077,-1,APPROVED
2026-09-02 12:59:00.804568+05:30,23866.4,23866.4,23765.91,23866.4,12701.0,0.1385,LOW_TOXICITY,-1e-06,1.1088,HOLD,0,0,0.5,0.041,-1,APPROVED
2026-09-02 12:59:00.739609+05:30,23866.2,23866.2,23765.71,23866.2,12701.0,0.1554,LOW_TOXICITY,-1e-06,1.1496,HOLD,0,0,0.5,0.041,-1,APPROVED
2026-09-02 12:59:04.856178+05:30,23864.6,23864.6,23764.11,23864.6,12701.0,0.1321,LOW_TOXICITY,4.4e-05,1.4203,HOLD,0,0,0.5,0.04,-1,APPROVED
2026-09-02 12:59:04.409365+05:30,23866.7,23922.06,23866.7,23866.7,12701.0,0.0987,LOW_TOXICITY,-0.000371,1.6571,SELL,1,1,0.6667,0.035,-1,VETO
2026-09-02 12:59:05.139614+05:30,23861.3,23861.3,23760.83,23861.3,12701.0,0.1532,LOW_TOXICITY,-1.3e-05,1.4721,HOLD,0,0,0.5,0.039,-1,APPROVED
2026-09-02 12:59:07.066982+05:30,23866.3,23866.3,23765.81,23866.3,12701.0,0.15,LOW_TOXICITY,2e-05,0.6965,HOLD,0,0,0.5,0.014,-1,APPROVED
2026-09-02 13:00:00.352256+05:30,23870.9,23870.9,23770.39,23870.9,12701.0,0.1554,LOW_TOXICITY,1.3e-05,1.1496,HOLD,0,0,0.5,0.042,-1,APPROVED
2026-09-02 13:00:00.762257+05:30,24000.0,24000.0,23898.94,24000.0,12701.0,0.0987,LOW_TOXICITY,-0.0,2.2129,HOLD,0,0,0.5,0.077,-1,APPROVED
2026-09-02 13:00:01.482378+05:30,23871.55,23871.55,23771.03,23871.55,12701.0,0.1321,LOW_TOXICITY,6.4e-05,1.4207,HOLD,0,0,0.5,0.042,-1,APPROVED
2026-09-02 13:00:01.757329+05:30,23861.3,23861.3,23760.83,23861.3,12701.0,0.1532,LOW_TOXICITY,0.0,1.4721,HOLD,0,0,0.5,0.039,-1,APPROVED
2026-09-02 13:00:01.917399+05:30,23870.55,23870.55,23770.59,23870.55,12701.0,0.1385,LOW_TOXICITY,1.7e-05,1.1088,HOLD,0,0,0.5,0.042,-1,APPROVED
2026-09-02 13:00:03.727874+05:30,23866.3,23866.3,23770.29,23866.3,12701.0,0.15,LOW_TOXICITY,1.4e-05,0.674,HOLD,0,0,0.5,0.014,-1,APPROVED
2026-09-02 13:01:00.383471+05:30,23870.8,23870.8,23773.03,23870.8,12701.0,0.15,LOW_TOXICITY,5.4e-05,0.7021,HOLD,0,0,0.5,0.016,-1,APPROVED
2026-09-02 13:01:02.047779+05:30,23873.9,23922.06,23873.9,23873.9,12701.0,0.0987,LOW_TOXICITY,-0.000351,1.5797,SELL,1,1,0.6745,0.037,-1,VETO
2026-09-02 13:01:03.153128+05:30,23874.1,23874.1,23773.57,23874.1,12701.0,0.1385,LOW_TOXICITY,6.2e-05,1.1089,HOLD,0,0,0.5,0.043,-1,APPROVED
2026-09-02 13:01:06.071559+05:30,23873.8,23873.8,23773.27,23873.8,12701.0,0.1321,LOW_TOXICITY,6.1e-05,1.4211,HOLD,0,0,0.5,0.043,-1,APPROVED
2026-09-02 13:01:06.508439+05:30,23861.3,23861.3,23760.83,23861.3,12701.0,0.1532,LOW_TOXICITY,0.0,1.4357,HOLD,0,0,0.5,0.039,-1,APPROVED
2026-09-02 13:01:06.238189+05:30,23873.5,23873.5,23773.08,23873.5,12701.0,0.1554,LOW_TOXICITY,5e-05,1.1496,HOLD,0,0,0.5,0.043,-1,APPROVED
2026-09-02 13:02:01.429780+05:30,23873.95,23873.95,23773.42,23873.95,12701.0,0.1385,LOW_TOXICITY,4e-05,1.109,HOLD,0,0,0.5,0.043,-1,APPROVED
2026-09-02 13:02:02.729748+05:30,23873.6,23873.6,23773.08,23873.6,12701.0,0.1321,LOW_TOXICITY,6e-05,1.4214,HOLD,0,0,0.5,0.043,-1,APPROVED
2026-09-02 13:02:03.179866+05:30,23861.3,23861.3,23760.83,23861.3,12701.0,0.1532,LOW_TOXICITY,0.0,1.4361,HOLD,0,0,0.5,0.039,-1,APPROVED
2026-09-02 13:02:03.403850+05:30,24000.0,24000.0,23773.18,24000.0,12701.0,0.0987,LOW_TOXICITY,0.000391,2.1283,BUY,1,1,0.7672,0.077,-1,APPROVED
2026-09-02 13:02:05.113836+05:30,23873.55,23873.55,23773.47,23873.55,12701.0,0.15,LOW_TOXICITY,6.2e-05,0.6907,HOLD,0,0,0.5,0.017,-1,APPROVED
2026-09-02 13:02:06.079703+05:30,23873.7,23873.7,23773.18,23873.7,12701.0,0.1554,LOW_TOXICITY,4.6e-05,1.4911,HOLD,0,0,0.5,0.043,-1,APPROVED
2026-09-02 13:03:00.244090+05:30,23875.4,23922.06,23875.4,23875.4,12701.0,0.0987,LOW_TOXICITY,-0.000347,1.5638,SELL,1,1,0.6745,0.038,-1,VETO
2026-09-02 13:03:01.784475+05:30,23875.25,23875.25,23774.72,23875.25,12701.0,0.15,LOW_TOXICITY,6.5e-05,0.6842,HOLD,0,0,0.5,0.017,-1,APPROVED
2026-09-02 13:03:02.554556+05:30,23874.9,23874.9,23774.37,23874.9,12701.0,0.1385,LOW_TOXICITY,6.1e-05,1.109,HOLD,0,0,0.5,0.043,-1,APPROVED
2026-09-02 13:03:05.512445+05:30,23874.25,23874.25,23773.72,23874.25,12701.0,0.1554,LOW_TOXICITY,6.4e-05,1.4916,HOLD,0,0,0.5,0.043,-1,APPROVED
2026-09-02 13:03:07.356223+05:30,23873.6,23873.6,23773.08,23873.6,12701.0,0.1321,LOW_TOXICITY,6e-05,1.4218,HOLD,0,0,0.5,0.043,-1,APPROVED
2026-09-02 13:03:07.800873+05:30,23874.15,23874.15,23773.62,23874.15,12701.0,0.1532,LOW_TOXICITY,3.6e-05,1.4364,HOLD,0,0,0.5,0.043,-1,APPROVED
2026-09-02 13:04:00.299479+05:30,23872.4,23872.4,23771.88,23872.4,12701.0,0.1385,LOW_TOXICITY,4.8e-05,1.1377,HOLD,0,0,0.5,0.043,-1,APPROVED
2026-09-02 13:04:01.548100+05:30,23872.6,23922.06,23872.6,23872.6,12701.0,0.0987,LOW_TOXICITY,-0.000355,0.932,SELL,1,1,0.853,0.037,-1,VETO
2026-09-02 13:04:04.015706+05:30,23872.15,23872.15,23771.63,23872.15,12701.0,0.1321,LOW_TOXICITY,5.8e-05,1.4222,HOLD,0,0,0.5,0.042,-1,APPROVED
2026-09-02 13:04:04.363808+05:30,23874.15,23874.15,23773.62,23874.15,12701.0,0.1532,LOW_TOXICITY,3.6e-05,1.4367,HOLD,0,0,0.5,0.043,-1,APPROVED
2026-09-02 13:04:04.586052+05:30,23872.15,23872.15,23771.63,23872.15,12701.0,0.1554,LOW_TOXICITY,4.1e-05,1.492,HOLD,0,0,0.5,0.042,-1,APPROVED
2026-09-02 13:04:06.613620+05:30,23871.7,23871.7,23771.18,23871.7,12701.0,0.15,LOW_TOXICITY,4.7e-05,0.6547,HOLD,0,0,0.5,0.016,-1,APPROVED
2026-09-02 13:05:00.694777+05:30,23866.0,23866.0,23765.51,23866.0,12701.0,0.1321,LOW_TOXICITY,2.4e-05,1.1579,HOLD,0,0,0.5,0.041,-1,APPROVED
2026-09-02 13:05:00.998641+05:30,23874.15,23874.15,23773.62,23874.15,12701.0,0.148,LOW_TOXICITY,3.6e-05,1.4371,HOLD,0,0,0.5,0.043,-1,APPROVED
2026-09-02 13:05:01.255230+05:30,23867.0,23867.0,23765.51,23867.0,12701.0,0.1385,LOW_TOXICITY,1.9e-05,1.1377,HOLD,0,0,0.5,0.041,-1,APPROVED
2026-09-02 13:05:03.212775+05:30,23865.8,23865.8,23765.31,23865.8,12701.0,0.148,LOW_TOXICITY,3e-05,0.6434,HOLD,0,0,0.5,0.014,-1,APPROVED
2026-09-02 13:05:02.889085+05:30,24000.0,24000.0,23898.94,24000.0,12701.0,0.0987,LOW_TOXICITY,-0.0,2.1435,HOLD,0,0,0.5,0.077,-1,APPROVED
2026-09-02 13:05:03.550001+05:30,23866.8,23866.8,23765.81,23866.8,12701.0,0.1554,LOW_TOXICITY,1.7e-05,1.4925,HOLD,0,0,0.5,0.041,-1,APPROVED
2026-09-02 13:06:02.541259+05:30,23867.85,23867.85,23767.35,23867.85,12701.0,0.1387,LOW_TOXICITY,2.1e-05,1.1377,HOLD,0,0,0.5,0.041,-1,APPROVED
2026-09-02 13:06:02.541256+05:30,23867.95,23867.95,23767.45,23867.95,12701.0,0.1505,LOW_TOXICITY,1.9e-05,1.493,HOLD,0,0,0.5,0.041,-1,APPROVED
2026-09-02 13:06:04.214558+05:30,23868.75,23922.06,23868.75,23868.75,12701.0,0.0987,LOW_TOXICITY,-0.000366,1.6349,SELL,1,1,0.6667,0.036,-1,VETO
2026-09-02 13:06:05.334113+05:30,23866.0,23866.0,23765.51,23866.0,12701.0,0.1321,LOW_TOXICITY,1.4e-05,1.1578,HOLD,0,0,0.5,0.041,-1,APPROVED
2026-09-02 13:06:05.640143+05:30,23867.85,23867.85,23767.35,23867.85,12701.0,0.148,LOW_TOXICITY,1.8e-05,1.4374,HOLD,0,0,0.5,0.041,-1,APPROVED
2026-09-02 13:06:07.832981+05:30,23867.5,23867.5,23767.0,23867.5,12701.0,0.148,LOW_TOXICITY,3.5e-05,0.6842,HOLD,0,0,0.5,0.015,-1,APPROVED
2026-09-02 13:07:00.563478+05:30,23862.25,23862.25,23761.77,23862.25,12701.0,0.1387,LOW_TOXICITY,-2e-06,1.1377,HOLD,0,0,0.5,0.039,-1,APPROVED
2026-09-02 13:07:00.655116+05:30,24000.0,24000.0,23898.94,24000.0,12701.0,0.0987,LOW_TOXICITY,-0.0,2.187,HOLD,0,0,0.5,0.077,-1,APPROVED
2026-09-02 13:07:02.105659+05:30,23866.0,23866.0,23765.51,23866.0,12701.0,0.1321,LOW_TOXICITY,1.4e-05,1.1578,HOLD,0,0,0.5,0.041,-1,APPROVED
2026-09-02 13:07:02.437208+05:30,23867.85,23867.85,23767.35,23867.85,12701.0,0.148,LOW_TOXICITY,1.8e-05,1.4378,HOLD,0,0,0.5,0.041,-1,APPROVED
2026-09-02 13:07:02.214781+05:30,23860.8,23860.8,23760.33,23860.8,12701.0,0.1505,LOW_TOXICITY,-4e-06,1.4935,HOLD,0,0,0.5,0.039,-1,APPROVED
2026-09-02 13:07:04.566105+05:30,23862.3,23862.3,23761.82,23862.3,12701.0,0.148,LOW_TOXICITY,-0.0,0.6466,HOLD,0,0,0.5,0.013,-1,APPROVED
2026-09-02 13:08:01.233098+05:30,23858.4,23858.4,23757.94,23858.4,12701.0,0.148,LOW_TOXICITY,-1.2e-05,0.653,HOLD,0,0,0.5,0.012,-1,APPROVED
2026-09-02 13:08:02.136704+05:30,23859.75,23859.75,23759.28,23859.75,12701.0,0.1387,LOW_TOXICITY,-7e-06,1.1377,HOLD,0,0,0.5,0.039,-1,APPROVED
2026-09-02 13:08:01.988658+05:30,23860.2,23860.2,23759.73,23860.2,12701.0,0.1505,LOW_TOXICITY,-6e-06,1.494,HOLD,0,0,0.5,0.039,-1,APPROVED
2026-09-02 13:08:02.263548+05:30,24000.0,24000.0,23758.54,24000.0,12701.0,0.0987,LOW_TOXICITY,0.000383,0.9515,BUY,1,1,0.6481,0.077,-1,APPROVED
2026-09-02 13:08:06.798906+05:30,23866.0,23866.0,23765.51,23866.0,12701.0,0.1232,LOW_TOXICITY,1.4e-05,1.1578,HOLD,0,0,0.5,0.041,-1,APPROVED
2026-09-02 13:08:07.170592+05:30,23867.85,23867.85,23757.59,23867.85,12701.0,0.148,LOW_TOXICITY,1.8e-05,1.4381,HOLD,0,0,0.5,0.041,-1,APPROVED
2026-09-02 13:09:01.437671+05:30,23857.35,23857.35,23756.89,23857.35,12701.0,0.1505,LOW_TOXICITY,-1.4e-05,1.4944,HOLD,0,0,0.5,0.038,-1,APPROVED
2026-09-02 13:09:03.432712+05:30,23866.0,23866.0,23765.51,23866.0,12701.0,0.1232,LOW_TOXICITY,5e-06,1.1578,HOLD,0,0,0.5,0.041,-1,APPROVED
2026-09-02 13:09:03.310492+05:30,23857.6,23857.6,23757.14,23857.6,12701.0,0.1387,LOW_TOXICITY,-1.5e-05,1.1377,HOLD,0,0,0.5,0.038,-1,APPROVED
2026-09-02 13:09:03.765761+05:30,23858.05,23858.05,23757.59,23858.05,12701.0,0.148,LOW_TOXICITY,-9e-06,1.4385,HOLD,0,0,0.5,0.038,-1,APPROVED
2026-09-02 13:09:04.191050+05:30,23856.25,23922.06,23856.25,23856.25,12701.0,0.0965,LOW_TOXICITY,-2e-05,1.7836,HOLD,0,0,0.5,0.032,-1,APPROVED
2026-09-02 13:09:05.828508+05:30,23856.65,23856.65,23756.2,23856.65,12701.0,0.148,LOW_TOXICITY,-1.7e-05,2.2954,HOLD,0,0,0.5,0.011,-1,APPROVED
2026-09-02 13:10:00.228314+05:30,23857.45,23857.45,23756.99,23857.45,12701.0,0.1232,LOW_TOXICITY,-1.9e-05,1.1578,HOLD,0,0,0.5,0.038,-1,APPROVED
2026-09-02 13:10:00.506140+05:30,23858.05,23858.05,23757.59,23858.05,12701.0,0.148,LOW_TOXICITY,-9e-06,1.4388,HOLD,0,0,0.5,0.038,-1,APPROVED
2026-09-02 13:10:00.507373+05:30,24000.0,24000.0,23898.94,24000.0,12701.0,0.0965,LOW_TOXICITY,-0.0,2.3347,HOLD,0,0,0.5,0.077,-1,APPROVED
2026-09-02 13:10:01.438618+05:30,23857.5,23857.5,23757.04,23857.5,12701.0,0.1387,LOW_TOXICITY,-1.5e-05,1.1377,HOLD,0,0,0.5,0.038,-1,APPROVED
2026-09-02 13:10:00.958555+05:30,23858.25,23858.25,23757.79,23858.25,12701.0,0.1505,LOW_TOXICITY,-1.4e-05,1.4949,HOLD,0,0,0.5,0.038,-1,APPROVED
2026-09-02 13:10:02.601120+05:30,23856.65,23856.65,23756.2,23856.65,12701.0,0.148,LOW_TOXICITY,-1.9e-05,2.2965,HOLD,0,0,0.5,0.011,-1,APPROVED
2026-09-02 13:11:00.784949+05:30,23861.9,23861.9,23761.43,23861.9,12701.0,0.1505,LOW_TOXICITY,8e-06,1.4954,HOLD,0,0,0.5,0.039,-1,APPROVED
2026-09-02 13:11:02.096170+05:30,23862.25,23922.06,23862.25,23862.25,12701.0,0.0965,LOW_TOXICITY,5e-06,1.7173,HOLD,0,0,0.5,0.034,-1,APPROVED
2026-09-02 13:11:02.849128+05:30,23862.4,23862.4,23762.32,23862.4,12701.0,0.1387,LOW_TOXICITY,7e-06,1.1377,HOLD,0,0,0.5,0.039,-1,APPROVED
2026-09-02 13:11:04.994971+05:30,23863.05,23863.05,23762.57,23863.05,12701.0,0.1232,LOW_TOXICITY,-3e-06,1.1578,HOLD,0,0,0.5,0.04,-1,APPROVED
2026-09-02 13:11:05.253088+05:30,23858.05,23858.05,23757.59,23858.05,12701.0,0.148,LOW_TOXICITY,-9e-06,1.3956,HOLD,0,0,0.5,0.038,-1,APPROVED
2026-09-02 13:11:07.295545+05:30,23856.65,23856.65,23756.2,23856.65,12701.0,0.148,LOW_TOXICITY,-7e-06,2.2976,HOLD,0,0,0.5,0.011,-1,APPROVED
2026-09-02 13:12:00.378776+05:30,23868.3,23868.3,23767.8,23868.3,12701.0,0.1505,LOW_TOXICITY,1.6e-05,1.5497,HOLD,0,0,0.5,0.041,-1,APPROVED
2026-09-02 13:12:00.933105+05:30,23868.5,23868.5,23767.45,23868.5,12701.0,0.1387,LOW_TOXICITY,1.7e-05,1.1377,HOLD,0,0,0.5,0.041,-1,APPROVED
2026-09-02 13:12:01.894902+05:30,23863.05,23863.05,23762.57,23863.05,12701.0,0.1232,LOW_TOXICITY,1e-06,1.1577,HOLD,0,0,0.5,0.04,-1,APPROVED
2026-09-02 13:12:02.007266+05:30,23858.05,23858.05,23757.59,23858.05,12701.0,0.148,LOW_TOXICITY,-9e-06,1.3958,HOLD,0,0,0.5,0.038,-1,APPROVED
2026-09-02 13:12:03.971014+05:30,23856.65,23856.65,23756.2,23856.65,12701.0,0.148,LOW_TOXICITY,-1.7e-05,2.2987,HOLD,0,0,0.5,0.011,-1,APPROVED
2026-09-02 13:12:03.355775+05:30,23868.1,23922.06,23868.1,23868.1,12701.0,0.0965,LOW_TOXICITY,1.7e-05,0.9784,HOLD,0,0,0.5,0.036,-1,APPROVED
2026-09-02 13:13:00.524733+05:30,23871.65,23871.65,23771.13,23871.65,12701.0,0.148,LOW_TOXICITY,2.5e-05,2.2998,HOLD,0,0,0.5,0.016,-1,APPROVED
2026-09-02 13:13:00.997655+05:30,23871.85,23871.85,23771.03,23871.85,12701.0,0.1387,LOW_TOXICITY,1.6e-05,1.1377,HOLD,0,0,0.5,0.042,-1,APPROVED
2026-09-02 13:13:04.629288+05:30,24000.0,24000.0,23898.94,24000.0,12701.0,0.0965,LOW_TOXICITY,0.0,2.1946,HOLD,0,0,0.5,0.077,-1,APPROVED
2026-09-02 13:13:03.575942+05:30,23871.9,23871.9,23771.38,23871.9,12701.0,0.1505,LOW_TOXICITY,2.3e-05,1.5497,HOLD,0,0,0.5,0.042,-1,APPROVED
2026-09-02 13:13:06.466050+05:30,23872.45,23872.45,23771.93,23872.45,12701.0,0.1232,LOW_TOXICITY,2.2e-05,1.1577,HOLD,0,0,0.5,0.043,-1,APPROVED
2026-09-02 13:13:06.577911+05:30,23858.05,23858.05,23757.59,23858.05,12701.0,0.148,LOW_TOXICITY,-9e-06,1.396,HOLD,0,0,0.5,0.038,-1,APPROVED
2026-09-02 13:14:01.008627+05:30,23873.55,23922.06,23873.55,23873.55,12701.0,0.0965,LOW_TOXICITY,1.9e-05,1.5952,HOLD,0,0,0.5,0.037,-1,APPROVED
2026-09-02 13:14:03.095122+05:30,23872.45,23872.45,23771.93,23872.45,12701.0,0.1232,LOW_TOXICITY,2.2e-05,1.1577,HOLD,0,0,0.5,0.043,-1,APPROVED
2026-09-02 13:14:02.692215+05:30,23873.35,23873.35,23772.83,23873.35,12701.0,0.1387,LOW_TOXICITY,1.9e-05,1.2822,HOLD,0,0,0.5,0.043,-1,APPROVED
2026-09-02 13:14:03.306320+05:30,23858.05,23858.05,23757.59,23858.05,12701.0,0.143,LOW_TOXICITY,-9e-06,1.3961,HOLD,0,0,0.5,0.038,-1,APPROVED
2026-09-02 13:14:04.187194+05:30,23873.2,23873.2,23772.68,23873.2,12701.0,0.1505,LOW_TOXICITY,2e-05,1.5496,HOLD,0,0,0.5,0.043,-1,APPROVED
2026-09-02 13:14:05.295746+05:30,23872.85,23872.85,23772.33,23872.85,12701.0,0.148,LOW_TOXICITY,1.8e-05,2.3009,HOLD,0,0,0.5,0.017,-1,APPROVED
2026-09-02 13:15:00.671417+05:30,23874.4,23874.4,23773.87,23874.4,12701.0,0.1387,LOW_TOXICITY,1.1e-05,1.2826,HOLD,0,0,0.5,0.043,-1,APPROVED
2026-09-02 13:15:01.936621+05:30,23874.45,23874.45,23773.92,23874.45,12701.0,0.1414,LOW_TOXICITY,2.3e-05,2.302,HOLD,0,0,0.5,0.017,-1,APPROVED
2026-09-02 13:15:02.342881+05:30,24000.0,24000.0,23898.94,24000.0,12701.0,0.0965,LOW_TOXICITY,0.0,2.1308,HOLD,0,0,0.5,0.077,-1,APPROVED
2026-09-02 13:15:03.360272+05:30,23874.9,23874.9,23774.37,23874.9,12701.0,0.1445,LOW_TOXICITY,1.1e-05,1.5496,HOLD,0,0,0.5,0.043,-1,APPROVED
2026-09-02 13:15:07.699486+05:30,23874.25,23874.25,23773.72,23874.25,12701.0,0.1232,LOW_TOXICITY,8e-06,1.1416,HOLD,0,0,0.5,0.043,-1,APPROVED
2026-09-02 13:15:07.915725+05:30,23858.05,23858.05,23757.59,23858.05,12701.0,0.143,LOW_TOXICITY,-9e-06,1.3963,HOLD,0,0,0.5,0.038,-1,APPROVED
2026-09-02 13:16:02.149607+05:30,23869.65,23869.65,23769.14,23869.65,12701.0,0.1369,LOW_TOXICITY,-1.2e-05,1.283,HOLD,0,0,0.5,0.042,-1,APPROVED
2026-09-02 13:16:02.533962+05:30,23875.1,23875.1,23769.19,23875.1,12701.0,0.1445,LOW_TOXICITY,4e-06,1.5495,HOLD,0,0,0.5,0.043,-1,APPROVED
2026-09-02 13:16:04.332547+05:30,23874.25,23874.25,23773.72,23874.25,12701.0,0.1232,LOW_TOXICITY,1e-06,1.1416,HOLD,0,0,0.5,0.043,-1,APPROVED
2026-09-02 13:16:03.678370+05:30,24000.0,24000.0,23898.94,24000.0,12701.0,0.0965,LOW_TOXICITY,0.000351,0.9515,BUY,1,1,0.6037,0.077,-1,APPROVED
2026-09-02 13:16:04.630618+05:30,23869.95,23869.95,23769.44,23869.95,12701.0,0.143,LOW_TOXICITY,2.4e-05,1.3965,HOLD,0,0,0.5,0.042,-1,APPROVED
2026-09-02 13:16:06.579825+05:30,23874.45,23874.45,23773.92,23874.45,12701.0,0.1414,LOW_TOXICITY,1e-05,2.3031,HOLD,0,0,0.5,0.017,-1,APPROVED
2026-09-02 13:17:00.012377+05:30,23871.15,23871.15,23770.64,23871.15,12701.0,0.1369,LOW_TOXICITY,-8e-06,1.2834,HOLD,0,0,0.5,0.042,-1,APPROVED
2026-09-02 13:17:00.932327+05:30,23874.25,23874.25,23773.72,23874.25,12701.0,0.1239,LOW_TOXICITY,2e-06,1.1416,HOLD,0,0,0.5,0.043,-1,APPROVED
2026-09-02 13:17:01.306150+05:30,23871.05,23871.05,23770.54,23871.05,12701.0,0.143,LOW_TOXICITY,2.7e-05,1.3966,HOLD,0,0,0.5,0.042,-1,APPROVED
2026-09-02 13:17:00.596484+05:30,24000.0,24000.0,23898.94,24000.0,12701.0,0.0965,LOW_TOXICITY,0.0,0.9569,HOLD,0,0,0.5,0.077,-1,APPROVED
2026-09-02 13:17:01.705172+05:30,23870.9,23870.9,23770.34,23870.9,12701.0,0.1445,LOW_TOXICITY,-8e-06,1.5495,HOLD,0,0,0.5,0.042,-1,APPROVED
2026-09-02 13:17:03.228614+05:30,23874.45,23874.45,23771.03,23874.45,12701.0,0.1414,LOW_TOXICITY,3e-06,2.3042,HOLD,0,0,0.5,0.017,-1,APPROVED
2026-09-02 13:18:00.803088+05:30,23874.5,23874.5,23773.97,23874.5,12701.0,0.1445,LOW_TOXICITY,1e-06,1.5495,HOLD,0,0,0.5,0.043,-1,APPROVED
2026-09-02 13:18:01.320525+05:30,23874.5,23874.5,23774.32,23874.5,12701.0,0.1369,LOW_TOXICITY,-1e-06,1.2838,HOLD,0,0,0.5,0.043,-1,APPROVED
2026-09-02 13:18:01.994908+05:30,24000.0,24000.0,23773.47,24000.0,12701.0,0.0935,LOW_TOXICITY,0.000347,0.9569,BUY,1,1,0.6366,0.077,-1,APPROVED
2026-09-02 13:18:05.592484+05:30,23874.25,23874.25,23773.72,23874.25,12701.0,0.1239,LOW_TOXICITY,2e-06,1.1416,HOLD,0,0,0.5,0.043,-1,APPROVED
2026-09-02 13:18:05.897859+05:30,23871.05,23871.05,23770.54,23871.05,12701.0,0.143,LOW_TOXICITY,-9e-06,1.3968,HOLD,0,0,0.5,0.042,-1,APPROVED
2026-09-02 13:18:07.816506+05:30,23873.95,23873.95,23773.42,23873.95,12701.0,0.1414,LOW_TOXICITY,-4e-06,2.3053,HOLD,0,0,0.5,0.017,-1,APPROVED
2026-09-02 13:19:00.308452+05:30,23874.95,23874.95,23774.42,23874.95,12701.0,0.1445,LOW_TOXICITY,8e-06,1.5494,HOLD,0,0,0.5,0.043,-1,APPROVED
2026-09-02 13:19:02.214816+05:30,23874.1,23874.1,23773.57,23874.1,12701.0,0.1239,LOW_TOXICITY,5e-06,1.1416,HOLD,0,0,0.5,0.043,-1,APPROVED
2026-09-02 13:19:02.502700+05:30,23871.05,23871.05,23770.54,23871.05,12701.0,0.143,LOW_TOXICITY,-9e-06,1.397,HOLD,0,0,0.5,0.042,-1,APPROVED
2026-09-02 13:19:02.567611+05:30,23874.55,23874.55,23774.27,23874.55,12701.0,0.1369,LOW_TOXICITY,6e-06,1.2842,HOLD,0,0,0.5,0.043,-1,APPROVED
2026-09-02 13:19:03.870294+05:30,24000.0,24000.0,23898.94,24000.0,12701.0,0.0935,LOW_TOXICITY,0.000355,0.9569,BUY,1,1,0.6037,0.077,-1,APPROVED
2026-09-02 13:19:04.566001+05:30,23874.95,23874.95,23774.42,23874.95,12701.0,0.1414,LOW_TOXICITY,9e-06,0.6735,HOLD,0,0,0.5,0.017,-1,APPROVED
2026-09-02 13:20:00.438347+05:30,23871.65,23871.65,23771.13,23871.65,12701.0,0.1369,LOW_TOXICITY,1.3e-05,1.2846,HOLD,0,0,0.5,0.042,-1,APPROVED
2026-09-02 13:20:00.382597+05:30,23871.7,23871.7,23771.18,23871.7,12701.0,0.1445,LOW_TOXICITY,1.4e-05,1.5494,HOLD,0,0,0.5,0.042,-1,APPROVED
2026-09-02 13:20:01.259837+05:30,23874.95,23874.95,23771.48,23874.95,12701.0,0.1414,LOW_TOXICITY,2.6e-05,0.6676,HOLD,0,0,0.5,0.017,-1,APPROVED
2026-09-02 13:20:00.742714+05:30,24000.0,24000.0,23898.94,24000.0,12701.0,0.0935,LOW_TOXICITY,0.0,0.9569,HOLD,0,0,0.5,0.077,-1,APPROVED
2026-09-02 13:20:06.862798+05:30,23872.65,23872.65,23772.13,23872.65,12701.0,0.1239,LOW_TOXICITY,1.9e-05,1.1416,HOLD,0,0,0.5,0.043,-1,APPROVED
2026-09-02 13:20:07.120022+05:30,23871.05,23871.05,23770.54,23871.05,12701.0,0.143,LOW_TOXICITY,-9e-06,1.3971,HOLD,0,0,0.5,0.042,-1,APPROVED
2026-09-02 13:21:01.376824+05:30,23871.85,23871.85,23771.33,23871.85,12701.0,0.1369,LOW_TOXICITY,1.1e-05,1.2849,HOLD,0,0,0.5,0.042,-1,APPROVED
2026-09-02 13:21:02.104553+05:30,23872.4,23922.06,23872.4,23872.4,12701.0,0.0935,LOW_TOXICITY,1e-05,1.6115,HOLD,0,0,0.5,0.037,-1,APPROVED
2026-09-02 13:21:03.485609+05:30,23872.15,23872.15,23771.63,23872.15,12701.0,0.1239,LOW_TOXICITY,1.7e-05,1.1416,HOLD,0,0,0.5,0.042,-1,APPROVED
2026-09-02 13:21:03.690660+05:30,23871.05,23871.05,23770.54,23871.05,12701.0,0.143,LOW_TOXICITY,9e-06,1.0973,HOLD,0,0,0.5,0.042,-1,APPROVED
2026-09-02 13:21:05.934789+05:30,23872.0,23872.0,23771.48,23872.0,12701.0,0.1414,LOW_TOXICITY,1.3e-05,0.6514,HOLD,0,0,0.5,0.016,-1,APPROVED
2026-09-02 13:21:06.088034+05:30,23871.8,23871.8,23771.28,23871.8,12701.0,0.1445,LOW_TOXICITY,1.1e-05,1.5493,HOLD,0,0,0.5,0.042,-1,APPROVED
2026-09-02 13:22:00.149350+05:30,23877.1,23877.1,23776.56,23877.1,12701.0,0.1239,LOW_TOXICITY,3.1e-05,1.1416,HOLD,0,0,0.5,0.044,-1,APPROVED
2026-09-02 13:22:00.332206+05:30,23871.05,23871.05,23770.54,23871.05,12701.0,0.143,LOW_TOXICITY,9e-06,1.0974,HOLD,0,0,0.5,0.042,-1,APPROVED
2026-09-02 13:22:02.550048+05:30,23872.0,23872.0,23771.48,23872.0,12701.0,0.1414,LOW_TOXICITY,2.7e-05,0.6676,HOLD,0,0,0.5,0.016,-1,APPROVED
2026-09-02 13:22:02.566203+05:30,23877.1,23877.1,23776.56,23877.1,12701.0,0.1369,LOW_TOXICITY,4.1e-05,1.2853,HOLD,0,0,0.5,0.044,-1,APPROVED
2026-09-02 13:22:03.527381+05:30,23876.6,23922.06,23876.6,23876.6,12701.0,0.0935,LOW_TOXICITY,-0.000344,0.9755,SELL,1,1,0.7161,0.038,-1,VETO
2026-09-02 13:22:05.279620+05:30,23876.0,23876.0,23775.47,23876.0,12701.0,0.1445,LOW_TOXICITY,4.2e-05,1.2298,HOLD,0,0,0.5,0.044,-1,APPROVED
2026-09-02 13:23:00.275220+05:30,23872.2,23872.2,23771.68,23872.2,12701.0,0.1369,LOW_TOXICITY,3.5e-05,1.2857,HOLD,0,0,0.5,0.042,-1,APPROVED
2026-09-02 13:23:04.764453+05:30,23877.1,23877.1,23776.56,23877.1,12701.0,0.1239,LOW_TOXICITY,3.1e-05,1.1416,HOLD,0,0,0.5,0.044,-1,APPROVED
2026-09-02 13:23:04.961078+05:30,23871.05,23871.05,23770.54,23871.05,12701.0,0.1435,LOW_TOXICITY,9e-06,1.0974,HOLD,0,0,0.5,0.042,-1,APPROVED
2026-09-02 13:23:04.415186+05:30,23873.1,23873.1,23772.58,23873.1,12701.0,0.1445,LOW_TOXICITY,3.6e-05,1.2298,HOLD,0,0,0.5,0.043,-1,APPROVED
2026-09-02 13:23:04.813768+05:30,24000.0,24000.0,23770.93,24000.0,12701.0,0.0935,LOW_TOXICITY,0.0,2.0971,HOLD,0,0,0.5,0.077,-1,APPROVED
2026-09-02 13:23:07.195860+05:30,23871.1,23871.1,23770.59,23871.1,12701.0,0.1414,LOW_TOXICITY,3.5e-05,0.6625,HOLD,0,0,0.5,0.016,-1,APPROVED
2026-09-02 13:24:01.406860+05:30,23873.8,23873.8,23773.27,23873.8,12701.0,0.1239,LOW_TOXICITY,2.2e-05,1.1416,HOLD,0,0,0.5,0.043,-1,APPROVED
2026-09-02 13:24:01.588202+05:30,23871.05,23871.05,23770.54,23871.05,12701.0,0.1435,LOW_TOXICITY,3.6e-05,1.0975,HOLD,0,0,0.5,0.042,-1,APPROVED
2026-09-02 13:24:01.149892+05:30,24000.0,24000.0,23898.94,24000.0,12701.0,0.0935,LOW_TOXICITY,0.000401,0.9569,BUY,1,1,0.5882,0.077,-1,APPROVED
2026-09-02 13:24:01.455870+05:30,23873.85,23873.85,23772.43,23873.85,12701.0,0.1369,LOW_TOXICITY,4.5e-05,1.4166,HOLD,0,0,0.5,0.043,-1,APPROVED
2026-09-02 13:24:03.803977+05:30,23873.2,23873.2,23772.68,23873.2,12701.0,0.1395,LOW_TOXICITY,4.6e-05,0.6803,HOLD,0,0,0.5,0.017,-1,APPROVED
2026-09-02 13:24:03.379352+05:30,23873.3,23873.3,23772.78,23873.3,12701.0,0.1428,LOW_TOXICITY,4.5e-05,1.2298,HOLD,0,0,0.5,0.043,-1,APPROVED
2026-09-02 13:25:00.398780+05:30,23873.2,23873.2,23772.68,23873.2,12701.0,0.1395,LOW_TOXICITY,4.6e-05,0.6676,HOLD,0,0,0.5,0.017,-1,APPROVED
2026-09-02 13:25:02.402444+05:30,23877.45,23877.45,23776.91,23877.45,12701.0,0.1428,LOW_TOXICITY,5.4e-05,1.2298,HOLD,0,0,0.5,0.044,-1,APPROVED
2026-09-02 13:25:03.076455+05:30,24000.0,24000.0,23898.94,24000.0,12701.0,0.0935,LOW_TOXICITY,0.0,0.9569,HOLD,0,0,0.5,0.077,-1,APPROVED
2026-09-02 13:25:03.236148+05:30,23877.9,23877.9,23777.36,23877.9,12701.0,0.1356,LOW_TOXICITY,5.7e-05,1.417,HOLD,0,0,0.5,0.044,-1,APPROVED
2026-09-02 13:25:06.151309+05:30,23878.0,23878.0,23777.46,23878.0,12701.0,0.1239,LOW_TOXICITY,5.7e-05,1.4443,HOLD,0,0,0.5,0.044,-1,APPROVED
2026-09-02 13:25:06.253956+05:30,23871.05,23871.05,23770.54,23871.05,12701.0,0.1435,LOW_TOXICITY,3.6e-05,1.0976,HOLD,0,0,0.5,0.042,-1,APPROVED
2026-09-02 13:26:01.127544+05:30,23879.5,23879.5,23778.95,23879.5,12701.0,0.1356,LOW_TOXICITY,4.8e-05,1.4173,HOLD,0,0,0.5,0.045,-1,APPROVED
2026-09-02 13:26:01.645884+05:30,23879.3,23879.3,23779.35,23879.3,12701.0,0.1428,LOW_TOXICITY,4.9e-05,1.2298,HOLD,0,0,0.5,0.045,-1,APPROVED
2026-09-02 13:26:02.770873+05:30,23878.0,23878.0,23777.46,23878.0,12701.0,0.1239,LOW_TOXICITY,4.2e-05,1.4449,HOLD,0,0,0.5,0.044,-1,APPROVED
2026-09-02 13:26:02.882555+05:30,23871.05,23871.05,23770.54,23871.05,12701.0,0.1435,LOW_TOXICITY,3.6e-05,1.0977,HOLD,0,0,0.5,0.042,-1,APPROVED
2026-09-02 13:26:04.997022+05:30,23873.2,23873.2,23772.68,23873.2,12701.0,0.1395,LOW_TOXICITY,4.6e-05,0.6676,HOLD,0,0,0.5,0.017,-1,APPROVED
2026-09-02 13:26:04.425636+05:30,23880.75,23922.06,23880.75,23880.75,12701.0,0.0935,LOW_TOXICITY,5.2e-05,1.5238,HOLD,0,0,0.5,0.04,-1,APPROVED
2026-09-02 13:27:00.714301+05:30,24000.0,24000.0,23898.94,24000.0,12701.0,0.0935,LOW_TOXICITY,0.000367,2.0519,BUY,1,1,0.5533,0.077,-1,APPROVED
2026-09-02 13:27:00.811487+05:30,23882.5,23882.5,23781.94,23882.5,12701.0,0.1428,LOW_TOXICITY,4e-05,1.2298,HOLD,0,0,0.5,0.046,-1,APPROVED
2026-09-02 13:27:01.585753+05:30,23873.2,23873.2,23782.04,23873.2,12701.0,0.1395,LOW_TOXICITY,4.6e-05,0.6676,HOLD,0,0,0.5,0.017,-1,APPROVED
2026-09-02 13:27:02.060533+05:30,23882.35,23882.35,23781.79,23882.35,12701.0,0.1356,LOW_TOXICITY,3.9e-05,1.4177,HOLD,0,0,0.5,0.046,-1,APPROVED
2026-09-02 13:27:07.375660+05:30,23881.4,23881.4,23780.84,23881.4,12701.0,0.1225,LOW_TOXICITY,5.1e-05,1.4455,HOLD,0,0,0.5,0.045,-1,APPROVED
2026-09-02 13:27:07.488538+05:30,23871.05,23871.05,23770.54,23871.05,12701.0,0.1435,LOW_TOXICITY,3.6e-05,1.0977,HOLD,0,0,0.5,0.042,-1,APPROVED
2026-09-02 13:28:02.677576+05:30,23883.2,23922.06,23883.2,23883.2,12701.0,0.0927,LOW_TOXICITY,-0.000325,1.5012,SELL,1,-1,0.6764,0.04,-1,VETO
2026-09-02 13:28:03.260011+05:30,23883.55,23883.55,23782.98,23883.55,12701.0,0.1356,LOW_TOXICITY,3.3e-05,1.418,HOLD,0,0,0.5,0.046,-1,APPROVED
2026-09-02 13:28:04.027582+05:30,23882.3,23882.3,23781.74,23882.3,12701.0,0.1225,LOW_TOXICITY,2.8e-05,1.4462,HOLD,0,0,0.5,0.046,-1,APPROVED
2026-09-02 13:28:04.122697+05:30,23871.05,23871.05,23770.54,23871.05,12701.0,0.1435,LOW_TOXICITY,3.6e-05,1.0978,HOLD,0,0,0.5,0.042,-1,APPROVED
2026-09-02 13:28:06.214390+05:30,23882.6,23882.6,23782.04,23882.6,12701.0,0.1395,LOW_TOXICITY,3.1e-05,0.7303,HOLD,0,0,0.5,0.02,-1,APPROVED
2026-09-02 13:28:06.356786+05:30,23882.1,23882.1,23781.59,23882.1,12701.0,0.1428,LOW_TOXICITY,2.8e-05,1.2298,HOLD,0,0,0.5,0.046,-1,APPROVED
2026-09-02 13:29:00.737692+05:30,23875.65,23875.65,23775.12,23875.65,12701.0,0.1225,LOW_TOXICITY,9e-06,1.4468,HOLD,0,0,0.5,0.044,-1,APPROVED
2026-09-02 13:29:00.834258+05:30,23871.05,23871.05,23770.54,23871.05,12701.0,0.1435,LOW_TOXICITY,3.6e-05,1.0979,HOLD,0,0,0.5,0.042,-1,APPROVED
2026-09-02 13:29:01.074781+05:30,23874.7,23874.7,23775.37,23874.7,12701.0,0.1356,LOW_TOXICITY,4e-06,1.4184,HOLD,0,0,0.5,0.043,-1,APPROVED
2026-09-02 13:29:02.867732+05:30,23882.6,23882.6,23775.86,23882.6,12701.0,0.1395,LOW_TOXICITY,2.7e-05,1.4427,HOLD,0,0,0.5,0.02,-1,APPROVED
2026-09-02 13:29:03.946771+05:30,24000.0,24000.0,23775.22,24000.0,12701.0,0.0927,LOW_TOXICITY,0.000352,2.0237,BUY,1,1,0.5999,0.077,-1,APPROVED
2026-09-02 13:29:05.877519+05:30,23876.05,23876.05,23775.52,23876.05,12701.0,0.1428,LOW_TOXICITY,8e-06,1.2298,HOLD,0,0,0.5,0.044,-1,APPROVED
2026-09-02 13:30:01.002546+05:30,23874.8,23922.06,23874.8,23874.8,12701.0,0.0927,LOW_TOXICITY,-0.000349,1.5885,SELL,1,1,0.8783,0.038,-1,VETO
2026-09-02 13:30:02.850650+05:30,23874.3,23874.3,23773.77,23874.3,12701.0,0.1356,LOW_TOXICITY,-0.0,1.4187,HOLD,0,0,0.5,0.043,-1,APPROVED
2026-09-02 13:30:05.535164+05:30,23874.85,23874.85,23774.32,23874.85,12701.0,0.1225,LOW_TOXICITY,2e-06,1.4475,HOLD,0,0,0.5,0.043,-1,APPROVED
2026-09-02 13:30:05.567510+05:30,23871.05,23871.05,23770.54,23871.05,12701.0,0.1435,LOW_TOXICITY,3.6e-05,1.098,HOLD,0,0,0.5,0.042,-1,APPROVED
2026-09-02 13:30:05.864153+05:30,23875.1,23875.1,23774.87,23875.1,12701.0,0.1428,LOW_TOXICITY,1e-06,1.2298,HOLD,0,0,0.5,0.043,-1,APPROVED
2026-09-02 13:30:07.578652+05:30,23876.4,23876.4,23775.22,23876.4,12701.0,0.1395,LOW_TOXICITY,5e-06,1.4431,HOLD,0,0,0.5,0.018,-1,APPROVED
2026-09-02 13:31:01.244612+05:30,23874.45,23874.45,23773.92,23874.45,12701.0,0.1356,LOW_TOXICITY,1.3e-05,1.4191,HOLD,0,0,0.5,0.043,-1,APPROVED
2026-09-02 13:31:02.245736+05:30,23874.85,23874.85,23774.32,23874.85,12701.0,0.1225,LOW_TOXICITY,2e-06,1.4481,HOLD,0,0,0.5,0.043,-1,APPROVED
2026-09-02 13:31:02.365809+05:30,23875.6,23875.6,23775.07,23875.6,12701.0,0.1435,LOW_TOXICITY,1.6e-05,1.5812,HOLD,0,0,0.5,0.044,-1,APPROVED
2026-09-02 13:31:02.299862+05:30,24000.0,24000.0,23898.94,24000.0,12701.0,0.0927,LOW_TOXICITY,0.0,2.1208,HOLD,0,0,0.5,0.077,-1,APPROVED
2026-09-02 13:31:04.346477+05:30,23874.5,23874.5,23773.97,23874.5,12701.0,0.1395,LOW_TOXICITY,0.0,1.4434,HOLD,0,0,0.5,0.017,-1,APPROVED
2026-09-02 13:31:05.909815+05:30,23876.2,23876.2,23773.13,23876.2,12701.0,0.1428,LOW_TOXICITY,3e-06,1.2298,HOLD,0,0,0.5,0.044,-1,APPROVED
2026-09-02 13:32:01.365697+05:30,23868.4,23868.4,23767.9,23868.4,12701.0,0.1395,LOW_TOXICITY,-1.7e-05,1.4438,HOLD,0,0,0.5,0.015,-1,APPROVED
2026-09-02 13:32:02.297903+05:30,23866.8,23866.8,23766.3,23866.8,12701.0,0.1356,LOW_TOXICITY,-1.2e-05,1.4194,HOLD,0,0,0.5,0.041,-1,APPROVED
2026-09-02 13:32:03.625576+05:30,23868.1,23922.06,23868.1,23868.1,12701.0,0.0927,LOW_TOXICITY,-0.000367,1.6599,SELL,1,1,0.8783,0.036,-1,VETO
2026-09-02 13:32:05.240352+05:30,23868.6,23868.6,23768.1,23868.6,12701.0,0.1428,LOW_TOXICITY,-6e-06,1.1597,HOLD,0,0,0.5,0.041,-1,APPROVED
2026-09-02 13:32:06.920492+05:30,23874.85,23874.85,23767.4,23874.85,12701.0,0.1225,LOW_TOXICITY,2e-06,1.4487,HOLD,0,0,0.5,0.043,-1,APPROVED
2026-09-02 13:32:07.055281+05:30,23875.6,23875.6,23775.07,23875.6,12701.0,0.1435,LOW_TOXICITY,1.3e-05,1.5818,HOLD,0,0,0.5,0.044,-1,APPROVED
2026-09-02 13:33:03.516570+05:30,23867.9,23867.9,23767.4,23867.9,12701.0,0.1225,LOW_TOXICITY,-1.8e-05,1.4494,HOLD,0,0,0.5,0.041,-1,APPROVED
2026-09-02 13:33:03.675889+05:30,23875.6,23875.6,23775.07,23875.6,12701.0,0.142,LOW_TOXICITY,1.3e-05,1.5824,HOLD,0,0,0.5,0.044,-1,APPROVED
2026-09-02 13:33:03.244402+05:30,23871.85,23871.85,23771.33,23871.85,12701.0,0.1356,LOW_TOXICITY,-7e-06,1.4198,HOLD,0,0,0.5,0.042,-1,APPROVED
2026-09-02 13:33:04.593767+05:30,23871.5,23871.5,23770.98,23871.5,12701.0,0.1428,LOW_TOXICITY,-8e-06,1.1597,HOLD,0,0,0.5,0.042,-1,APPROVED
2026-09-02 13:33:04.941948+05:30,24000.0,24000.0,23898.94,24000.0,12701.0,0.0927,LOW_TOXICITY,0.0,2.1991,HOLD,0,0,0.5,0.077,-1,APPROVED
2026-09-02 13:33:06.005106+05:30,23871.5,23871.5,23770.98,23871.5,12701.0,0.1395,LOW_TOXICITY,-7e-06,1.4441,HOLD,0,0,0.5,0.016,-1,APPROVED
2026-09-02 13:34:00.205752+05:30,23874.1,23874.1,23773.57,23874.1,12701.0,0.1225,LOW_TOXICITY,0.0,1.45,HOLD,0,0,0.5,0.043,-1,APPROVED
2026-09-02 13:34:00.344434+05:30,23875.6,23875.6,23775.07,23875.6,12701.0,0.142,LOW_TOXICITY,1.3e-05,1.5831,HOLD,0,0,0.5,0.044,-1,APPROVED
2026-09-02 13:34:01.088074+05:30,23873.45,23873.45,23772.93,23873.45,12701.0,0.1356,LOW_TOXICITY,-3e-06,2.1103,HOLD,0,0,0.5,0.043,-1,APPROVED
2026-09-02 13:34:01.316509+05:30,24000.0,24000.0,23771.78,24000.0,12701.0,0.0927,LOW_TOXICITY,0.0,0.962,HOLD,0,0,0.5,0.077,-1,APPROVED
2026-09-02 13:34:02.964701+05:30,23871.5,23871.5,23770.98,23871.5,12701.0,0.1383,LOW_TOXICITY,-1e-05,1.4444,HOLD,0,0,0.5,0.016,-1,APPROVED
2026-09-02 13:34:05.445544+05:30,23873.75,23873.75,23771.63,23873.75,12701.0,0.1413,LOW_TOXICITY,-3e-06,1.1597,HOLD,0,0,0.5,0.043,-1,APPROVED
2026-09-02 13:35:02.380945+05:30,23877.75,23877.75,23777.21,23877.75,12701.0,0.1357,LOW_TOXICITY,1.7e-05,2.1112,HOLD,0,0,0.5,0.044,-1,APPROVED
2026-09-02 13:35:02.671515+05:30,24000.0,24000.0,23898.94,24000.0,12701.0,0.0927,LOW_TOXICITY,0.0,0.962,HOLD,0,0,0.5,0.077,-1,APPROVED
2026-09-02 13:35:04.865637+05:30,23878.95,23878.95,23778.4,23878.95,12701.0,0.1225,LOW_TOXICITY,1.8e-05,1.1404,HOLD,0,0,0.5,0.045,-1,APPROVED
2026-09-02 13:35:05.006493+05:30,23875.6,23875.6,23775.07,23875.6,12701.0,0.142,LOW_TOXICITY,1.3e-05,1.5837,HOLD,0,0,0.5,0.044,-1,APPROVED
2026-09-02 13:35:05.240777+05:30,23878.45,23878.45,23778.05,23878.45,12701.0,0.1413,LOW_TOXICITY,1.9e-05,1.1597,HOLD,0,0,0.5,0.044,-1,APPROVED
2026-09-02 13:35:07.604675+05:30,23878.5,23878.5,23777.96,23878.5,12701.0,0.1383,LOW_TOXICITY,1e-05,1.4448,HOLD,0,0,0.5,0.018,-1,APPROVED
2026-09-02 13:36:00.817677+05:30,23883.8,23883.8,23783.23,23883.8,12701.0,0.1357,LOW_TOXICITY,3.3e-05,2.1122,HOLD,0,0,0.5,0.046,-1,APPROVED
2026-09-02 13:36:01.695266+05:30,23878.95,23878.95,23783.08,23878.95,12701.0,0.1191,LOW_TOXICITY,1.9e-05,1.1404,HOLD,0,0,0.5,0.045,-1,APPROVED
2026-09-02 13:36:01.695252+05:30,23875.6,23875.6,23775.07,23875.6,12701.0,0.142,LOW_TOXICITY,1.3e-05,1.5843,HOLD,0,0,0.5,0.044,-1,APPROVED
2026-09-02 13:36:04.266594+05:30,23884.75,23884.75,23784.18,23884.75,12701.0,0.1383,LOW_TOXICITY,3.6e-05,1.4451,HOLD,0,0,0.5,0.02,-1,APPROVED
2026-09-02 13:36:04.037759+05:30,24000.0,24000.0,23898.94,24000.0,12701.0,0.0927,LOW_TOXICITY,0.000355,0.962,BUY,1,1,0.7412,0.077,-1,APPROVED
2026-09-02 13:36:05.089403+05:30,23884.55,23884.55,23783.98,23884.55,12701.0,0.1413,LOW_TOXICITY,3.6e-05,1.1597,HOLD,0,0,0.5,0.046,-1,APPROVED
2026-09-02 13:37:01.065883+05:30,23885.35,23885.35,23784.78,23885.35,12701.0,0.1383,LOW_TOXICITY,3.7e-05,1.4455,HOLD,0,0,0.5,0.02,-1,APPROVED
2026-09-02 13:37:01.126876+05:30,24000.0,24000.0,23783.78,24000.0,12701.0,0.0906,LOW_TOXICITY,0.000344,0.9617,BUY,1,1,0.7736,0.077,-1,APPROVED
2026-09-02 13:37:02.377525+05:30,23884.9,23884.9,23784.33,23884.9,12701.0,0.1357,LOW_TOXICITY,2.2e-05,2.1132,HOLD,0,0,0.5,0.047,-1,APPROVED
2026-09-02 13:37:04.589858+05:30,23885.7,23885.7,23785.12,23885.7,12701.0,0.1413,LOW_TOXICITY,2.7e-05,1.1597,HOLD,0,0,0.5,0.047,-1,APPROVED
2026-09-02 13:37:06.408811+05:30,23885.3,23885.3,23784.73,23885.3,12701.0,0.1191,LOW_TOXICITY,2.3e-05,1.1404,HOLD,0,0,0.5,0.047,-1,APPROVED
2026-09-02 13:37:06.439697+05:30,23875.6,23875.6,23775.07,23875.6,12701.0,0.142,LOW_TOXICITY,1.3e-05,1.585,HOLD,0,0,0.5,0.044,-1,APPROVED
2026-09-02 13:38:00.349849+05:30,23884.75,23884.75,23784.18,23884.75,12701.0,0.1357,LOW_TOXICITY,3.5e-05,2.1141,HOLD,0,0,0.5,0.046,-1,APPROVED
2026-09-02 13:38:03.101225+05:30,23884.15,23884.15,23783.58,23884.15,12701.0,0.1191,LOW_TOXICITY,2e-05,1.1404,HOLD,0,0,0.5,0.046,-1,APPROVED
2026-09-02 13:38:03.143129+05:30,23875.6,23875.6,23775.07,23875.6,12701.0,0.142,LOW_TOXICITY,1.3e-05,1.5856,HOLD,0,0,0.5,0.044,-1,APPROVED
2026-09-02 13:38:03.037540+05:30,24000.0,24000.0,23898.94,24000.0,12701.0,0.0906,LOW_TOXICITY,0.0,0.9617,HOLD,0,0,0.5,0.077,-1,APPROVED
2026-09-02 13:38:04.117005+05:30,23884.1,23884.1,23783.23,23884.1,12701.0,0.1413,LOW_TOXICITY,3.1e-05,1.1597,HOLD,0,0,0.5,0.046,-1,APPROVED
2026-09-02 13:38:05.724533+05:30,23885.35,23885.35,23783.63,23885.35,12701.0,0.1383,LOW_TOXICITY,4e-05,1.4458,HOLD,0,0,0.5,0.02,-1,APPROVED
2026-09-02 13:39:01.924466+05:30,23875.3,23875.3,23774.77,23875.3,12701.0,0.1357,LOW_TOXICITY,4e-06,2.1151,HOLD,0,0,0.5,0.043,-1,APPROVED
2026-09-02 13:39:02.581101+05:30,23884.2,23884.2,23783.63,23884.2,12701.0,0.1383,LOW_TOXICITY,3.1e-05,1.1446,HOLD,0,0,0.5,0.02,-1,APPROVED
2026-09-02 13:39:04.065284+05:30,23874.55,23874.55,23774.02,23874.55,12701.0,0.1413,LOW_TOXICITY,3e-06,1.1597,HOLD,0,0,0.5,0.043,-1,APPROVED
2026-09-02 13:39:04.485455+05:30,24000.0,24000.0,23774.32,24000.0,12701.0,0.0906,LOW_TOXICITY,0.0,0.9617,HOLD,0,0,0.5,0.077,-1,APPROVED
2026-09-02 13:39:07.810070+05:30,23875.6,23875.6,23775.07,23875.6,12701.0,0.142,LOW_TOXICITY,1.3e-05,1.5862,HOLD,0,0,0.5,0.044,-1,APPROVED
2026-09-02 13:39:07.810081+05:30,23884.15,23884.15,23783.58,23884.15,12701.0,0.1191,LOW_TOXICITY,2.9e-05,1.1404,HOLD,0,0,0.5,0.046,-1,APPROVED
2026-09-02 13:40:00.040085+05:30,23863.25,23863.25,23762.77,23863.25,12701.0,0.1357,LOW_TOXICITY,-4.1e-05,2.116,HOLD,0,0,0.5,0.04,-1,APPROVED
2026-09-02 13:40:00.830181+05:30,24000.0,24000.0,23898.94,24000.0,12701.0,0.0906,LOW_TOXICITY,0.0,0.9617,HOLD,0,0,0.5,0.077,-1,APPROVED
2026-09-02 13:40:04.448122+05:30,23875.6,23875.6,23764.26,23875.6,12701.0,0.142,LOW_TOXICITY,1.3e-05,1.5869,HOLD,0,0,0.5,0.044,-1,APPROVED
2026-09-02 13:40:03.693473+05:30,23864.6,23864.6,23764.11,23864.6,12701.0,0.1413,LOW_TOXICITY,-3.6e-05,1.1597,HOLD,0,0,0.5,0.04,-1,APPROVED
2026-09-02 13:40:04.558738+05:30,23884.15,23884.15,23783.58,23884.15,12701.0,0.1191,LOW_TOXICITY,1.7e-05,1.1404,HOLD,0,0,0.5,0.046,-1,APPROVED
2026-09-02 13:40:07.380721+05:30,23865.0,23865.0,23764.51,23865.0,12701.0,0.1383,LOW_TOXICITY,-2.3e-05,1.1446,HOLD,0,0,0.5,0.014,-1,APPROVED
2026-09-02 13:41:01.078364+05:30,23862.05,23862.05,23761.57,23862.05,12701.0,0.142,LOW_TOXICITY,-2.5e-05,1.8351,HOLD,0,0,0.5,0.039,-1,APPROVED
2026-09-02 13:41:01.239189+05:30,23884.15,23884.15,23783.58,23884.15,12701.0,0.1191,LOW_TOXICITY,1.7e-05,1.1404,HOLD,0,0,0.5,0.046,-1,APPROVED
2026-09-02 13:41:01.562103+05:30,23862.45,23862.45,23762.97,23862.45,12701.0,0.1357,LOW_TOXICITY,-4.8e-05,2.117,HOLD,0,0,0.5,0.039,-1,APPROVED
2026-09-02 13:41:02.152368+05:30,24000.0,24000.0,23898.94,24000.0,12701.0,0.0906,LOW_TOXICITY,0.000332,0.9617,BUY,1,1,0.7699,0.077,-1,APPROVED
2026-09-02 13:41:03.982157+05:30,23865.0,23865.0,23764.51,23865.0,12701.0,0.1383,LOW_TOXICITY,-2.3e-05,1.1446,HOLD,0,0,0.5,0.014,-1,APPROVED
2026-09-02 13:41:03.308420+05:30,23863.15,23863.15,23762.67,23863.15,12701.0,0.1413,LOW_TOXICITY,-4.5e-05,1.1596,HOLD,0,0,0.5,0.04,-1,APPROVED
2026-09-02 13:42:00.701522+05:30,23868.9,23868.9,23768.4,23868.9,12701.0,0.1383,LOW_TOXICITY,-1.2e-05,1.1446,HOLD,0,0,0.5,0.015,-1,APPROVED
2026-09-02 13:42:02.913793+05:30,23868.0,23868.0,23767.5,23868.0,12701.0,0.1357,LOW_TOXICITY,-4e-05,2.118,HOLD,0,0,0.5,0.041,-1,APPROVED
2026-09-02 13:42:03.094313+05:30,23867.8,23867.8,23767.3,23867.8,12701.0,0.1413,LOW_TOXICITY,-4.1e-05,1.365,HOLD,0,0,0.5,0.041,-1,APPROVED
2026-09-02 13:42:04.124848+05:30,24000.0,24000.0,23767.95,24000.0,12701.0,0.0906,LOW_TOXICITY,0.0,0.9617,HOLD,0,0,0.5,0.077,-1,APPROVED
2026-09-02 13:42:05.739562+05:30,23862.05,23862.05,23761.57,23862.05,12701.0,0.1403,LOW_TOXICITY,-2.5e-05,1.8358,HOLD,0,0,0.5,0.039,-1,APPROVED
2026-09-02 13:42:05.846622+05:30,23884.15,23884.15,23767.15,23884.15,12701.0,0.1191,LOW_TOXICITY,8e-06,1.1404,HOLD,0,0,0.5,0.046,-1,APPROVED
2026-09-02 13:43:00.598090+05:30,23869.9,23922.06,23869.9,23869.9,12701.0,0.0906,LOW_TOXICITY,-3.7e-05,1.6427,HOLD,0,0,0.5,0.036,-1,APPROVED
2026-09-02 13:43:01.600141+05:30,23870.8,23870.8,23769.49,23870.8,12701.0,0.1357,LOW_TOXICITY,-3.6e-05,2.1189,HOLD,0,0,0.5,0.042,-1,APPROVED
2026-09-02 13:43:02.523683+05:30,23862.05,23862.05,23761.57,23862.05,12701.0,0.1403,LOW_TOXICITY,-2.5e-05,1.8365,HOLD,0,0,0.5,0.039,-1,APPROVED
2026-09-02 13:43:02.602648+05:30,23867.65,23867.65,23767.15,23867.65,12701.0,0.1191,LOW_TOXICITY,-4.1e-05,1.1404,HOLD,0,0,0.5,0.041,-1,APPROVED
2026-09-02 13:43:02.881607+05:30,23870.0,23870.0,23769.49,23870.0,12701.0,0.1391,LOW_TOXICITY,-3.4e-05,1.3653,HOLD,0,0,0.5,0.042,-1,APPROVED
2026-09-02 13:43:05.344579+05:30,23870.2,23870.2,23769.69,23870.2,12701.0,0.1405,LOW_TOXICITY,-3.5e-05,1.1446,HOLD,0,0,0.5,0.016,-1,APPROVED
2026-09-02 13:44:00.124209+05:30,23868.0,23868.0,23767.5,23868.0,12701.0,0.1334,LOW_TOXICITY,-1.9e-05,1.1284,HOLD,0,0,0.5,0.041,-1,APPROVED
2026-09-02 13:44:01.948314+05:30,23868.25,23868.25,23767.75,23868.25,12701.0,0.1405,LOW_TOXICITY,-4e-05,1.1446,HOLD,0,0,0.5,0.015,-1,APPROVED
2026-09-02 13:44:01.916621+05:30,24000.0,24000.0,23766.9,24000.0,12701.0,0.0906,LOW_TOXICITY,0.0,2.176,HOLD,0,0,0.5,0.077,-1,APPROVED
2026-09-02 13:44:02.430381+05:30,23868.85,23868.85,23768.35,23868.85,12701.0,0.1391,LOW_TOXICITY,-2e-05,1.3655,HOLD,0,0,0.5,0.041,-1,APPROVED
2026-09-02 13:44:07.184192+05:30,23867.3,23867.3,23766.8,23867.3,12701.0,0.1403,LOW_TOXICITY,-1e-05,1.8371,HOLD,0,0,0.5,0.041,-1,APPROVED
2026-09-02 13:44:07.344773+05:30,23867.65,23867.65,23767.15,23867.65,12701.0,0.1191,LOW_TOXICITY,-2.2e-05,1.1404,HOLD,0,0,0.5,0.041,-1,APPROVED
2026-09-02 13:45:02.020585+05:30,23867.8,23867.8,23767.3,23867.8,12701.0,0.1334,LOW_TOXICITY,-1.8e-05,1.1284,HOLD,0,0,0.5,0.041,-1,APPROVED
2026-09-02 13:45:02.289370+05:30,23868.0,23868.0,23767.5,23868.0,12701.0,0.1391,LOW_TOXICITY,-2e-05,1.3658,HOLD,0,0,0.5,0.041,-1,APPROVED
2026-09-02 13:45:03.222417+05:30,23869.35,23922.06,23869.35,23869.35,12701.0,0.0906,LOW_TOXICITY,-1.5e-05,1.6486,HOLD,0,0,0.5,0.036,-1,APPROVED
2026-09-02 13:45:03.984759+05:30,23867.65,23867.65,23767.15,23867.65,12701.0,0.1191,LOW_TOXICITY,-2e-05,1.2803,HOLD,0,0,0.5,0.041,-1,APPROVED
2026-09-02 13:45:03.889038+05:30,23867.3,23867.3,23766.8,23867.3,12701.0,0.1403,LOW_TOXICITY,-1e-05,1.8378,HOLD,0,0,0.5,0.041,-1,APPROVED
2026-09-02 13:45:06.509889+05:30,23868.25,23868.25,23767.75,23868.25,12701.0,0.1405,LOW_TOXICITY,-2.3e-05,1.1446,HOLD,0,0,0.5,0.015,-1,APPROVED
2026-09-02 13:46:00.655792+05:30,23867.65,23867.65,23767.15,23867.65,12701.0,0.1184,LOW_TOXICITY,-2e-05,1.2806,HOLD,0,0,0.5,0.041,-1,APPROVED
2026-09-02 13:46:00.703488+05:30,23867.3,23867.3,23766.8,23867.3,12701.0,0.1403,LOW_TOXICITY,-2.3e-05,1.8385,HOLD,0,0,0.5,0.041,-1,APPROVED
2026-09-02 13:46:00.496024+05:30,23873.8,23873.8,23772.88,23873.8,12701.0,0.1334,LOW_TOXICITY,-2e-06,1.1284,HOLD,0,0,0.5,0.043,-1,APPROVED
2026-09-02 13:46:03.164954+05:30,23868.25,23868.25,23767.75,23868.25,12701.0,0.1405,LOW_TOXICITY,-1.7e-05,1.1446,HOLD,0,0,0.5,0.015,-1,APPROVED
2026-09-02 13:46:02.310264+05:30,23874.05,23874.05,23773.52,23874.05,12701.0,0.1391,LOW_TOXICITY,-6e-06,1.366,HOLD,0,0,0.5,0.043,-1,APPROVED
2026-09-02 13:46:04.555384+05:30,24000.0,24000.0,23772.73,24000.0,12701.0,0.0906,LOW_TOXICITY,0.0,2.1825,HOLD,0,0,0.5,0.077,-1,APPROVED
2026-09-02 13:47:00.980743+05:30,24000.0,24000.0,23770.34,24000.0,12701.0,0.09,LOW_TOXICITY,0.000367,0.9615,BUY,1,1,0.7262,0.077,-1,APPROVED
2026-09-02 13:47:02.632215+05:30,23870.5,23870.5,23769.99,23870.5,12701.0,0.1334,LOW_TOXICITY,1e-05,1.1284,HOLD,0,0,0.5,0.042,-1,APPROVED
2026-09-02 13:47:02.422961+05:30,23870.8,23870.8,23770.39,23870.8,12701.0,0.1391,LOW_TOXICITY,6e-06,1.3663,HOLD,0,0,0.5,0.042,-1,APPROVED
2026-09-02 13:47:05.441097+05:30,23867.3,23867.3,23766.8,23867.3,12701.0,0.1403,LOW_TOXICITY,-2.3e-05,1.8392,HOLD,0,0,0.5,0.041,-1,APPROVED
2026-09-02 13:47:05.361754+05:30,23869.7,23869.7,23769.19,23869.7,12701.0,0.1184,LOW_TOXICITY,-1.4e-05,1.281,HOLD,0,0,0.5,0.042,-1,APPROVED
2026-09-02 13:47:07.825402+05:30,23870.75,23870.75,23770.24,23870.75,12701.0,0.1405,LOW_TOXICITY,7e-06,1.1446,HOLD,0,0,0.5,0.016,-1,APPROVED
2026-09-02 13:48:01.400853+05:30,23876.65,23876.65,23776.11,23876.65,12701.0,0.1334,LOW_TOXICITY,1.3e-05,1.1284,HOLD,0,0,0.5,0.044,-1,APPROVED
2026-09-02 13:48:02.039279+05:30,23869.7,23869.7,23775.91,23869.7,12701.0,0.1184,LOW_TOXICITY,5e-06,1.2814,HOLD,0,0,0.5,0.042,-1,APPROVED
2026-09-02 13:48:02.039279+05:30,23867.3,23867.3,23766.8,23867.3,12701.0,0.1403,LOW_TOXICITY,-2.3e-05,1.8398,HOLD,0,0,0.5,0.041,-1,APPROVED
2026-09-02 13:48:01.848119+05:30,23874.95,23874.95,23774.42,23874.95,12701.0,0.1391,LOW_TOXICITY,1e-05,1.3665,HOLD,0,0,0.5,0.043,-1,APPROVED
2026-09-02 13:48:02.928555+05:30,24000.0,24000.0,23775.91,24000.0,12701.0,0.09,LOW_TOXICITY,0.0,0.9615,HOLD,0,0,0.5,0.077,-1,APPROVED
2026-09-02 13:48:04.467302+05:30,23870.75,23870.75,23770.24,23870.75,12701.0,0.1405,LOW_TOXICITY,-2e-06,1.1446,HOLD,0,0,0.5,0.016,-1,APPROVED
2026-09-02 13:49:01.181098+05:30,23870.75,23870.75,23770.24,23870.75,12701.0,0.1405,LOW_TOXICITY,-2e-06,1.3084,HOLD,0,0,0.5,0.016,-1,APPROVED
2026-09-02 13:49:01.635191+05:30,23871.3,23871.3,23770.79,23871.3,12701.0,0.1391,LOW_TOXICITY,-7e-06,1.3668,HOLD,0,0,0.5,0.042,-1,APPROVED
2026-09-02 13:49:02.464229+05:30,23870.7,23870.7,23770.19,23870.7,12701.0,0.1334,LOW_TOXICITY,-8e-06,1.1284,HOLD,0,0,0.5,0.042,-1,APPROVED
2026-09-02 13:49:04.291528+05:30,23872.45,23922.06,23872.45,23872.45,12701.0,0.09,LOW_TOXICITY,-0.000355,1.6156,SELL,1,1,0.9099,0.037,-1,VETO
2026-09-02 13:49:06.761069+05:30,23876.45,23876.45,23775.91,23876.45,12701.0,0.1184,LOW_TOXICITY,7e-06,1.2818,HOLD,0,0,0.5,0.044,-1,APPROVED
2026-09-02 13:49:06.824815+05:30,23867.3,23867.3,23766.8,23867.3,12701.0,0.1403,LOW_TOXICITY,-2.3e-05,1.8405,HOLD,0,0,0.5,0.041,-1,APPROVED
2026-09-02 13:50:00.495628+05:30,23864.4,23864.4,23763.91,23864.4,12701.0,0.1334,LOW_TOXICITY,-3.7e-05,1.1284,HOLD,0,0,0.5,0.04,-1,APPROVED
2026-09-02 13:50:00.591932+05:30,24000.0,24000.0,23898.94,24000.0,12701.0,0.09,LOW_TOXICITY,0.0,2.1461,HOLD,0,0,0.5,0.077,-1,APPROVED
2026-09-02 13:50:01.268469+05:30,23866.3,23866.3,23765.81,23866.3,12701.0,0.1391,LOW_TOXICITY,-3.4e-05,1.367,HOLD,0,0,0.5,0.041,-1,APPROVED
2026-09-02 13:50:03.356077+05:30,23876.45,23876.45,23766.35,23876.45,12701.0,0.1184,LOW_TOXICITY,-7e-06,1.2821,HOLD,0,0,0.5,0.044,-1,APPROVED
2026-09-02 13:50:03.420926+05:30,23867.3,23867.3,23766.8,23867.3,12701.0,0.1403,LOW_TOXICITY,-2.3e-05,1.8412,HOLD,0,0,0.5,0.041,-1,APPROVED
2026-09-02 13:50:05.847990+05:30,23865.95,23865.95,23765.46,23865.95,12701.0,0.1405,LOW_TOXICITY,-3.5e-05,1.3086,HOLD,0,0,0.5,0.014,-1,APPROVED
2026-09-02 13:51:00.031605+05:30,23860.9,23860.9,23760.43,23860.9,12701.0,0.1403,LOW_TOXICITY,-4.1e-05,1.373,HOLD,0,0,0.5,0.039,-1,APPROVED
2026-09-02 13:51:00.845148+05:30,23861.95,23861.95,23761.47,23861.95,12701.0,0.1391,LOW_TOXICITY,-6.3e-05,1.3673,HOLD,0,0,0.5,0.039,-1,APPROVED
2026-09-02 13:51:01.701351+05:30,23862.15,23862.15,23761.67,23862.15,12701.0,0.1334,LOW_TOXICITY,-6e-05,1.1284,HOLD,0,0,0.5,0.039,-1,APPROVED
2026-09-02 13:51:02.624553+05:30,23865.95,23865.95,23765.46,23865.95,12701.0,0.1405,LOW_TOXICITY,-5.2e-05,1.3087,HOLD,0,0,0.5,0.014,-1,APPROVED
2026-09-02 13:51:02.044514+05:30,24000.0,24000.0,23898.94,24000.0,12701.0,0.09,LOW_TOXICITY,0.0,0.9615,HOLD,0,0,0.5,0.077,-1,APPROVED
2026-09-02 13:51:07.987497+05:30,23861.25,23861.25,23760.78,23861.25,12701.0,0.1184,LOW_TOXICITY,-4.9e-05,1.2825,HOLD,0,0,0.5,0.039,-1,APPROVED
2026-09-02 13:52:00.286711+05:30,23853.3,23853.3,23752.86,23853.3,12701.0,0.1391,LOW_TOXICITY,-9e-05,1.1381,HOLD,0,0,0.5,0.036,-1,APPROVED
2026-09-02 13:52:02.801400+05:30,23853.65,23853.65,23753.21,23853.65,12701.0,0.1334,LOW_TOXICITY,-8.7e-05,1.1284,HOLD,0,0,0.5,0.037,-1,APPROVED
2026-09-02 13:52:03.513092+05:30,24000.0,24000.0,23753.11,24000.0,12701.0,0.09,LOW_TOXICITY,0.0,0.9615,HOLD,0,0,0.5,0.077,-1,APPROVED
2026-09-02 13:52:04.615918+05:30,23861.25,23861.25,23760.78,23861.25,12701.0,0.1184,LOW_TOXICITY,-6.7e-05,1.2829,HOLD,0,0,0.5,0.039,-1,APPROVED
2026-09-02 13:52:04.711403+05:30,23860.9,23860.9,23760.43,23860.9,12701.0,0.1391,LOW_TOXICITY,-4.1e-05,1.3732,HOLD,0,0,0.5,0.039,-1,APPROVED
2026-09-02 13:52:07.237132+05:30,23865.95,23865.95,23765.46,23865.95,12701.0,0.1405,LOW_TOXICITY,-5.4e-05,1.3089,HOLD,0,0,0.5,0.014,-1,APPROVED
2026-09-02 13:53:00.665759+05:30,23856.6,23856.6,23756.15,23856.6,12701.0,0.1334,LOW_TOXICITY,-7.9e-05,1.1284,HOLD,0,0,0.5,0.038,-1,APPROVED
2026-09-02 13:53:01.239166+05:30,23861.25,23861.25,23756.99,23861.25,12701.0,0.1184,LOW_TOXICITY,-6.4e-05,1.2833,HOLD,0,0,0.5,0.039,-1,APPROVED
2026-09-02 13:53:01.328870+05:30,23860.9,23860.9,23760.43,23860.9,12701.0,0.1391,LOW_TOXICITY,-4.1e-05,1.3733,HOLD,0,0,0.5,0.039,-1,APPROVED
2026-09-02 13:53:03.810130+05:30,23857.95,23857.95,23757.49,23857.95,12701.0,0.1343,LOW_TOXICITY,-7.7e-05,1.3091,HOLD,0,0,0.5,0.012,-1,APPROVED
2026-09-02 13:53:04.780839+05:30,24000.0,24000.0,23898.94,24000.0,12701.0,0.09,LOW_TOXICITY,0.0,0.9615,HOLD,0,0,0.5,0.077,-1,APPROVED
2026-09-02 13:53:06.191096+05:30,23858.35,23858.35,23758.54,23858.35,12701.0,0.142,LOW_TOXICITY,-7.2e-05,1.1381,HOLD,0,0,0.5,0.038,-1,APPROVED
2026-09-02 13:54:00.453038+05:30,23864.95,23864.95,23764.46,23864.95,12701.0,0.1343,LOW_TOXICITY,-5.4e-05,1.3093,HOLD,0,0,0.5,0.014,-1,APPROVED
2026-09-02 13:54:01.149642+05:30,23865.05,23922.06,23865.05,23865.05,12701.0,0.09,LOW_TOXICITY,-0.000376,1.6951,SELL,1,1,0.9062,0.035,-1,VETO
2026-09-02 13:54:02.005835+05:30,23865.0,23865.0,23764.46,23865.0,12701.0,0.1349,LOW_TOXICITY,-2.9e-05,0.6668,HOLD,0,0,0.5,0.04,-1,APPROVED
2026-09-02 13:54:06.071978+05:30,23857.45,23857.45,23756.99,23857.45,12701.0,0.1184,LOW_TOXICITY,-7.5e-05,1.2836,HOLD,0,0,0.5,0.038,-1,APPROVED
2026-09-02 13:54:06.167173+05:30,23860.9,23860.9,23760.43,23860.9,12701.0,0.1391,LOW_TOXICITY,-4.1e-05,1.3735,HOLD,0,0,0.5,0.039,-1,APPROVED
2026-09-02 13:54:05.941255+05:30,23864.35,23864.35,23763.86,23864.35,12701.0,0.142,LOW_TOXICITY,-2.8e-05,1.1381,HOLD,0,0,0.5,0.04,-1,APPROVED
2026-09-02 13:55:02.876663+05:30,23860.9,23860.9,23760.43,23860.9,12701.0,0.1391,LOW_TOXICITY,-4.1e-05,1.3736,HOLD,0,0,0.5,0.039,-1,APPROVED
2026-09-02 13:55:02.828016+05:30,23867.5,23867.5,23767.0,23867.5,12701.0,0.1167,LOW_TOXICITY,-4.6e-05,1.4257,HOLD,0,0,0.5,0.041,-1,APPROVED
2026-09-02 13:55:02.516499+05:30,24000.0,24000.0,23898.94,24000.0,12701.0,0.09,LOW_TOXICITY,0.0,2.2327,HOLD,0,0,0.5,0.077,-1,APPROVED
2026-09-02 13:55:03.283536+05:30,23866.95,23866.95,23766.35,23866.95,12701.0,0.1349,LOW_TOXICITY,1e-05,0.6216,HOLD,0,0,0.5,0.041,-1,APPROVED
2026-09-02 13:55:05.118419+05:30,23866.8,23866.8,23766.3,23866.8,12701.0,0.1343,LOW_TOXICITY,5e-06,1.3094,HOLD,0,0,0.5,0.015,-1,APPROVED
2026-09-02 13:55:05.315841+05:30,23866.7,23866.7,23766.65,23866.7,12701.0,0.142,LOW_TOXICITY,6e-06,1.1381,HOLD,0,0,0.5,0.041,-1,APPROVED
2026-09-02 13:56:00.892303+05:30,23867.05,23867.05,23766.55,23867.05,12701.0,0.1349,LOW_TOXICITY,1.3e-05,0.6101,HOLD,0,0,0.5,0.041,-1,APPROVED
2026-09-02 13:56:01.733808+05:30,23866.8,23866.8,23766.6,23866.8,12701.0,0.1343,LOW_TOXICITY,5e-06,1.3096,HOLD,0,0,0.5,0.015,-1,APPROVED
2026-09-02 13:56:03.938482+05:30,23867.15,23922.06,23867.15,23867.15,12701.0,0.089,LOW_TOXICITY,-0.00037,1.6724,SELL,1,1,0.9062,0.035,-1,VETO
2026-09-02 13:56:04.461696+05:30,23865.55,23865.55,23766.65,23865.55,12701.0,0.142,LOW_TOXICITY,7e-06,1.1381,HOLD,0,0,0.5,0.04,-1,APPROVED
2026-09-02 13:56:07.612391+05:30,23866.95,23866.95,23766.45,23866.95,12701.0,0.1391,LOW_TOXICITY,1.4e-05,1.3738,HOLD,0,0,0.5,0.041,-1,APPROVED
2026-09-02 13:56:07.627985+05:30,23867.5,23867.5,23767.0,23867.5,12701.0,0.1167,LOW_TOXICITY,-4.6e-05,1.4262,HOLD,0,0,0.5,0.041,-1,APPROVED
2026-09-02 13:57:00.272704+05:30,23868.55,23922.06,23868.55,23868.55,12701.0,0.089,LOW_TOXICITY,-0.000366,0.9665,SELL,1,1,0.909,0.036,-1,VETO
2026-09-02 13:57:02.800947+05:30,23868.55,23868.55,23768.05,23868.55,12701.0,0.1349,LOW_TOXICITY,2e-06,0.6187,HOLD,0,0,0.5,0.041,-1,APPROVED
2026-09-02 13:57:04.224910+05:30,23866.95,23866.95,23766.45,23866.95,12701.0,0.1391,LOW_TOXICITY,1.4e-05,1.3739,HOLD,0,0,0.5,0.041,-1,APPROVED
2026-09-02 13:57:04.240690+05:30,23867.5,23867.5,23767.0,23867.5,12701.0,0.1167,LOW_TOXICITY,-4.6e-05,1.4268,HOLD,0,0,0.5,0.041,-1,APPROVED
2026-09-02 13:57:03.640427+05:30,23869.25,23869.25,23768.74,23869.25,12701.0,0.142,LOW_TOXICITY,4e-06,1.1381,HOLD,0,0,0.5,0.042,-1,APPROVED
2026-09-02 13:57:06.347492+05:30,23869.05,23869.05,23768.54,23869.05,12701.0,0.1343,LOW_TOXICITY,0.0,1.3098,HOLD,0,0,0.5,0.015,-1,APPROVED
2026-09-02 13:58:00.946568+05:30,23868.0,23868.0,23767.5,23868.0,12701.0,0.1391,LOW_TOXICITY,1.7e-05,1.3741,HOLD,0,0,0.5,0.041,-1,APPROVED
2026-09-02 13:58:01.462485+05:30,23868.3,23868.3,23767.8,23868.3,12701.0,0.1349,LOW_TOXICITY,-7e-06,0.608,HOLD,0,0,0.5,0.041,-1,APPROVED
2026-09-02 13:58:01.712171+05:30,23868.15,23922.06,23868.15,23868.15,12701.0,0.089,LOW_TOXICITY,-5e-06,0.9589,HOLD,0,0,0.5,0.036,-1,APPROVED
2026-09-02 13:58:03.015196+05:30,23868.35,23868.35,23767.85,23868.35,12701.0,0.1343,LOW_TOXICITY,-5e-06,1.31,HOLD,0,0,0.5,0.015,-1,APPROVED
2026-09-02 13:58:03.140131+05:30,23868.0,23868.0,23767.85,23868.0,12701.0,0.142,LOW_TOXICITY,-6e-06,1.1381,HOLD,0,0,0.5,0.041,-1,APPROVED
2026-09-02 13:59:02.686347+05:30,23869.55,23869.55,23768.99,23869.55,12701.0,0.142,LOW_TOXICITY,2e-06,1.1381,HOLD,0,0,0.5,0.042,-1,APPROVED
2026-09-02 13:59:03.106510+05:30,23870.05,23870.05,23769.54,23870.05,12701.0,0.1349,LOW_TOXICITY,6e-06,0.6203,HOLD,0,0,0.5,0.042,-1,APPROVED
2026-09-02 13:59:03.121262+05:30,24000.0,24000.0,23898.94,24000.0,12701.0,0.089,LOW_TOXICITY,0.0,2.1979,HOLD,0,0,0.5,0.077,-1,APPROVED
2026-09-02 13:59:05.611921+05:30,23870.7,23870.7,23770.19,23870.7,12701.0,0.1167,LOW_TOXICITY,9e-06,1.4279,HOLD,0,0,0.5,0.042,-1,APPROVED
2026-09-02 13:59:05.611922+05:30,23868.0,23868.0,23767.5,23868.0,12701.0,0.1391,LOW_TOXICITY,2e-06,1.3742,HOLD,0,0,0.5,0.041,-1,APPROVED
2026-09-02 13:59:07.798269+05:30,23868.35,23868.35,23767.85,23868.35,12701.0,0.1343,LOW_TOXICITY,0.0,2.1281,HOLD,0,0,0.5,0.015,-1,APPROVED
2026-09-02 13:59:28.811772+05:30,23870.7,23871.6,23868.3,23870.7,219808.0,0.1336,LOW_TOXICITY,-7e-06,0.073,HOLD,0,0,0.5,0.142,-1,APPROVED
2026-09-02 14:00:01.149068+05:30,23873.4,23873.85,23872.3,23873.4,14331.0,0.1336,LOW_TOXICITY,9e-06,0.0734,HOLD,0,0,0.5,0.146,-1,APPROVED
2026-09-02 14:00:01.188922+05:30,23872.0,23872.0,23771.48,23872.0,12701.0,0.1349,LOW_TOXICITY,1.2e-05,0.6216,HOLD,0,0,0.5,0.042,-1,APPROVED
2026-09-02 14:00:02.350811+05:30,23870.7,23870.7,23770.19,23870.7,12701.0,0.1167,LOW_TOXICITY,9e-06,1.4284,HOLD,0,0,0.5,0.042,-1,APPROVED
2026-09-02 14:00:02.350822+05:30,23868.0,23868.0,23767.5,23868.0,12701.0,0.1391,LOW_TOXICITY,2e-06,1.3744,HOLD,0,0,0.5,0.041,-1,APPROVED
2026-09-02 14:00:03.251551+05:30,23873.6,23873.6,23773.08,23873.6,12701.0,0.142,LOW_TOXICITY,1.6e-05,1.1381,HOLD,0,0,0.5,0.043,-1,APPROVED
2026-09-02 14:00:04.524936+05:30,23873.8,23922.06,23873.8,23873.8,12701.0,0.089,LOW_TOXICITY,1.2e-05,1.598,HOLD,0,0,0.5,0.037,-1,APPROVED
2026-09-02 14:01:00.843976+05:30,23880.5,23922.06,23880.5,23880.5,12701.0,0.089,LOW_TOXICITY,-0.000333,0.9915,SELL,1,1,0.7303,0.04,-1,VETO
2026-09-02 14:01:03.181432+05:30,23880.7,23880.7,23779.65,23880.7,12701.0,0.1349,LOW_TOXICITY,1.9e-05,0.6691,HOLD,0,0,0.5,0.045,-1,APPROVED
2026-09-02 14:01:02.890548+05:30,23880.7,23880.7,23780.15,23880.7,12701.0,0.142,LOW_TOXICITY,1.9e-05,1.1381,HOLD,0,0,0.5,0.045,-1,APPROVED
2026-09-02 14:01:05.553703+05:30,23880.9,23881.05,23879.85,23880.9,62194.0,0.1336,LOW_TOXICITY,1.4e-05,0.0838,HOLD,0,0,0.5,0.159,-1,APPROVED
2026-09-02 14:01:07.036295+05:30,23880.55,23880.55,23780.0,23880.55,12701.0,0.1167,LOW_TOXICITY,3.6e-05,1.429,HOLD,0,0,0.5,0.045,-1,APPROVED
2026-09-02 14:01:07.091953+05:30,23868.0,23868.0,23767.5,23868.0,12701.0,0.1389,LOW_TOXICITY,2e-06,1.2877,HOLD,0,0,0.5,0.041,-1,APPROVED
2026-09-02 14:02:01.898161+05:30,23880.9,23882.5,23880.6,23880.9,85164.0,0.1336,LOW_TOXICITY,3e-05,0.0796,HOLD,0,0,0.5,0.159,-1,APPROVED
2026-09-02 14:02:01.538003+05:30,23880.85,23880.85,23780.3,23880.85,12701.0,0.1349,LOW_TOXICITY,2.9e-05,0.6104,HOLD,0,0,0.5,0.045,-1,APPROVED
2026-09-02 14:02:02.159484+05:30,24000.0,24000.0,23898.94,24000.0,12701.0,0.089,LOW_TOXICITY,0.0,2.0543,HOLD,0,0,0.5,0.077,-1,APPROVED
2026-09-02 14:02:02.572565+05:30,23880.9,23880.9,23779.65,23880.9,12701.0,0.1466,LOW_TOXICITY,2.8e-05,1.1654,HOLD,0,0,0.5,0.045,-1,APPROVED
2026-09-02 14:02:03.752405+05:30,23880.55,23880.55,23780.0,23880.55,12701.0,0.1167,LOW_TOXICITY,3e-05,1.4295,HOLD,0,0,0.5,0.045,-1,APPROVED
2026-09-02 14:02:03.751999+05:30,23868.0,23868.0,23767.5,23868.0,12701.0,0.1389,LOW_TOXICITY,2e-06,1.2878,HOLD,0,0,0.5,0.041,-1,APPROVED
2026-09-02 14:03:00.514116+05:30,23880.1,23880.1,23779.55,23880.1,12701.0,0.1167,LOW_TOXICITY,2.9e-05,1.4301,HOLD,0,0,0.5,0.045,-1,APPROVED
2026-09-02 14:03:00.529767+05:30,23868.0,23868.0,23767.5,23868.0,12701.0,0.1389,LOW_TOXICITY,2e-06,1.288,HOLD,0,0,0.5,0.041,-1,APPROVED
2026-09-02 14:03:02.407127+05:30,23879.85,23879.85,23779.3,23879.85,12701.0,0.1466,LOW_TOXICITY,1.4e-05,1.1654,HOLD,0,0,0.5,0.045,-1,APPROVED
2026-09-02 14:03:02.755437+05:30,23880.6,23880.6,23778.95,23880.6,12701.0,0.1377,LOW_TOXICITY,1.1e-05,0.608,HOLD,0,0,0.5,0.045,-1,APPROVED
2026-09-02 14:03:03.600732+05:30,24000.0,24000.0,23777.96,24000.0,12701.0,0.089,LOW_TOXICITY,0.0,0.9605,HOLD,0,0,0.5,0.077,-1,APPROVED
2026-09-02 14:03:06.232009+05:30,23878.75,23881.3,23878.35,23878.75,60888.0,0.1336,LOW_TOXICITY,4e-05,0.0776,HOLD,0,0,0.5,0.155,-1,APPROVED
2026-09-02 14:04:00.698225+05:30,23876.75,23876.75,23776.21,23876.75,12701.0,0.1377,LOW_TOXICITY,1.7e-05,1.4538,HOLD,0,0,0.5,0.044,-1,APPROVED
2026-09-02 14:04:02.541279+05:30,23878.75,23878.75,23876.45,23878.75,43399.0,0.1336,LOW_TOXICITY,4.8e-05,0.0758,HOLD,0,0,0.5,0.155,-1,APPROVED
2026-09-02 14:04:02.136911+05:30,23877.3,23877.3,23776.76,23877.3,12701.0,0.1466,LOW_TOXICITY,1.7e-05,1.1654,HOLD,0,0,0.5,0.044,-1,APPROVED
2026-09-02 14:04:05.240162+05:30,23880.1,23880.1,23779.55,23880.1,12701.0,0.1167,LOW_TOXICITY,1e-05,1.4306,HOLD,0,0,0.5,0.045,-1,APPROVED
2026-09-02 14:04:05.255906+05:30,23868.0,23868.0,23767.5,23868.0,12701.0,0.1389,LOW_TOXICITY,2e-06,1.2881,HOLD,0,0,0.5,0.041,-1,APPROVED
2026-09-02 14:04:04.926319+05:30,24000.0,24000.0,23775.86,24000.0,12701.0,0.089,LOW_TOXICITY,0.000355,0.9605,BUY,1,1,0.7858,0.077,-1,APPROVED
2026-09-02 14:05:01.961259+05:30,23868.0,23868.0,23767.5,23868.0,12701.0,0.1389,LOW_TOXICITY,2e-06,1.2883,HOLD,0,0,0.5,0.041,-1,APPROVED
2026-09-02 14:05:01.961259+05:30,23880.1,23880.1,23779.55,23880.1,12701.0,0.1191,LOW_TOXICITY,1e-05,0.6178,HOLD,0,0,0.5,0.045,-1,APPROVED
2026-09-02 14:05:01.466597+05:30,23874.4,23874.4,23773.47,23874.4,12701.0,0.1466,LOW_TOXICITY,2.3e-05,1.1653,HOLD,0,0,0.5,0.043,-1,APPROVED
2026-09-02 14:05:01.929557+05:30,24000.0,24000.0,23898.94,24000.0,12701.0,0.089,LOW_TOXICITY,0.0,0.9605,HOLD,0,0,0.5,0.077,-1,APPROVED
2026-09-02 14:05:02.138842+05:30,23874.15,23874.15,23773.62,23874.15,12701.0,0.1377,LOW_TOXICITY,2.7e-05,1.4541,HOLD,0,0,0.5,0.043,-1,APPROVED
2026-09-02 14:05:06.893401+05:30,23878.75,23878.75,23873.8,23878.75,100742.0,0.1336,LOW_TOXICITY,7.6e-05,0.0739,HOLD,0,0,0.5,0.155,-1,APPROVED
2026-09-02 14:06:00.802507+05:30,23875.6,23875.6,23775.07,23875.6,12701.0,0.1377,LOW_TOXICITY,3.8e-05,1.4544,HOLD,0,0,0.5,0.044,-1,APPROVED
2026-09-02 14:06:01.042028+05:30,23873.35,23873.35,23775.42,23873.35,12701.0,0.1466,LOW_TOXICITY,3.2e-05,1.1653,HOLD,0,0,0.5,0.043,-1,APPROVED
2026-09-02 14:06:03.217745+05:30,23876.85,23876.85,23874.05,23876.85,50267.0,0.1336,LOW_TOXICITY,5.7e-05,0.0735,HOLD,0,0,0.5,0.152,-1,APPROVED
2026-09-02 14:06:03.359789+05:30,24000.0,24000.0,23775.27,24000.0,12701.0,0.0898,LOW_TOXICITY,0.0,0.9605,HOLD,0,0,0.5,0.077,-1,APPROVED
2026-09-02 14:06:06.728529+05:30,23876.0,23876.0,23775.47,23876.0,12701.0,0.1389,LOW_TOXICITY,4.2e-05,1.2884,HOLD,0,0,0.5,0.044,-1,APPROVED
2026-09-02 14:06:06.792661+05:30,23880.1,23880.1,23779.55,23880.1,12701.0,0.1191,LOW_TOXICITY,5.3e-05,0.6178,HOLD,0,0,0.5,0.045,-1,APPROVED
2026-09-02 14:07:00.629476+05:30,23886.0,23886.0,23785.42,23886.0,12701.0,0.1466,LOW_TOXICITY,9.1e-05,1.1653,HOLD,0,0,0.5,0.047,-1,APPROVED
2026-09-02 14:07:02.465181+05:30,23886.45,23886.45,23785.87,23886.45,12701.0,0.1377,LOW_TOXICITY,9.2e-05,1.4547,HOLD,0,0,0.5,0.047,-1,APPROVED
2026-09-02 14:07:03.349078+05:30,23876.0,23876.0,23786.92,23876.0,12701.0,0.1389,LOW_TOXICITY,4.2e-05,1.2886,HOLD,0,0,0.5,0.044,-1,APPROVED
2026-09-02 14:07:03.396288+05:30,23880.1,23880.1,23779.55,23880.1,12701.0,0.1191,LOW_TOXICITY,5.3e-05,0.6178,HOLD,0,0,0.5,0.045,-1,APPROVED
2026-09-02 14:07:04.812049+05:30,23886.35,23922.06,23886.35,23886.35,12701.0,0.0898,LOW_TOXICITY,-0.000316,1.4801,SELL,1,1,0.727,0.041,-1,VETO
2026-09-02 14:07:07.522603+05:30,23876.85,23887.6,23876.85,23876.85,130334.0,0.1336,LOW_TOXICITY,3.4e-05,0.0723,HOLD,0,0,0.5,0.152,-1,APPROVED
2026-09-02 14:08:00.027464+05:30,23894.65,23894.65,23794.04,23894.65,12701.0,0.1389,LOW_TOXICITY,9.4e-05,1.2887,HOLD,0,0,0.5,0.05,-1,APPROVED
2026-09-02 14:08:00.098683+05:30,23880.1,23880.1,23779.55,23880.1,12701.0,0.1191,LOW_TOXICITY,5.3e-05,0.6178,HOLD,0,0,0.5,0.045,-1,APPROVED
2026-09-02 14:08:00.154170+05:30,23893.7,23893.7,23794.34,23893.7,12701.0,0.1466,LOW_TOXICITY,9.9e-05,1.1653,HOLD,0,0,0.5,0.049,-1,APPROVED
2026-09-02 14:08:00.480664+05:30,23893.75,23893.75,23793.14,23893.75,12701.0,0.1377,LOW_TOXICITY,0.000104,1.455,HOLD,0,0,0.5,0.049,-1,APPROVED
2026-09-02 14:08:01.131809+05:30,24000.0,24000.0,23793.74,24000.0,12701.0,0.0898,LOW_TOXICITY,0.0,1.9888,HOLD,0,0,0.5,0.077,-1,APPROVED
2026-09-02 14:08:03.795069+05:30,23894.2,23895.0,23894.0,23894.2,283999.0,0.1336,LOW_TOXICITY,7.8e-05,0.1223,HOLD,0,0,0.5,0.181,-1,APPROVED
2026-09-02 14:09:00.120453+05:30,23892.4,23892.8,23891.75,23892.4,10569.0,0.1336,LOW_TOXICITY,7.1e-05,0.1097,HOLD,0,0,0.5,0.178,-1,APPROVED
2026-09-02 14:09:01.805783+05:30,23892.4,23892.4,23791.8,23892.4,12701.0,0.1377,LOW_TOXICITY,7.6e-05,1.4553,HOLD,0,0,0.5,0.049,-1,APPROVED
2026-09-02 14:09:02.405035+05:30,24000.0,24000.0,23792.49,24000.0,12701.0,0.0898,LOW_TOXICITY,0.000376,0.9715,BUY,1,1,0.8246,0.077,-1,APPROVED
2026-09-02 14:09:04.729027+05:30,23893.45,23893.45,23792.84,23893.45,12701.0,0.1389,LOW_TOXICITY,9.1e-05,1.2889,HOLD,0,0,0.5,0.049,-1,APPROVED
2026-09-02 14:09:04.798033+05:30,23880.1,23880.1,23779.55,23880.1,12701.0,0.1191,LOW_TOXICITY,6.3e-05,0.6178,HOLD,0,0,0.5,0.045,-1,APPROVED
2026-09-02 14:09:05.907586+05:30,23892.65,23892.65,23792.05,23892.65,12701.0,0.1466,LOW_TOXICITY,7.9e-05,1.1653,HOLD,0,0,0.5,0.049,-1,APPROVED
2026-09-02 14:10:01.332156+05:30,23892.05,23892.05,23791.45,23892.05,12701.0,0.1389,LOW_TOXICITY,8.7e-05,1.289,HOLD,0,0,0.5,0.049,-1,APPROVED
2026-09-02 14:10:01.511588+05:30,23880.1,23880.1,23779.55,23880.1,12701.0,0.1191,LOW_TOXICITY,3.5e-05,0.6178,HOLD,0,0,0.5,0.045,-1,APPROVED
2026-09-02 14:10:03.302873+05:30,23891.95,23891.95,23791.35,23891.95,12701.0,0.1377,LOW_TOXICITY,7e-05,1.4556,HOLD,0,0,0.5,0.049,-1,APPROVED
2026-09-02 14:10:04.469531+05:30,23892.25,23892.9,23891.95,23892.25,31206.0,0.1336,LOW_TOXICITY,6.7e-05,0.0993,HOLD,0,0,0.5,0.178,-1,APPROVED
2026-09-02 14:10:04.323058+05:30,24000.0,24000.0,23898.94,24000.0,12701.0,0.0898,LOW_TOXICITY,-0.0,0.9715,HOLD,0,0,0.5,0.077,-1,APPROVED
2026-09-02 14:10:05.224345+05:30,23893.1,23893.1,23792.49,23893.1,12701.0,0.1466,LOW_TOXICITY,7.4e-05,1.1652,HOLD,0,0,0.5,0.049,-1,APPROVED
2026-09-02 14:11:00.898412+05:30,23891.6,23891.65,23890.8,23891.6,25618.0,0.1336,LOW_TOXICITY,6.7e-05,0.0914,HOLD,0,0,0.5,0.177,-1,APPROVED
2026-09-02 14:11:00.691827+05:30,24000.0,24000.0,23898.94,24000.0,12701.0,0.0898,LOW_TOXICITY,0.00037,0.9715,BUY,1,1,0.8246,0.077,-1,APPROVED
2026-09-02 14:11:01.028166+05:30,23890.7,23890.7,23790.1,23890.7,12701.0,0.1377,LOW_TOXICITY,6.6e-05,1.4559,HOLD,0,0,0.5,0.048,-1,APPROVED
2026-09-02 14:11:05.044891+05:30,23891.5,23891.5,23790.9,23891.5,12701.0,0.1466,LOW_TOXICITY,7.2e-05,1.1652,HOLD,0,0,0.5,0.049,-1,APPROVED
2026-09-02 14:11:05.997614+05:30,23892.05,23892.05,23791.45,23892.05,12701.0,0.1415,LOW_TOXICITY,7e-05,0.6169,HOLD,0,0,0.5,0.049,-1,APPROVED
2026-09-02 14:11:06.227449+05:30,23891.5,23891.5,23790.9,23891.5,12701.0,0.1191,LOW_TOXICITY,6.7e-05,0.6983,HOLD,0,0,0.5,0.049,-1,APPROVED
2026-09-02 14:12:02.626347+05:30,23892.05,23892.05,23791.45,23892.05,12701.0,0.1415,LOW_TOXICITY,7e-05,0.6169,HOLD,0,0,0.5,0.049,-1,APPROVED
2026-09-02 14:12:02.870553+05:30,23891.5,23891.5,23790.9,23891.5,12701.0,0.1191,LOW_TOXICITY,6.7e-05,0.6178,HOLD,0,0,0.5,0.049,-1,APPROVED
2026-09-02 14:12:02.448254+05:30,23889.75,23889.75,23789.11,23889.75,12701.0,0.1377,LOW_TOXICITY,5.9e-05,1.4561,HOLD,0,0,0.5,0.048,-1,APPROVED
2026-09-02 14:12:02.578516+05:30,24000.0,24000.0,23898.94,24000.0,12701.0,0.0898,LOW_TOXICITY,0.000366,0.9715,BUY,1,1,0.8308,0.077,-1,APPROVED
2026-09-02 14:12:05.238419+05:30,23891.6,23891.6,23889.1,23891.6,61201.0,0.1336,LOW_TOXICITY,6.4e-05,0.0854,HOLD,0,0,0.5,0.177,-1,APPROVED
2026-09-02 14:12:04.198930+05:30,23889.65,23889.65,23789.06,23889.65,12701.0,0.1462,LOW_TOXICITY,5.7e-05,0.606,HOLD,0,0,0.5,0.048,-1,APPROVED
2026-09-02 14:13:01.551203+05:30,23891.6,23894.15,23891.6,23891.6,19232.0,0.1336,LOW_TOXICITY,5.8e-05,0.0809,HOLD,0,0,0.5,0.177,-1,APPROVED
2026-09-02 14:13:01.140959+05:30,23893.95,23893.95,23793.34,23893.95,12701.0,0.1381,LOW_TOXICITY,7.2e-05,1.4564,HOLD,0,0,0.5,0.049,-1,APPROVED
2026-09-02 14:13:03.806055+05:30,23894.2,23894.2,23793.34,23894.2,12701.0,0.1462,LOW_TOXICITY,7.3e-05,0.6461,HOLD,0,0,0.5,0.049,-1,APPROVED
2026-09-02 14:13:04.618350+05:30,24000.0,24000.0,23898.94,24000.0,12701.0,0.0898,LOW_TOXICITY,0.000367,0.9715,BUY,1,1,0.8308,0.077,-1,APPROVED
2026-09-02 14:13:07.363352+05:30,23893.75,23893.75,23793.14,23893.75,12701.0,0.1415,LOW_TOXICITY,7.2e-05,0.6274,HOLD,0,0,0.5,0.049,-1,APPROVED
2026-09-02 14:13:07.659813+05:30,23891.5,23891.5,23790.9,23891.5,12701.0,0.1191,LOW_TOXICITY,6.7e-05,0.6178,HOLD,0,0,0.5,0.049,-1,APPROVED
2026-09-02 14:14:01.499649+05:30,23884.8,23922.06,23884.8,23884.8,12701.0,0.0898,LOW_TOXICITY,-0.000321,1.4957,SELL,1,1,0.6448,0.041,-1,VETO
2026-09-02 14:14:02.867234+05:30,23883.85,23883.85,23783.28,23883.85,12701.0,0.1381,LOW_TOXICITY,3.9e-05,1.2064,HOLD,0,0,0.5,0.046,-1,APPROVED
2026-09-02 14:14:03.986500+05:30,23883.1,23883.1,23782.54,23883.1,12701.0,0.1415,LOW_TOXICITY,4.2e-05,0.5663,HOLD,0,0,0.5,0.046,-1,APPROVED
2026-09-02 14:14:04.261038+05:30,23891.5,23891.5,23790.9,23891.5,12701.0,0.1186,LOW_TOXICITY,5.8e-05,0.6178,HOLD,0,0,0.5,0.049,-1,APPROVED
2026-09-02 14:14:03.502001+05:30,23886.1,23886.1,23785.52,23886.1,12701.0,0.1462,LOW_TOXICITY,4.6e-05,0.5755,HOLD,0,0,0.5,0.047,-1,APPROVED
2026-09-02 14:14:05.997599+05:30,23883.1,23885.35,23883.1,23883.1,55257.0,0.1336,LOW_TOXICITY,3.5e-05,0.0915,HOLD,0,0,0.5,0.163,-1,APPROVED
2026-09-02 14:15:00.621754+05:30,23885.95,23885.95,23785.37,23885.95,12701.0,0.1415,LOW_TOXICITY,5e-05,0.6348,HOLD,0,0,0.5,0.047,-1,APPROVED
2026-09-02 14:15:00.852039+05:30,23891.5,23891.5,23790.9,23891.5,12701.0,0.1186,LOW_TOXICITY,5.8e-05,1.2293,HOLD,0,0,0.5,0.049,-1,APPROVED
2026-09-02 14:15:00.883879+05:30,23884.55,23884.55,23783.98,23884.55,12701.0,0.1381,LOW_TOXICITY,3.5e-05,1.2064,HOLD,0,0,0.5,0.046,-1,APPROVED
2026-09-02 14:15:02.337698+05:30,23883.1,23886.5,23883.1,23883.1,30837.0,0.1336,LOW_TOXICITY,2.7e-05,0.0853,HOLD,0,0,0.5,0.163,-1,APPROVED
2026-09-02 14:15:02.774273+05:30,23886.35,23922.06,23886.35,23886.35,12701.0,0.0869,LOW_TOXICITY,3.5e-05,0.9779,HOLD,0,0,0.5,0.041,-1,APPROVED
2026-09-02 14:15:03.330764+05:30,23885.2,23885.2,23785.62,23885.2,12701.0,0.1462,LOW_TOXICITY,3.2e-05,0.6114,HOLD,0,0,0.5,0.047,-1,APPROVED
2026-09-02 14:16:01.737203+05:30,23885.4,23885.4,23784.83,23885.4,12701.0,0.1381,LOW_TOXICITY,1.3e-05,1.2064,HOLD,0,0,0.5,0.047,-1,APPROVED
2026-09-02 14:16:02.608590+05:30,23885.4,23885.4,23784.83,23885.4,12701.0,0.1462,LOW_TOXICITY,1.3e-05,0.6179,HOLD,0,0,0.5,0.047,-1,APPROVED
2026-09-02 14:16:04.121644+05:30,23884.55,23922.06,23884.55,23884.55,12701.0,0.0869,LOW_TOXICITY,1.1e-05,0.9645,HOLD,0,0,0.5,0.041,-1,APPROVED
2026-09-02 14:16:05.364795+05:30,23885.95,23885.95,23784.53,23885.95,12701.0,0.1415,LOW_TOXICITY,5e-05,0.6169,HOLD,0,0,0.5,0.047,-1,APPROVED
2026-09-02 14:16:05.493990+05:30,23891.5,23891.5,23790.9,23891.5,12701.0,0.1186,LOW_TOXICITY,3.1e-05,1.2294,HOLD,0,0,0.5,0.049,-1,APPROVED
2026-09-02 14:16:06.632723+05:30,23883.1,23885.75,23883.1,23883.1,52156.0,0.1336,LOW_TOXICITY,6e-06,0.0807,HOLD,0,0,0.5,0.163,-1,APPROVED
2026-09-02 14:17:00.495417+05:30,23883.4,23922.06,23883.4,23883.4,12701.0,0.0869,LOW_TOXICITY,-0.000325,1.2733,SELL,1,1,0.8154,0.04,-1,VETO
2026-09-02 14:17:02.018021+05:30,23883.55,23883.55,23782.98,23883.55,12701.0,0.1415,LOW_TOXICITY,4.3e-05,0.6032,HOLD,0,0,0.5,0.046,-1,APPROVED
2026-09-02 14:17:02.117272+05:30,23891.5,23891.5,23790.9,23891.5,12701.0,0.1186,LOW_TOXICITY,3.1e-05,1.2294,HOLD,0,0,0.5,0.049,-1,APPROVED
2026-09-02 14:17:02.933666+05:30,23883.1,23883.75,23882.65,23883.1,26722.0,0.1336,LOW_TOXICITY,6e-06,0.0773,HOLD,0,0,0.5,0.163,-1,APPROVED
2026-09-02 14:17:02.102628+05:30,23883.05,23883.05,23782.49,23883.05,12701.0,0.1462,LOW_TOXICITY,6e-06,0.6032,HOLD,0,0,0.5,0.046,-1,APPROVED
2026-09-02 14:17:02.714308+05:30,23883.1,23883.1,23782.54,23883.1,12701.0,0.1381,LOW_TOXICITY,6e-06,1.2064,HOLD,0,0,0.5,0.046,-1,APPROVED
2026-09-02 14:18:01.051106+05:30,23878.85,23878.85,23778.3,23878.85,12701.0,0.1381,LOW_TOXICITY,-5e-06,1.2064,HOLD,0,0,0.5,0.045,-1,APPROVED
2026-09-02 14:18:01.870760+05:30,24000.0,24000.0,23898.94,24000.0,12701.0,0.0869,LOW_TOXICITY,0.0,1.3396,HOLD,0,0,0.5,0.077,-1,APPROVED
2026-09-02 14:18:02.622189+05:30,23880.25,23880.25,23778.75,23880.25,12701.0,0.1462,LOW_TOXICITY,1e-06,0.6008,HOLD,0,0,0.5,0.045,-1,APPROVED
2026-09-02 14:18:06.820304+05:30,23879.4,23879.4,23778.85,23879.4,12701.0,0.1415,LOW_TOXICITY,3.2e-05,0.5939,HOLD,0,0,0.5,0.045,-1,APPROVED
2026-09-02 14:18:06.887226+05:30,23891.5,23891.5,23790.9,23891.5,12701.0,0.1186,LOW_TOXICITY,3.2e-05,1.2294,HOLD,0,0,0.5,0.049,-1,APPROVED
2026-09-02 14:18:07.281679+05:30,23883.1,23883.1,23878.2,23883.1,109801.0,0.1336,LOW_TOXICITY,1.2e-05,0.0748,HOLD,0,0,0.5,0.163,-1,APPROVED
2026-09-02 14:19:00.397045+05:30,23882.05,23882.05,23781.49,23882.05,12701.0,0.1381,LOW_TOXICITY,1.5e-05,1.2064,HOLD,0,0,0.5,0.046,-1,APPROVED
2026-09-02 14:19:01.992862+05:30,23881.7,23881.7,23781.04,23881.7,12701.0,0.1462,LOW_TOXICITY,1.2e-05,0.6256,HOLD,0,0,0.5,0.046,-1,APPROVED
2026-09-02 14:19:03.582274+05:30,23883.1,23883.1,23881.25,23883.1,35880.0,0.1336,LOW_TOXICITY,1.2e-05,0.073,HOLD,0,0,0.5,0.163,-1,APPROVED
2026-09-02 14:19:03.453455+05:30,23879.4,23879.4,23778.85,23879.4,12701.0,0.1415,LOW_TOXICITY,3.2e-05,0.6169,HOLD,0,0,0.5,0.045,-1,APPROVED
2026-09-02 14:19:03.566221+05:30,23891.5,23891.5,23780.89,23891.5,12701.0,0.1186,LOW_TOXICITY,3.2e-05,1.2295,HOLD,0,0,0.5,0.049,-1,APPROVED
2026-09-02 14:19:03.212116+05:30,24000.0,24000.0,23898.94,24000.0,12701.0,0.0869,LOW_TOXICITY,0.0,1.2734,HOLD,0,0,0.5,0.077,-1,APPROVED
2026-09-02 14:20:00.100790+05:30,23879.4,23879.4,23778.85,23879.4,12701.0,0.1416,LOW_TOXICITY,3.2e-05,0.6169,HOLD,0,0,0.5,0.045,-1,APPROVED
2026-09-02 14:20:00.475291+05:30,23884.25,23884.25,23783.68,23884.25,12701.0,0.1186,LOW_TOXICITY,1.2e-05,1.2295,HOLD,0,0,0.5,0.046,-1,APPROVED
2026-09-02 14:20:01.682465+05:30,23884.55,23884.55,23783.98,23884.55,12701.0,0.1462,LOW_TOXICITY,2.8e-05,0.6346,HOLD,0,0,0.5,0.046,-1,APPROVED
2026-09-02 14:20:02.688226+05:30,23883.7,23883.7,23783.13,23883.7,12701.0,0.1381,LOW_TOXICITY,2.7e-05,1.2064,HOLD,0,0,0.5,0.046,-1,APPROVED
2026-09-02 14:20:04.640231+05:30,23883.85,23922.06,23883.85,23883.85,12701.0,0.0869,LOW_TOXICITY,-0.000323,1.3333,SELL,1,1,0.7756,0.041,-1,VETO
2026-09-02 14:20:07.931639+05:30,23883.1,23884.85,23882.9,23883.1,119470.0,0.1336,LOW_TOXICITY,1.2e-05,0.0718,HOLD,0,0,0.5,0.163,-1,APPROVED
2026-09-02 14:21:00.957594+05:30,24000.0,24000.0,23898.94,24000.0,12701.0,0.0869,LOW_TOXICITY,0.0,1.3391,HOLD,0,0,0.5,0.077,-1,APPROVED
2026-09-02 14:21:01.141034+05:30,23881.9,23881.9,23781.34,23881.9,12701.0,0.1459,LOW_TOXICITY,2.4e-05,0.6016,HOLD,0,0,0.5,0.046,-1,APPROVED
2026-09-02 14:21:01.809364+05:30,23881.95,23881.95,23781.39,23881.95,12701.0,0.1381,LOW_TOXICITY,1.8e-05,1.2064,HOLD,0,0,0.5,0.046,-1,APPROVED
2026-09-02 14:21:04.298717+05:30,23881.0,23882.7,23881.0,23881.0,53107.0,0.1336,LOW_TOXICITY,1.2e-05,0.072,HOLD,0,0,0.5,0.159,-1,APPROVED
2026-09-02 14:21:04.958713+05:30,23879.4,23879.4,23778.85,23879.4,12701.0,0.1416,LOW_TOXICITY,9e-06,1.2893,HOLD,0,0,0.5,0.045,-1,APPROVED
2026-09-02 14:21:05.326102+05:30,23882.05,23882.05,23781.49,23882.05,12701.0,0.1186,LOW_TOXICITY,5e-06,1.2296,HOLD,0,0,0.5,0.046,-1,APPROVED
2026-09-02 14:22:00.645937+05:30,23881.0,23883.45,23881.0,23881.0,32203.0,0.1336,LOW_TOXICITY,1.2e-05,0.071,HOLD,0,0,0.5,0.159,-1,APPROVED
2026-09-02 14:22:00.262558+05:30,23882.9,23882.9,23782.34,23882.9,12701.0,0.1348,LOW_TOXICITY,-1e-05,1.2064,HOLD,0,0,0.5,0.046,-1,APPROVED
2026-09-02 14:22:00.630050+05:30,23882.45,23882.45,23781.34,23882.45,12701.0,0.1459,LOW_TOXICITY,-1e-05,1.1231,HOLD,0,0,0.5,0.046,-1,APPROVED
2026-09-02 14:22:01.655003+05:30,23879.4,23879.4,23778.85,23879.4,12701.0,0.1416,LOW_TOXICITY,9e-06,1.2893,HOLD,0,0,0.5,0.045,-1,APPROVED
2026-09-02 14:22:01.987599+05:30,23882.05,23882.05,23781.49,23882.05,12701.0,0.1186,LOW_TOXICITY,5e-06,1.2296,HOLD,0,0,0.5,0.046,-1,APPROVED
2026-09-02 14:22:02.382814+05:30,23882.4,23922.06,23882.4,23882.4,12701.0,0.0869,LOW_TOXICITY,-1.1e-05,1.3348,HOLD,0,0,0.5,0.04,-1,APPROVED
2026-09-02 14:23:00.359839+05:30,23881.15,23881.15,23780.54,23881.15,12701.0,0.1459,LOW_TOXICITY,-3.5e-05,1.1231,HOLD,0,0,0.5,0.045,-1,APPROVED
2026-09-02 14:23:02.467161+05:30,23881.1,23881.1,23780.54,23881.1,12701.0,0.1348,LOW_TOXICITY,-3.5e-05,1.2064,HOLD,0,0,0.5,0.045,-1,APPROVED
2026-09-02 14:23:03.709680+05:30,23881.4,23922.06,23881.4,23881.4,12701.0,0.0869,LOW_TOXICITY,-0.00033,1.2733,SELL,1,1,0.786,0.04,-1,VETO
2026-09-02 14:23:04.982993+05:30,23881.0,23881.85,23880.65,23881.0,38625.0,0.1336,LOW_TOXICITY,-3.7e-05,0.0703,HOLD,0,0,0.5,0.159,-1,APPROVED
2026-09-02 14:23:06.251492+05:30,23880.55,23880.55,23780.0,23880.55,12701.0,0.1416,LOW_TOXICITY,-3.9e-05,1.2894,HOLD,0,0,0.5,0.045,-1,APPROVED
2026-09-02 14:23:06.683148+05:30,23882.05,23882.05,23781.49,23882.05,12701.0,0.1186,LOW_TOXICITY,5e-06,1.2297,HOLD,0,0,0.5,0.046,-1,APPROVED
2026-09-02 14:24:00.020852+05:30,24000.0,24000.0,23898.94,24000.0,12701.0,0.0869,LOW_TOXICITY,0.0,1.3418,HOLD,0,0,0.5,0.077,-1,APPROVED
2026-09-02 14:24:01.328173+05:30,23880.2,23882.35,23880.2,23880.2,17704.0,0.1336,LOW_TOXICITY,-3.4e-05,0.0706,HOLD,0,0,0.5,0.158,-1,APPROVED
2026-09-02 14:24:00.324950+05:30,23881.95,23881.95,23781.39,23881.95,12701.0,0.1459,LOW_TOXICITY,-3e-05,1.1232,HOLD,0,0,0.5,0.046,-1,APPROVED
2026-09-02 14:24:02.848878+05:30,23880.55,23880.55,23780.0,23880.55,12701.0,0.1416,LOW_TOXICITY,-3.6e-05,1.2894,HOLD,0,0,0.5,0.045,-1,APPROVED
2026-09-02 14:24:02.189224+05:30,23879.2,23879.2,23778.65,23879.2,12701.0,0.1348,LOW_TOXICITY,-3.7e-05,0.5834,HOLD,0,0,0.5,0.045,-1,APPROVED
2026-09-02 14:24:03.278297+05:30,23882.05,23882.05,23777.86,23882.05,12701.0,0.1205,LOW_TOXICITY,5e-06,1.2297,HOLD,0,0,0.5,0.046,-1,APPROVED
2026-09-02 14:25:00.272379+05:30,23873.75,23873.75,23773.23,23873.75,12701.0,0.1205,LOW_TOXICITY,-1.8e-05,1.2112,HOLD,0,0,0.5,0.043,-1,APPROVED
2026-09-02 14:25:00.689012+05:30,23874.5,23874.5,23772.73,23874.5,12701.0,0.1348,LOW_TOXICITY,-4.9e-05,0.5686,HOLD,0,0,0.5,0.043,-1,APPROVED
2026-09-02 14:25:01.145294+05:30,23873.7,23873.7,23773.18,23873.7,12701.0,0.1459,LOW_TOXICITY,-5.4e-05,1.1232,HOLD,0,0,0.5,0.043,-1,APPROVED
2026-09-02 14:25:01.533629+05:30,24000.0,24000.0,23773.13,24000.0,12701.0,0.088,LOW_TOXICITY,0.0,1.2734,HOLD,0,0,0.5,0.077,-1,APPROVED
2026-09-02 14:25:05.966587+05:30,23873.55,23874.9,23873.15,23873.55,81981.0,0.1336,LOW_TOXICITY,-5.2e-05,0.0801,HOLD,0,0,0.5,0.147,-1,APPROVED
2026-09-02 14:25:07.688872+05:30,23873.7,23873.7,23773.18,23873.7,12701.0,0.1416,LOW_TOXICITY,-5.1e-05,1.2894,HOLD,0,0,0.5,0.043,-1,APPROVED
2026-09-02 14:26:00.996538+05:30,23872.65,23872.65,23772.13,23872.65,12701.0,0.1459,LOW_TOXICITY,-5.3e-05,1.1232,HOLD,0,0,0.5,0.043,-1,APPROVED
2026-09-02 14:26:02.270386+05:30,23873.55,23873.55,23872.6,23873.55,44700.0,0.1336,LOW_TOXICITY,-5e-05,0.077,HOLD,0,0,0.5,0.147,-1,APPROVED
2026-09-02 14:26:02.270386+05:30,23872.6,23872.6,23772.08,23872.6,12701.0,0.1348,LOW_TOXICITY,-5.1e-05,0.5834,HOLD,0,0,0.5,0.043,-1,APPROVED
2026-09-02 14:26:02.926401+05:30,24000.0,24000.0,23772.68,24000.0,12701.0,0.088,LOW_TOXICITY,0.0,1.2734,HOLD,0,0,0.5,0.077,-1,APPROVED
2026-09-02 14:26:04.355549+05:30,23873.7,23873.7,23773.18,23873.7,12701.0,0.1416,LOW_TOXICITY,-5.1e-05,1.2894,HOLD,0,0,0.5,0.043,-1,APPROVED
2026-09-02 14:26:04.939386+05:30,23873.75,23873.75,23772.83,23873.75,12701.0,0.1205,LOW_TOXICITY,-5e-05,1.2112,HOLD,0,0,0.5,0.043,-1,APPROVED
2026-09-02 14:27:00.961920+05:30,23873.7,23873.7,23773.18,23873.7,12701.0,0.1416,LOW_TOXICITY,-5.1e-05,1.2895,HOLD,0,0,0.5,0.043,-1,APPROVED
2026-09-02 14:27:01.554364+05:30,23873.35,23873.35,23772.83,23873.35,12701.0,0.1205,LOW_TOXICITY,-5.1e-05,1.2113,HOLD,0,0,0.5,0.043,-1,APPROVED
2026-09-02 14:27:00.710537+05:30,23875.95,23875.95,23775.42,23875.95,12701.0,0.1459,LOW_TOXICITY,-3.8e-05,1.1233,HOLD,0,0,0.5,0.044,-1,APPROVED
2026-09-02 14:27:03.335509+05:30,23876.55,23876.55,23776.01,23876.55,12701.0,0.1348,LOW_TOXICITY,-3.7e-05,0.62,HOLD,0,0,0.5,0.044,-1,APPROVED
2026-09-02 14:27:04.226338+05:30,23876.35,23922.06,23876.35,23876.35,12701.0,0.088,LOW_TOXICITY,-0.000344,1.3376,SELL,1,1,0.8028,0.038,-1,VETO
2026-09-02 14:27:06.599408+05:30,23876.95,23876.95,23875.55,23876.95,64595.0,0.1336,LOW_TOXICITY,-4.1e-05,0.0772,HOLD,0,0,0.5,0.152,-1,APPROVED
2026-09-02 14:28:00.118197+05:30,23878.75,23878.75,23778.2,23878.75,12701.0,0.1459,LOW_TOXICITY,-4.3e-05,1.1233,HOLD,0,0,0.5,0.045,-1,APPROVED
2026-09-02 14:28:00.576514+05:30,24000.0,24000.0,23898.94,24000.0,12701.0,0.088,LOW_TOXICITY,0.0,1.342,HOLD,0,0,0.5,0.077,-1,APPROVED
2026-09-02 14:28:01.418200+05:30,23879.6,23879.6,23779.05,23879.6,12701.0,0.1348,LOW_TOXICITY,-4e-05,0.6139,HOLD,0,0,0.5,0.045,-1,APPROVED
2026-09-02 14:28:02.889499+05:30,23879.55,23880.0,23878.35,23879.55,43166.0,0.1336,LOW_TOXICITY,-3.4e-05,0.0763,HOLD,0,0,0.5,0.157,-1,APPROVED
2026-09-02 14:28:05.695233+05:30,23873.7,23873.7,23773.18,23873.7,12701.0,0.1416,LOW_TOXICITY,-5.6e-05,1.2895,HOLD,0,0,0.5,0.043,-1,APPROVED
2026-09-02 14:28:06.187650+05:30,23873.35,23873.35,23772.83,23873.35,12701.0,0.1205,LOW_TOXICITY,-5.1e-05,1.2113,HOLD,0,0,0.5,0.043,-1,APPROVED
2026-09-02 14:29:02.316132+05:30,23873.7,23873.7,23773.18,23873.7,12701.0,0.1416,LOW_TOXICITY,-2.6e-05,1.2895,HOLD,0,0,0.5,0.043,-1,APPROVED
2026-09-02 14:29:01.943497+05:30,23883.75,23922.06,23883.75,23883.75,12701.0,0.088,LOW_TOXICITY,-3e-06,1.3309,HOLD,0,0,0.5,0.041,-1,APPROVED
2026-09-02 14:29:02.844077+05:30,23873.35,23873.35,23783.03,23873.35,12701.0,0.1205,LOW_TOXICITY,-5.1e-05,1.2113,HOLD,0,0,0.5,0.043,-1,APPROVED
2026-09-02 14:29:02.589536+05:30,23883.35,23883.35,23782.78,23883.35,12701.0,0.1348,LOW_TOXICITY,-1e-06,0.6186,HOLD,0,0,0.5,0.046,-1,APPROVED
2026-09-02 14:29:05.910064+05:30,23883.75,23883.75,23783.53,23883.75,12701.0,0.1459,LOW_TOXICITY,-7e-06,1.1233,HOLD,0,0,0.5,0.046,-1,APPROVED
2026-09-02 14:29:07.294634+05:30,23879.55,23884.35,23879.55,23879.55,82978.0,0.1336,LOW_TOXICITY,-1e-05,0.0743,HOLD,0,0,0.5,0.157,-1,APPROVED
2026-09-02 14:30:01.099249+05:30,23886.45,23886.45,23785.87,23886.45,12701.0,0.1348,LOW_TOXICITY,5e-06,0.6142,HOLD,0,0,0.5,0.047,-1,APPROVED
2026-09-02 14:30:03.592221+05:30,23886.8,23887.55,23886.45,23886.8,120526.0,0.1336,LOW_TOXICITY,1e-05,0.0838,HOLD,0,0,0.5,0.169,-1,APPROVED
2026-09-02 14:30:03.481738+05:30,24000.0,24000.0,23898.94,24000.0,12701.0,0.088,LOW_TOXICITY,0.000316,1.3351,BUY,1,1,0.5623,0.077,-1,APPROVED
2026-09-02 14:30:05.617941+05:30,23886.65,23886.65,23786.62,23886.65,12701.0,0.1459,LOW_TOXICITY,4e-06,1.1234,HOLD,0,0,0.5,0.047,-1,APPROVED
2026-09-02 14:30:07.189104+05:30,23873.7,23873.7,23773.18,23873.7,12701.0,0.1421,LOW_TOXICITY,-3.4e-05,1.2895,HOLD,0,0,0.5,0.043,-1,APPROVED
2026-09-02 14:30:07.573599+05:30,23886.3,23886.3,23785.72,23886.3,12701.0,0.1205,LOW_TOXICITY,-1.5e-05,1.2113,HOLD,0,0,0.5,0.047,-1,APPROVED
2026-09-02 14:31:00.446295+05:30,23894.0,23922.06,23894.0,23894.0,12701.0,0.088,LOW_TOXICITY,2.6e-05,1.3222,HOLD,0,0,0.5,0.044,-1,APPROVED
2026-09-02 14:31:03.043767+05:30,23894.35,23894.35,23793.74,23894.35,12701.0,0.1348,LOW_TOXICITY,2.5e-05,0.6484,HOLD,0,0,0.5,0.05,-1,APPROVED
2026-09-02 14:31:03.922920+05:30,23873.7,23873.7,23773.18,23873.7,12701.0,0.1421,LOW_TOXICITY,-3.4e-05,1.2752,HOLD,0,0,0.5,0.043,-1,APPROVED
2026-09-02 14:31:04.309484+05:30,23893.45,23893.45,23792.84,23893.45,12701.0,0.1205,LOW_TOXICITY,5e-06,1.2114,HOLD,0,0,0.5,0.049,-1,APPROVED
2026-09-02 14:31:05.369418+05:30,23894.0,23894.0,23793.39,23894.0,12701.0,0.148,LOW_TOXICITY,2.4e-05,1.1234,HOLD,0,0,0.5,0.049,-1,APPROVED
2026-09-02 14:31:07.919138+05:30,23886.8,23895.0,23886.8,23886.8,101391.0,0.1336,LOW_TOXICITY,1e-05,0.0797,HOLD,0,0,0.5,0.169,-1,APPROVED
2026-09-02 14:32:00.601220+05:30,23895.05,23895.05,23794.44,23895.05,12701.0,0.1421,LOW_TOXICITY,3.2e-05,1.2753,HOLD,0,0,0.5,0.05,-1,APPROVED
2026-09-02 14:32:00.959653+05:30,23893.45,23893.45,23792.84,23893.45,12701.0,0.1205,LOW_TOXICITY,5e-06,1.2114,HOLD,0,0,0.5,0.049,-1,APPROVED
2026-09-02 14:32:01.764993+05:30,23894.55,23894.55,23793.94,23894.55,12701.0,0.1374,LOW_TOXICITY,3.2e-05,0.5957,HOLD,0,0,0.5,0.05,-1,APPROVED
2026-09-02 14:32:01.796787+05:30,24000.0,24000.0,23794.29,24000.0,12701.0,0.088,LOW_TOXICITY,0.000325,1.3261,BUY,1,1,0.5623,0.077,-1,APPROVED
2026-09-02 14:32:04.294298+05:30,23894.95,23895.3,23894.2,23894.95,56864.0,0.1336,LOW_TOXICITY,3.3e-05,0.0897,HOLD,0,0,0.5,0.183,-1,APPROVED
2026-09-02 14:32:04.897513+05:30,23895.1,23895.1,23794.49,23895.1,12701.0,0.148,LOW_TOXICITY,3.4e-05,1.151,HOLD,0,0,0.5,0.05,-1,APPROVED
2026-09-02 14:33:00.593296+05:30,23894.95,23901.95,23894.95,23894.95,12928.0,0.1336,LOW_TOXICITY,3.3e-05,0.0841,HOLD,0,0,0.5,0.183,-1,APPROVED
2026-09-02 14:33:03.308629+05:30,23901.3,23901.3,23800.66,23901.3,12701.0,0.1374,LOW_TOXICITY,6.3e-05,0.6398,HOLD,0,0,0.5,0.052,-1,APPROVED
2026-09-02 14:33:03.696398+05:30,24000.0,24000.0,23800.26,24000.0,12701.0,0.088,LOW_TOXICITY,0.0,1.2799,HOLD,0,0,0.5,0.077,-1,APPROVED
2026-09-02 14:33:04.084276+05:30,23901.45,23901.45,23800.81,23901.45,12701.0,0.148,LOW_TOXICITY,5.9e-05,1.151,HOLD,0,0,0.5,0.052,-1,APPROVED
2026-09-02 14:33:05.469257+05:30,23895.05,23895.05,23799.91,23895.05,12701.0,0.1421,LOW_TOXICITY,4.4e-05,1.2755,HOLD,0,0,0.5,0.05,-1,APPROVED
2026-09-02 14:33:05.597009+05:30,23893.45,23893.45,23792.84,23893.45,12701.0,0.1176,LOW_TOXICITY,5e-06,1.2114,HOLD,0,0,0.5,0.049,-1,APPROVED
2026-09-02 14:34:00.593952+05:30,23908.45,23908.45,23807.78,23908.45,12701.0,0.148,LOW_TOXICITY,7.5e-05,1.151,HOLD,0,0,0.5,0.054,-1,APPROVED
2026-09-02 14:34:00.002134+05:30,23908.65,23922.06,23898.94,23908.65,12701.0,0.0832,LOW_TOXICITY,-0.000254,1.3112,SELL,1,1,0.7799,0.048,-1,VETO
2026-09-02 14:34:02.066195+05:30,23900.55,23900.55,23799.91,23900.55,12701.0,0.1421,LOW_TOXICITY,5.9e-05,1.2757,HOLD,0,0,0.5,0.051,-1,APPROVED
2026-09-02 14:34:02.179905+05:30,23893.45,23893.45,23792.84,23893.45,12701.0,0.1176,LOW_TOXICITY,5e-06,1.2114,HOLD,0,0,0.5,0.049,-1,APPROVED
2026-09-02 14:34:01.534908+05:30,23907.25,23907.25,23806.58,23907.25,12701.0,0.1374,LOW_TOXICITY,7e-05,1.1232,HOLD,0,0,0.5,0.054,-1,APPROVED
2026-09-02 14:34:04.906377+05:30,23907.6,23909.5,23906.85,23907.6,105945.0,0.1336,LOW_TOXICITY,6.8e-05,0.1067,HOLD,0,0,0.5,0.204,-1,APPROVED
2026-09-02 14:35:01.270130+05:30,23902.0,23902.55,23901.1,23902.0,49717.0,0.1336,LOW_TOXICITY,5.3e-05,0.102,HOLD,0,0,0.5,0.195,-1,APPROVED
2026-09-02 14:35:01.317736+05:30,24000.0,24000.0,23800.66,24000.0,12701.0,0.0832,LOW_TOXICITY,0.000323,1.3146,BUY,1,1,0.5623,0.077,-1,APPROVED
2026-09-02 14:35:02.972877+05:30,23907.25,23907.25,23802.45,23907.25,12701.0,0.1374,LOW_TOXICITY,6.6e-05,1.1232,HOLD,0,0,0.5,0.054,-1,APPROVED
2026-09-02 14:35:05.275761+05:30,23903.4,23903.4,23802.75,23903.4,12701.0,0.148,LOW_TOXICITY,5.3e-05,1.151,HOLD,0,0,0.5,0.052,-1,APPROVED
2026-09-02 14:35:06.718888+05:30,23903.9,23903.9,23803.25,23903.9,12701.0,0.1421,LOW_TOXICITY,6.8e-05,1.2758,HOLD,0,0,0.5,0.053,-1,APPROVED
2026-09-02 14:35:06.817240+05:30,23893.45,23893.45,23792.84,23893.45,12701.0,0.1176,LOW_TOXICITY,2.6e-05,1.5682,HOLD,0,0,0.5,0.049,-1,APPROVED
2026-09-02 14:36:01.927136+05:30,23909.2,23909.2,23808.53,23909.2,12701.0,0.148,LOW_TOXICITY,7.6e-05,1.151,HOLD,0,0,0.5,0.054,-1,APPROVED
2026-09-02 14:36:03.414762+05:30,23909.4,23909.4,23808.73,23909.4,12701.0,0.1421,LOW_TOXICITY,8.4e-05,1.276,HOLD,0,0,0.5,0.054,-1,APPROVED
2026-09-02 14:36:03.446896+05:30,23893.45,23893.45,23792.84,23893.45,12701.0,0.1176,LOW_TOXICITY,3.2e-05,1.5689,HOLD,0,0,0.5,0.049,-1,APPROVED
2026-09-02 14:36:03.627941+05:30,23903.1,23903.1,23802.45,23903.1,12701.0,0.1374,LOW_TOXICITY,5.9e-05,1.1232,HOLD,0,0,0.5,0.052,-1,APPROVED
2026-09-02 14:36:03.187486+05:30,24000.0,24000.0,23898.94,24000.0,12701.0,0.0832,LOW_TOXICITY,0.0,1.2799,HOLD,0,0,0.5,0.077,-1,APPROVED
2026-09-02 14:36:05.628157+05:30,23910.05,23910.3,23908.5,23910.05,102366.0,0.1336,LOW_TOXICITY,8.1e-05,0.1036,BUY,1,1,0.6658,0.208,-1,APPROVED
2026-09-02 14:37:00.100524+05:30,23906.0,23906.0,23805.34,23906.0,12701.0,0.1421,LOW_TOXICITY,7.4e-05,1.2761,HOLD,0,0,0.5,0.053,-1,APPROVED
2026-09-02 14:37:00.181968+05:30,23893.45,23893.45,23792.84,23893.45,12701.0,0.1176,LOW_TOXICITY,3.2e-05,1.5696,HOLD,0,0,0.5,0.049,-1,APPROVED
2026-09-02 14:37:04.300070+05:30,23903.1,23903.1,23802.45,23903.1,12701.0,0.1374,LOW_TOXICITY,5.6e-05,1.1232,HOLD,0,0,0.5,0.052,-1,APPROVED
2026-09-02 14:37:04.109893+05:30,23906.6,23906.85,23905.85,23906.6,78870.0,0.1336,LOW_TOXICITY,7.1e-05,0.0964,HOLD,0,0,0.5,0.202,-1,APPROVED
2026-09-02 14:37:04.646530+05:30,24000.0,24000.0,23805.94,24000.0,12701.0,0.0832,LOW_TOXICITY,0.000327,1.283,BUY,1,1,0.6709,0.077,-1,APPROVED
2026-09-02 14:37:06.582113+05:30,23909.2,23909.2,23805.74,23909.2,12701.0,0.148,LOW_TOXICITY,7.5e-05,1.151,HOLD,0,0,0.5,0.054,-1,APPROVED
2026-09-02 14:38:01.535264+05:30,23901.9,23922.06,23898.94,23901.9,12701.0,0.0832,LOW_TOXICITY,5.7e-05,1.3168,HOLD,0,0,0.5,0.046,-1,APPROVED
2026-09-02 14:38:03.258433+05:30,23906.4,23906.4,23805.74,23906.4,12701.0,0.148,LOW_TOXICITY,7e-05,1.151,HOLD,0,0,0.5,0.053,-1,APPROVED
2026-09-02 14:38:02.968116+05:30,23902.5,23903.95,23901.5,23902.5,103550.0,0.1336,LOW_TOXICITY,6e-05,0.0919,HOLD,0,0,0.5,0.196,-1,APPROVED
2026-09-02 14:38:04.795925+05:30,23901.1,23901.1,23800.46,23901.1,12701.0,0.1421,LOW_TOXICITY,5.7e-05,1.2763,HOLD,0,0,0.5,0.052,-1,APPROVED
2026-09-02 14:38:04.844555+05:30,23893.45,23893.45,23792.84,23893.45,12701.0,0.1176,LOW_TOXICITY,3.2e-05,1.5704,HOLD,0,0,0.5,0.049,-1,APPROVED
2026-09-02 14:38:04.979791+05:30,23903.1,23903.1,23802.45,23903.1,12701.0,0.1374,LOW_TOXICITY,6.1e-05,1.1232,HOLD,0,0,0.5,0.052,-1,APPROVED
2026-09-02 14:39:00.629976+05:30,23896.55,23896.55,23795.93,23896.55,12701.0,0.1374,LOW_TOXICITY,4.8e-05,1.1232,HOLD,0,0,0.5,0.05,-1,APPROVED
2026-09-02 14:39:01.411907+05:30,23901.1,23901.1,23800.46,23901.1,12701.0,0.1408,LOW_TOXICITY,5.7e-05,1.2765,HOLD,0,0,0.5,0.052,-1,APPROVED
2026-09-02 14:39:01.477032+05:30,23893.45,23893.45,23796.73,23893.45,12701.0,0.1176,LOW_TOXICITY,3.2e-05,1.5711,HOLD,0,0,0.5,0.049,-1,APPROVED
2026-09-02 14:39:01.982983+05:30,23896.95,23897.6,23896.35,23896.95,49457.0,0.1336,LOW_TOXICITY,4.7e-05,0.0913,HOLD,0,0,0.5,0.186,-1,APPROVED
2026-09-02 14:39:02.867040+05:30,23897.35,23922.06,23897.35,23897.35,12701.0,0.0832,LOW_TOXICITY,-0.000286,1.283,SELL,1,1,0.7398,0.045,-1,VETO
2026-09-02 14:39:07.857452+05:30,23898.95,23898.95,23798.32,23898.95,12701.0,0.148,LOW_TOXICITY,4.7e-05,1.151,HOLD,0,0,0.5,0.051,-1,APPROVED
2026-09-02 14:40:00.704117+05:30,23904.1,23904.7,23903.75,23904.1,61977.0,0.1336,LOW_TOXICITY,8.5e-05,0.094,BUY,1,1,0.6658,0.198,-1,APPROVED
2026-09-02 14:40:01.371415+05:30,23896.55,23896.55,23803.7,23896.55,12701.0,0.1374,LOW_TOXICITY,6.2e-05,1.1232,HOLD,0,0,0.5,0.05,-1,APPROVED
2026-09-02 14:40:04.481881+05:30,23904.15,23904.15,23803.5,23904.15,12701.0,0.1471,LOW_TOXICITY,8.5e-05,1.151,HOLD,0,0,0.5,0.053,-1,APPROVED
2026-09-02 14:40:04.146622+05:30,24000.0,24000.0,23898.94,24000.0,12701.0,0.0832,LOW_TOXICITY,0.0,1.3229,HOLD,0,0,0.5,0.077,-1,APPROVED
2026-09-02 14:40:06.110919+05:30,23905.3,23905.3,23804.64,23905.3,12701.0,0.1408,LOW_TOXICITY,8.8e-05,1.2766,HOLD,0,0,0.5,0.053,-1,APPROVED
2026-09-02 14:40:06.192332+05:30,23897.35,23897.35,23796.73,23897.35,12701.0,0.1176,LOW_TOXICITY,6.6e-05,1.5718,HOLD,0,0,0.5,0.05,-1,APPROVED
2026-09-02 14:41:01.106606+05:30,23905.8,23905.8,23805.14,23905.8,12701.0,0.1471,LOW_TOXICITY,9.3e-05,1.151,HOLD,0,0,0.5,0.053,-1,APPROVED
2026-09-02 14:41:00.495228+05:30,24000.0,24000.0,23898.94,24000.0,12701.0,0.0832,LOW_TOXICITY,0.0,1.283,HOLD,0,0,0.5,0.077,-1,APPROVED
2026-09-02 14:41:02.026422+05:30,23904.35,23904.35,23805.39,23904.35,12701.0,0.1333,LOW_TOXICITY,8.9e-05,1.1232,HOLD,0,0,0.5,0.053,-1,APPROVED
2026-09-02 14:41:02.754591+05:30,23905.3,23905.3,23804.64,23905.3,12701.0,0.1408,LOW_TOXICITY,8.8e-05,0.6017,HOLD,0,0,0.5,0.053,-1,APPROVED
2026-09-02 14:41:02.803549+05:30,23897.35,23897.35,23796.73,23897.35,12701.0,0.1176,LOW_TOXICITY,6.6e-05,1.5726,HOLD,0,0,0.5,0.05,-1,APPROVED
2026-09-02 14:41:06.434645+05:30,23905.85,23907.25,23904.85,23905.85,128527.0,0.1336,LOW_TOXICITY,9e-05,0.0874,BUY,1,1,0.7046,0.201,-1,APPROVED
2026-09-02 14:42:01.802629+05:30,23900.4,23922.06,23898.94,23900.4,12701.0,0.0832,LOW_TOXICITY,6.7e-05,1.3179,HOLD,0,0,0.5,0.046,-1,APPROVED
2026-09-02 14:42:02.691586+05:30,23906.05,23906.05,23805.39,23906.05,12701.0,0.1333,LOW_TOXICITY,8.2e-05,1.1232,HOLD,0,0,0.5,0.053,-1,APPROVED
2026-09-02 14:42:05.706603+05:30,23905.8,23905.8,23805.14,23905.8,12701.0,0.1471,LOW_TOXICITY,8.3e-05,0.6015,HOLD,0,0,0.5,0.053,-1,APPROVED
2026-09-02 14:42:05.674300+05:30,23900.9,23901.65,23900.2,23900.9,57453.0,0.1336,LOW_TOXICITY,6.7e-05,0.0869,HOLD,0,0,0.5,0.193,-1,APPROVED
2026-09-02 14:42:07.455353+05:30,23905.3,23905.3,23804.64,23905.3,12701.0,0.1408,LOW_TOXICITY,8.8e-05,0.6017,HOLD,0,0,0.5,0.053,-1,APPROVED
2026-09-02 14:42:07.455406+05:30,23901.55,23901.55,23800.91,23901.55,12701.0,0.1176,LOW_TOXICITY,7.9e-05,1.5733,HOLD,0,0,0.5,0.052,-1,APPROVED
2026-09-02 14:43:02.383307+05:30,23896.75,23896.75,23796.13,23896.75,12701.0,0.1471,LOW_TOXICITY,5e-05,0.5563,HOLD,0,0,0.5,0.05,-1,APPROVED
2026-09-02 14:43:03.357528+05:30,23906.05,23906.05,23805.39,23906.05,12701.0,0.1333,LOW_TOXICITY,7.4e-05,1.1232,HOLD,0,0,0.5,0.053,-1,APPROVED
2026-09-02 14:43:03.129095+05:30,23896.7,23922.06,23896.7,23896.7,12701.0,0.0832,LOW_TOXICITY,-0.000288,1.283,SELL,1,1,0.7755,0.045,-1,VETO
2026-09-02 14:43:04.123457+05:30,23905.3,23905.3,23804.64,23905.3,12701.0,0.1408,LOW_TOXICITY,8.8e-05,0.6017,HOLD,0,0,0.5,0.053,-1,APPROVED

2026-09-02 14:43:04.462980+05:30,23896.15,23897.45,23895.1,23896.15,59829.0,0.1336,LOW_TOXICITY,4.6e-05,0.0862,HOLD,0,0,0.5,0.185,-1,APPROVED
2026-09-02 14:44:00.852690+05:30,23890.05,23890.05,23789.46,23890.05,12701.0,0.1408,LOW_TOXICITY,4.6e-05,0.5383,HOLD,0,0,0.5,0.048,-1,APPROVED
2026-09-02 14:44:00.852689+05:30,23901.55,23901.55,23800.91,23901.55,12701.0,0.12,LOW_TOXICITY,7.9e-05,1.5748,HOLD,0,0,0.5,0.052,-1,APPROVED
2026-09-02 14:44:03.436960+05:30,23889.65,23892.2,23889.4,23889.65,97553.0,0.1336,LOW_TOXICITY,2.8e-05,0.0893,HOLD,0,0,0.5,0.174,-1,APPROVED
2026-09-02 14:44:04.145977+05:30,23906.05,23906.05,23789.9,23906.05,12701.0,0.1333,LOW_TOXICITY,6.3e-05,1.8237,HOLD,0,0,0.5,0.053,-1,APPROVED
2026-09-02 14:44:04.514504+05:30,24000.0,24000.0,23898.94,24000.0,12701.0,0.0834,LOW_TOXICITY,0.000324,1.3234,BUY,1,1,0.6679,0.077,-1,APPROVED
2026-09-02 14:44:07.051621+05:30,23896.75,23896.75,23787.37,23896.75,12701.0,0.1471,LOW_TOXICITY,3.6e-05,0.6015,HOLD,0,0,0.5,0.05,-1,APPROVED
2026-09-02 14:45:01.371674+05:30,23887.55,23922.06,23887.55,23887.55,12701.0,0.0834,LOW_TOXICITY,-0.000313,1.3275,SELL,1,1,0.7697,0.042,-1,VETO
2026-09-02 14:45:02.368338+05:30,23887.2,23888.6,23885.75,23887.2,66330.0,0.1336,LOW_TOXICITY,1e-06,0.0845,HOLD,0,0,0.5,0.17,-1,APPROVED
2026-09-02 14:45:03.625039+05:30,23887.95,23887.95,23785.57,23887.95,12701.0,0.1471,LOW_TOXICITY,4e-06,0.5573,HOLD,0,0,0.5,0.047,-1,APPROVED
2026-09-02 14:45:04.842125+05:30,23890.5,23890.5,23785.42,23890.5,12701.0,0.1333,LOW_TOXICITY,1.1e-05,1.8244,HOLD,0,0,0.5,0.048,-1,APPROVED
2026-09-02 14:45:05.527156+05:30,23901.55,23901.55,23800.91,23901.55,12701.0,0.12,LOW_TOXICITY,4.3e-05,1.8538,HOLD,0,0,0.5,0.052,-1,APPROVED
2026-09-02 14:45:05.494943+05:30,23890.05,23890.05,23789.46,23890.05,12701.0,0.1408,LOW_TOXICITY,4.6e-05,0.6017,HOLD,0,0,0.5,0.048,-1,APPROVED
2026-09-02 14:46:00.257188+05:30,23889.55,23889.55,23788.96,23889.55,12701.0,0.1471,LOW_TOXICITY,-1.2e-05,0.6114,HOLD,0,0,0.5,0.048,-1,APPROVED
2026-09-02 14:46:00.498965+05:30,23886.0,23886.0,23785.42,23886.0,12701.0,0.1333,LOW_TOXICITY,-2.3e-05,1.8252,HOLD,0,0,0.5,0.047,-1,APPROVED
2026-09-02 14:46:01.303020+05:30,23889.85,23890.0,23889.15,23889.85,27347.0,0.1336,LOW_TOXICITY,9e-06,0.081,HOLD,0,0,0.5,0.174,-1,APPROVED
2026-09-02 14:46:02.183977+05:30,23901.55,23901.55,23789.06,23901.55,12701.0,0.12,LOW_TOXICITY,2.3e-05,1.8545,HOLD,0,0,0.5,0.052,-1,APPROVED
2026-09-02 14:46:02.232912+05:30,23890.05,23890.05,23789.46,23890.05,12701.0,0.1408,LOW_TOXICITY,4.6e-05,0.6017,HOLD,0,0,0.5,0.048,-1,APPROVED
2026-09-02 14:46:02.696842+05:30,24000.0,24000.0,23789.31,24000.0,12701.0,0.0834,LOW_TOXICITY,0.000295,1.3306,BUY,1,-1,0.5006,0.077,-1,APPROVED
2026-09-02 14:47:00.508023+05:30,23891.65,23892.4,23890.65,23891.65,66937.0,0.1336,LOW_TOXICITY,-9e-06,0.0777,HOLD,0,0,0.5,0.177,-1,APPROVED
2026-09-02 14:47:01.085510+05:30,23886.0,23886.0,23785.42,23886.0,12701.0,0.1333,LOW_TOXICITY,-2.4e-05,1.8259,HOLD,0,0,0.5,0.047,-1,APPROVED
2026-09-02 14:47:05.007919+05:30,23889.55,23889.55,23788.96,23889.55,12701.0,0.1471,LOW_TOXICITY,-1.5e-05,0.6015,HOLD,0,0,0.5,0.048,-1,APPROVED
2026-09-02 14:47:04.544071+05:30,23893.15,23922.06,23893.15,23893.15,12701.0,0.0834,LOW_TOXICITY,-0.000297,1.3252,SELL,1,1,0.7745,0.044,-1,VETO
2026-09-02 14:47:06.834949+05:30,23893.55,23893.55,23792.94,23893.55,12701.0,0.12,LOW_TOXICITY,0.0,1.8551,HOLD,0,0,0.5,0.049,-1,APPROVED
2026-09-02 14:47:06.927388+05:30,23890.05,23890.05,23789.46,23890.05,12701.0,0.1408,LOW_TOXICITY,-1.4e-05,0.6017,HOLD,0,0,0.5,0.048,-1,APPROVED
2026-09-02 14:48:00.861987+05:30,23897.4,23922.06,23897.4,23897.4,12701.0,0.0834,LOW_TOXICITY,-0.000286,1.2868,SELL,1,1,0.7466,0.045,-1,VETO
2026-09-02 14:48:01.675506+05:30,23889.55,23889.55,23788.96,23889.55,12701.0,0.1471,LOW_TOXICITY,-3.3e-05,0.6015,HOLD,0,0,0.5,0.048,-1,APPROVED
2026-09-02 14:48:01.756124+05:30,23886.0,23886.0,23785.42,23886.0,12701.0,0.1333,LOW_TOXICITY,-4.3e-05,1.8267,HOLD,0,0,0.5,0.047,-1,APPROVED
2026-09-02 14:48:03.463510+05:30,23897.15,23897.15,23796.53,23897.15,12701.0,0.12,LOW_TOXICITY,1e-05,1.8558,HOLD,0,0,0.5,0.05,-1,APPROVED
2026-09-02 14:48:03.544683+05:30,23890.05,23890.05,23789.46,23890.05,12701.0,0.1408,LOW_TOXICITY,-1.4e-05,0.6017,HOLD,0,0,0.5,0.048,-1,APPROVED
2026-09-02 14:48:05.757367+05:30,23897.25,23898.1,23896.3,23897.25,57748.0,0.1336,LOW_TOXICITY,6e-06,0.081,HOLD,0,0,0.5,0.187,-1,APPROVED
2026-09-02 14:49:00.158813+05:30,23890.05,23890.05,23789.46,23890.05,12701.0,0.141,LOW_TOXICITY,-2.9e-05,0.6017,HOLD,0,0,0.5,0.048,-1,APPROVED
2026-09-02 14:49:00.094298+05:30,23904.75,23904.75,23804.09,23904.75,12701.0,0.12,LOW_TOXICITY,3.2e-05,1.8565,HOLD,0,0,0.5,0.053,-1,APPROVED
2026-09-02 14:49:02.479150+05:30,23904.85,23904.85,23804.19,23904.85,12701.0,0.1333,LOW_TOXICITY,-7e-06,1.8274,HOLD,0,0,0.5,0.053,-1,APPROVED
2026-09-02 14:49:02.183668+05:30,24000.0,24000.0,23898.94,24000.0,12701.0,0.0834,LOW_TOXICITY,0.000254,1.3253,BUY,1,1,0.6107,0.077,-1,APPROVED
2026-09-02 14:49:04.587396+05:30,23904.7,23905.8,23901.4,23904.7,303969.0,0.1336,LOW_TOXICITY,-8e-06,0.0879,HOLD,0,0,0.5,0.199,-1,APPROVED
2026-09-02 14:49:06.402484+05:30,23905.2,23905.2,23804.54,23905.2,12701.0,0.1471,LOW_TOXICITY,-9e-06,0.7184,HOLD,0,0,0.5,0.053,-1,APPROVED
2026-09-02 14:50:03.006970+05:30,23897.95,23897.95,23797.32,23897.95,12701.0,0.1473,LOW_TOXICITY,-1.5e-05,0.5637,HOLD,0,0,0.5,0.051,-1,APPROVED
2026-09-02 14:50:03.121813+05:30,23904.85,23904.85,23804.19,23904.85,12701.0,0.1333,LOW_TOXICITY,-7e-06,1.8281,HOLD,0,0,0.5,0.053,-1,APPROVED
2026-09-02 14:50:03.405396+05:30,23899.5,23899.65,23897.7,23899.5,88111.0,0.1336,LOW_TOXICITY,-7e-06,0.0877,HOLD,0,0,0.5,0.19,-1,APPROVED
2026-09-02 14:50:04.755087+05:30,23890.05,23890.05,23789.46,23890.05,12701.0,0.141,LOW_TOXICITY,-3.9e-05,0.6017,HOLD,0,0,0.5,0.048,-1,APPROVED
2026-09-02 14:50:04.755107+05:30,23904.75,23904.75,23804.09,23904.75,12701.0,0.12,LOW_TOXICITY,3.2e-05,1.8572,HOLD,0,0,0.5,0.053,-1,APPROVED
2026-09-02 14:50:04.079261+05:30,23898.3,23922.06,23898.3,23898.3,12701.0,0.0834,LOW_TOXICITY,-0.000283,1.3216,SELL,1,1,0.7745,0.045,-1,VETO
2026-09-02 14:51:00.433864+05:30,23888.65,23922.06,23888.65,23888.65,12701.0,0.0834,LOW_TOXICITY,-0.00031,1.2868,SELL,1,1,0.7381,0.042,-1,VETO
2026-09-02 14:51:01.387767+05:30,23904.75,23904.75,23804.09,23904.75,12701.0,0.12,LOW_TOXICITY,3.2e-05,1.8578,HOLD,0,0,0.5,0.053,-1,APPROVED
2026-09-02 14:51:01.387767+05:30,23890.05,23890.05,23788.36,23890.05,12701.0,0.141,LOW_TOXICITY,-5.4e-05,1.1449,HOLD,0,0,0.5,0.048,-1,APPROVED
2026-09-02 14:51:02.134844+05:30,23889.35,23889.5,23888.3,23889.35,49630.0,0.1336,LOW_TOXICITY,-5.8e-05,0.101,HOLD,0,0,0.5,0.173,-1,APPROVED
2026-09-02 14:51:03.790059+05:30,23888.15,23888.15,23787.56,23888.15,12701.0,0.134,LOW_TOXICITY,-4.2e-05,1.8289,HOLD,0,0,0.5,0.048,-1,APPROVED
2026-09-02 14:51:07.665251+05:30,23888.65,23888.65,23788.06,23888.65,12701.0,0.1473,LOW_TOXICITY,-5.7e-05,0.5554,HOLD,0,0,0.5,0.048,-1,APPROVED
2026-09-02 14:52:00.800414+05:30,23889.05,23890.2,23888.75,23889.05,66438.0,0.1336,LOW_TOXICITY,-4.9e-05,0.0922,HOLD,0,0,0.5,0.173,-1,APPROVED
2026-09-02 14:52:01.884358+05:30,23890.65,23922.06,23890.65,23890.65,12701.0,0.0834,LOW_TOXICITY,-0.000304,1.2867,SELL,1,1,0.8106,0.043,-1,VETO
2026-09-02 14:52:04.253660+05:30,23890.65,23890.65,23790.05,23890.65,12701.0,0.1473,LOW_TOXICITY,-5.2e-05,1.1322,HOLD,0,0,0.5,0.048,-1,APPROVED
2026-09-02 14:52:04.478599+05:30,23888.15,23888.15,23787.56,23888.15,12701.0,0.134,LOW_TOXICITY,-4.2e-05,1.8296,HOLD,0,0,0.5,0.048,-1,APPROVED
2026-09-02 14:52:06.183124+05:30,23891.5,23891.5,23790.9,23891.5,12701.0,0.1144,LOW_TOXICITY,-5e-06,1.8585,HOLD,0,0,0.5,0.049,-1,APPROVED
2026-09-02 14:52:06.231089+05:30,23888.95,23888.95,23788.36,23888.95,12701.0,0.141,LOW_TOXICITY,-4.8e-05,1.1449,HOLD,0,0,0.5,0.048,-1,APPROVED
2026-09-02 14:53:00.058131+05:30,23888.15,23888.15,23787.56,23888.15,12701.0,0.134,LOW_TOXICITY,-4.2e-05,1.8304,HOLD,0,0,0.5,0.048,-1,APPROVED
2026-09-02 14:53:00.895157+05:30,23887.45,23887.45,23786.87,23887.45,12701.0,0.1473,LOW_TOXICITY,-5.3e-05,1.1322,HOLD,0,0,0.5,0.047,-1,APPROVED
2026-09-02 14:53:02.853362+05:30,23888.05,23888.05,23787.46,23888.05,12701.0,0.1144,LOW_TOXICITY,-1.5e-05,1.8592,HOLD,0,0,0.5,0.048,-1,APPROVED
2026-09-02 14:53:02.853363+05:30,23888.95,23888.95,23788.36,23888.95,12701.0,0.141,LOW_TOXICITY,-3.4e-05,1.1449,HOLD,0,0,0.5,0.048,-1,APPROVED
2026-09-02 14:53:03.165422+05:30,24000.0,24000.0,23787.91,24000.0,12701.0,0.0754,LOW_TOXICITY,0.000273,1.3304,BUY,1,-1,0.6345,0.077,-1,VETO
2026-09-02 14:53:06.023563+05:30,23888.7,23888.95,23886.85,23888.7,138768.0,0.1336,LOW_TOXICITY,-3.9e-05,0.0854,HOLD,0,0,0.5,0.172,-1,APPROVED
2026-09-02 14:54:00.706792+05:30,23883.25,23883.25,23782.69,23883.25,12701.0,0.134,LOW_TOXICITY,-3.7e-05,1.206,HOLD,0,0,0.5,0.046,-1,APPROVED
2026-09-02 14:54:04.456178+05:30,23883.6,23922.06,23883.6,23883.6,12701.0,0.0754,LOW_TOXICITY,-3.8e-05,1.3325,HOLD,0,0,0.5,0.041,-1,APPROVED
2026-09-02 14:54:04.860151+05:30,23883.3,23884.15,23883.0,23883.3,114369.0,0.1336,LOW_TOXICITY,-3.8e-05,0.0867,HOLD,0,0,0.5,0.163,-1,APPROVED
2026-09-02 14:54:05.498114+05:30,23887.45,23887.45,23782.54,23887.45,12701.0,0.1473,LOW_TOXICITY,-3.2e-05,1.1322,HOLD,0,0,0.5,0.047,-1,APPROVED
2026-09-02 14:54:07.516272+05:30,23888.95,23888.95,23788.36,23888.95,12701.0,0.141,LOW_TOXICITY,-3.4e-05,1.1449,HOLD,0,0,0.5,0.048,-1,APPROVED
2026-09-02 14:54:07.516272+05:30,23883.6,23883.6,23783.03,23883.6,12701.0,0.1144,LOW_TOXICITY,-2.7e-05,1.8599,HOLD,0,0,0.5,0.046,-1,APPROVED
2026-09-02 14:55:01.371640+05:30,23883.25,23883.25,23782.69,23883.25,12701.0,0.134,LOW_TOXICITY,-3.7e-05,1.206,HOLD,0,0,0.5,0.046,-1,APPROVED
2026-09-02 14:55:00.745591+05:30,23884.5,23922.06,23884.5,23884.5,12701.0,0.0754,LOW_TOXICITY,-0.000322,1.2867,SELL,1,1,0.789,0.041,-1,VETO
2026-09-02 14:55:02.098853+05:30,23885.0,23885.0,23784.43,23885.0,12701.0,0.1473,LOW_TOXICITY,-5.3e-05,1.1322,HOLD,0,0,0.5,0.047,-1,APPROVED
2026-09-02 14:55:03.646857+05:30,23884.45,23885.0,23883.55,23884.45,72234.0,0.1336,LOW_TOXICITY,-5.5e-05,0.0816,HOLD,0,0,0.5,0.165,-1,APPROVED
2026-09-02 14:55:04.148106+05:30,23888.95,23888.95,23788.36,23888.95,12701.0,0.141,LOW_TOXICITY,-4.6e-05,1.1449,HOLD,0,0,0.5,0.048,-1,APPROVED
2026-09-02 14:55:04.212518+05:30,23883.6,23883.6,23783.03,23883.6,12701.0,0.1144,LOW_TOXICITY,-3.8e-05,1.1449,HOLD,0,0,0.5,0.046,-1,APPROVED
2026-09-02 14:56:00.764192+05:30,23871.75,23871.75,23771.23,23871.75,12701.0,0.141,LOW_TOXICITY,-9.4e-05,1.1449,HOLD,0,0,0.5,0.042,-1,APPROVED
2026-09-02 14:56:00.906402+05:30,23883.6,23883.6,23783.03,23883.6,12701.0,0.1144,LOW_TOXICITY,-3.8e-05,1.1449,HOLD,0,0,0.5,0.046,-1,APPROVED
2026-09-02 14:56:02.004258+05:30,23871.7,23871.7,23771.18,23871.7,12701.0,0.134,LOW_TOXICITY,-9.1e-05,1.206,HOLD,0,0,0.5,0.042,-1,APPROVED
2026-09-02 14:56:02.036324+05:30,24000.0,24000.0,23771.08,24000.0,12701.0,0.0754,LOW_TOXICITY,0.0,1.3352,HOLD,0,0,0.5,0.077,-1,APPROVED
2026-09-02 14:56:02.444512+05:30,23872.4,23873.05,23871.45,23872.4,45098.0,0.1336,LOW_TOXICITY,-9.3e-05,0.1044,SELL,-1,1,0.7116,0.145,-1,VETO
2026-09-02 14:56:06.697895+05:30,23871.5,23871.5,23770.98,23871.5,12701.0,0.1473,LOW_TOXICITY,-9.6e-05,1.1322,HOLD,0,0,0.5,0.042,-1,APPROVED
2026-09-02 14:57:01.179670+05:30,23872.25,23872.6,23871.25,23872.25,50172.0,0.1336,LOW_TOXICITY,-8e-05,0.0948,HOLD,0,0,0.5,0.144,-1,APPROVED
2026-09-02 14:57:02.658111+05:30,23871.65,23871.65,23771.13,23871.65,12701.0,0.134,LOW_TOXICITY,-9.6e-05,1.206,HOLD,0,0,0.5,0.042,-1,APPROVED
2026-09-02 14:57:03.266736+05:30,23871.5,23871.5,23770.98,23871.5,12701.0,0.1473,LOW_TOXICITY,-9.6e-05,1.1322,HOLD,0,0,0.5,0.042,-1,APPROVED
2026-09-02 14:57:03.363478+05:30,23871.25,23922.06,23871.25,23871.25,12701.0,0.0754,LOW_TOXICITY,-8.1e-05,1.344,HOLD,0,0,0.5,0.037,-1,APPROVED
2026-09-02 14:57:05.392419+05:30,23869.4,23869.4,23768.89,23869.4,12701.0,0.141,LOW_TOXICITY,-0.0001,1.1449,HOLD,0,0,0.5,0.042,-1,APPROVED
2026-09-02 14:57:05.497871+05:30,23883.6,23883.6,23783.03,23883.6,12701.0,0.1144,LOW_TOXICITY,-5e-05,1.1449,HOLD,0,0,0.5,0.046,-1,APPROVED
2026-09-02 14:58:02.030090+05:30,23869.5,23869.5,23768.99,23869.5,12701.0,0.1381,LOW_TOXICITY,-0.0001,1.1449,HOLD,0,0,0.5,0.042,-1,APPROVED
2026-09-02 14:58:02.062467+05:30,23883.6,23883.6,23783.03,23883.6,12701.0,0.1144,LOW_TOXICITY,-5e-05,1.1449,HOLD,0,0,0.5,0.046,-1,APPROVED
2026-09-02 14:58:03.359119+05:30,23868.95,23868.95,23768.45,23868.95,12701.0,0.134,LOW_TOXICITY,-0.000104,1.2061,HOLD,0,0,0.5,0.041,-1,APPROVED
2026-09-02 14:58:04.669588+05:30,23868.9,23922.06,23868.9,23868.9,12701.0,0.0754,LOW_TOXICITY,-7.8e-05,1.2903,HOLD,0,0,0.5,0.036,-1,APPROVED
2026-09-02 14:58:06.405548+05:30,23869.25,23869.55,23868.15,23869.25,124936.0,0.1336,LOW_TOXICITY,-7.5e-05,0.0893,HOLD,0,0,0.5,0.139,-1,APPROVED
2026-09-02 14:58:07.866441+05:30,23869.05,23869.05,23768.54,23869.05,12701.0,0.1473,LOW_TOXICITY,-7.7e-05,1.1322,HOLD,0,0,0.5,0.041,-1,APPROVED
2026-09-02 14:59:00.967010+05:30,23874.15,23922.06,23874.15,23874.15,12701.0,0.0754,LOW_TOXICITY,-0.000351,1.2905,SELL,1,1,0.8175,0.038,-1,VETO
2026-09-02 14:59:04.097540+05:30,23872.75,23872.75,23772.23,23872.75,12701.0,0.134,LOW_TOXICITY,-9.3e-05,1.2061,HOLD,0,0,0.5,0.043,-1,APPROVED
2026-09-02 14:59:04.481897+05:30,23869.05,23869.05,23768.54,23869.05,12701.0,0.1482,LOW_TOXICITY,-7.7e-05,1.1322,HOLD,0,0,0.5,0.041,-1,APPROVED
2026-09-02 14:59:05.145803+05:30,23873.7,23875.4,23872.45,23873.7,196875.0,0.1336,LOW_TOXICITY,-4.5e-05,0.087,HOLD,0,0,0.5,0.147,-1,APPROVED
2026-09-02 14:59:06.653303+05:30,23874.5,23874.5,23773.97,23874.5,12701.0,0.1144,LOW_TOXICITY,-7.5e-05,1.1449,HOLD,0,0,0.5,0.043,-1,APPROVED
2026-09-02 14:59:06.637288+05:30,23869.5,23869.5,23768.99,23869.5,12701.0,0.1381,LOW_TOXICITY,-5.7e-05,1.1449,HOLD,0,0,0.5,0.042,-1,APPROVED
2026-09-02 15:00:01.048353+05:30,23869.9,23869.9,23769.39,23869.9,12701.0,0.1482,LOW_TOXICITY,-5e-05,1.1322,HOLD,0,0,0.5,0.042,-1,APPROVED
2026-09-02 15:00:02.240711+05:30,23871.4,23922.06,23871.4,23871.4,12701.0,0.0754,LOW_TOXICITY,-4.5e-05,1.2903,HOLD,0,0,0.5,0.037,-1,APPROVED
2026-09-02 15:00:03.296821+05:30,23874.5,23874.5,23773.97,23874.5,12701.0,0.1144,LOW_TOXICITY,-7.5e-05,1.1449,HOLD,0,0,0.5,0.043,-1,APPROVED
2026-09-02 15:00:03.296788+05:30,23869.5,23869.5,23771.28,23869.5,12701.0,0.1381,LOW_TOXICITY,-5.7e-05,1.1449,HOLD,0,0,0.5,0.042,-1,APPROVED
2026-09-02 15:00:03.886632+05:30,23873.35,23873.35,23869.25,23873.35,299223.0,0.1336,LOW_TOXICITY,-3.9e-05,0.0817,HOLD,0,0,0.5,0.146,-1,APPROVED
2026-09-02 15:00:04.706658+05:30,23871.55,23871.55,23771.03,23871.55,12701.0,0.1299,LOW_TOXICITY,-5.3e-05,1.2061,HOLD,0,0,0.5,0.042,-1,APPROVED
2026-09-02 15:01:00.005198+05:30,23868.8,23868.8,23768.3,23868.8,12701.0,0.1381,LOW_TOXICITY,-5.9e-05,1.119,HOLD,0,0,0.5,0.041,-1,APPROVED
2026-09-02 15:01:00.346025+05:30,23871.55,23871.55,23771.03,23871.55,12701.0,0.1299,LOW_TOXICITY,-4e-05,1.2061,HOLD,0,0,0.5,0.042,-1,APPROVED
2026-09-02 15:01:02.703318+05:30,23868.15,23869.75,23868.1,23868.15,306538.0,0.1336,LOW_TOXICITY,-6.1e-05,0.0834,HOLD,0,0,0.5,0.137,-1,APPROVED
2026-09-02 15:01:03.537639+05:30,23867.65,23922.06,23867.65,23867.65,12701.0,0.0754,LOW_TOXICITY,-0.000369,1.2903,SELL,1,1,0.848,0.035,-1,VETO
2026-09-02 15:01:05.645565+05:30,23868.05,23868.05,23767.55,23868.05,12701.0,0.1482,LOW_TOXICITY,-6e-05,1.1322,HOLD,0,0,0.5,0.041,-1,APPROVED
2026-09-02 15:01:07.924347+05:30,23868.4,23868.4,23767.9,23868.4,12701.0,0.1144,LOW_TOXICITY,-9.3e-05,1.1449,HOLD,0,0,0.5,0.041,-1,APPROVED
2026-09-02 15:02:00.043541+05:30,23863.0,23864.0,23862.95,23863.0,40941.0,0.1336,LOW_TOXICITY,-8e-05,0.0845,HOLD,0,0,0.5,0.129,-1,APPROVED
2026-09-02 15:02:00.994028+05:30,23871.55,23871.55,23762.82,23871.55,12701.0,0.1299,LOW_TOXICITY,-4e-05,1.2061,HOLD,0,0,0.5,0.042,-1,APPROVED
2026-09-02 15:02:02.344702+05:30,23868.05,23868.05,23762.37,23868.05,12701.0,0.1482,LOW_TOXICITY,-6e-05,1.1893,HOLD,0,0,0.5,0.041,-1,APPROVED
2026-09-02 15:02:04.554232+05:30,23862.9,23862.9,23762.42,23862.9,12701.0,0.1215,LOW_TOXICITY,-8.6e-05,1.1449,HOLD,0,0,0.5,0.04,-1,APPROVED
2026-09-02 15:02:04.650692+05:30,23868.8,23868.8,23768.3,23868.8,12701.0,0.1381,LOW_TOXICITY,-5.9e-05,1.1185,HOLD,0,0,0.5,0.041,-1,APPROVED
2026-09-02 15:02:04.821212+05:30,24000.0,24000.0,23762.22,24000.0,12701.0,0.0754,LOW_TOXICITY,0.000297,1.3508,BUY,1,-1,0.6347,0.077,-1,VETO
2026-09-02 15:03:01.179929+05:30,23864.5,23864.5,23764.01,23864.5,12701.0,0.1215,LOW_TOXICITY,-9.1e-05,1.1449,HOLD,0,0,0.5,0.04,-1,APPROVED
2026-09-02 15:03:01.294547+05:30,23868.8,23868.8,23768.3,23868.8,12701.0,0.1381,LOW_TOXICITY,-5.9e-05,1.1179,HOLD,0,0,0.5,0.041,-1,APPROVED
2026-09-02 15:03:01.657628+05:30,23863.3,23863.3,23762.82,23863.3,12701.0,0.1299,LOW_TOXICITY,-6.3e-05,1.2061,HOLD,0,0,0.5,0.04,-1,APPROVED
2026-09-02 15:03:01.115893+05:30,24000.0,24000.0,23898.94,24000.0,12701.0,0.0742,LOW_TOXICITY,0.000286,1.2903,BUY,1,-1,0.6237,0.077,-1,VETO
2026-09-02 15:03:04.352115+05:30,23864.95,23864.95,23863.5,23864.95,186074.0,0.1336,LOW_TOXICITY,-9e-05,0.0805,SELL,1,1,0.9444,0.132,-1,VETO
2026-09-02 15:03:07.004024+05:30,23864.1,23864.1,23763.62,23864.1,12701.0,0.1482,LOW_TOXICITY,-7.1e-05,1.1893,HOLD,0,0,0.5,0.04,-1,APPROVED
2026-09-02 15:04:00.705064+05:30,23863.3,23863.5,23862.25,23863.3,85218.0,0.1336,LOW_TOXICITY,-0.000116,0.0788,SELL,-1,1,0.5633,0.129,-1,VETO
2026-09-02 15:04:02.325438+05:30,23863.45,23863.45,23762.97,23863.45,12701.0,0.1299,LOW_TOXICITY,-0.000116,1.2211,HOLD,0,0,0.5,0.04,-1,APPROVED
2026-09-02 15:04:02.450267+05:30,24000.0,24000.0,23763.02,24000.0,12701.0,0.0742,LOW_TOXICITY,0.0,1.2903,HOLD,0,0,0.5,0.077,-1,APPROVED
2026-09-02 15:04:03.630936+05:30,23864.1,23864.1,23763.62,23864.1,12701.0,0.1482,LOW_TOXICITY,-0.000115,1.1892,HOLD,0,0,0.5,0.04,-1,APPROVED
2026-09-02 15:04:05.854863+05:30,23863.1,23863.1,23762.62,23863.1,12701.0,0.1215,LOW_TOXICITY,-0.000116,1.1449,HOLD,0,0,0.5,0.04,-1,APPROVED
2026-09-02 15:04:05.915890+05:30,23868.8,23868.8,23768.3,23868.8,12701.0,0.1381,LOW_TOXICITY,-5.9e-05,1.1174,HOLD,0,0,0.5,0.041,-1,APPROVED
2026-09-02 15:05:00.260780+05:30,23860.05,23860.05,23759.58,23860.05,12701.0,0.1482,LOW_TOXICITY,-0.000106,1.1892,HOLD,0,0,0.5,0.039,-1,APPROVED
2026-09-02 15:05:02.684227+05:30,23868.8,23868.8,23768.3,23868.8,12701.0,0.1381,LOW_TOXICITY,-5.9e-05,1.1169,HOLD,0,0,0.5,0.041,-1,APPROVED
2026-09-02 15:05:02.603651+05:30,23860.2,23860.2,23759.73,23860.2,12701.0,0.1215,LOW_TOXICITY,-0.000124,2.1452,HOLD,0,0,0.5,0.039,-1,APPROVED
2026-09-02 15:05:03.079195+05:30,23863.45,23863.45,23762.97,23863.45,12701.0,0.1299,LOW_TOXICITY,-0.000116,1.2212,HOLD,0,0,0.5,0.04,-1,APPROVED
2026-09-02 15:05:03.724896+05:30,23858.6,23922.06,23858.6,23858.6,12701.0,0.0742,LOW_TOXICITY,-0.000111,1.355,HOLD,0,0,0.5,0.033,-1,APPROVED
2026-09-02 15:05:05.081912+05:30,23858.0,23860.5,23857.35,23858.0,305118.0,0.1336,LOW_TOXICITY,-0.000116,0.0821,SELL,-1,1,0.6181,0.12,-1,VETO
2026-09-02 15:06:00.021768+05:30,23859.25,23922.06,23859.25,23859.25,12701.0,0.0742,LOW_TOXICITY,-8.2e-05,1.2904,HOLD,0,0,0.5,0.033,-1,APPROVED
2026-09-02 15:06:01.416867+05:30,23857.65,23859.85,23857.65,23857.65,131368.0,0.1336,LOW_TOXICITY,-8.9e-05,0.0783,SELL,1,1,0.5633,0.12,-1,VETO
2026-09-02 15:06:03.742188+05:30,23859.05,23859.05,23758.59,23859.05,12701.0,0.1299,LOW_TOXICITY,-8.1e-05,1.2213,HOLD,0,0,0.5,0.038,-1,APPROVED
2026-09-02 15:06:04.961370+05:30,23858.5,23858.5,23758.04,23858.5,12701.0,0.1482,LOW_TOXICITY,-8.4e-05,1.1892,HOLD,0,0,0.5,0.038,-1,APPROVED
2026-09-02 15:06:07.313766+05:30,23858.2,23858.2,23757.74,23858.2,12701.0,0.1215,LOW_TOXICITY,-0.00013,2.1462,HOLD,0,0,0.5,0.038,-1,APPROVED
2026-09-02 15:06:07.297816+05:30,23868.8,23868.8,23768.3,23868.8,12701.0,0.1381,LOW_TOXICITY,-5.9e-05,1.1164,HOLD,0,0,0.5,0.041,-1,APPROVED
2026-09-02 15:07:01.722502+05:30,23858.5,23858.5,23758.04,23858.5,12701.0,0.1482,LOW_TOXICITY,-9e-05,1.1892,HOLD,0,0,0.5,0.038,-1,APPROVED
2026-09-02 15:07:01.381801+05:30,23856.9,23922.06,23856.9,23856.9,12701.0,0.0742,LOW_TOXICITY,-9.4e-05,1.2939,HOLD,0,0,0.5,0.032,-1,APPROVED
2026-09-02 15:07:03.953681+05:30,23856.9,23856.9,23756.45,23856.9,12701.0,0.1381,LOW_TOXICITY,-9e-05,1.1161,HOLD,0,0,0.5,0.038,-1,APPROVED
2026-09-02 15:07:03.953655+05:30,23858.2,23858.2,23757.74,23858.2,12701.0,0.1215,LOW_TOXICITY,-9.3e-05,2.1473,HOLD,0,0,0.5,0.038,-1,APPROVED
2026-09-02 15:07:04.497855+05:30,23859.05,23859.05,23758.59,23859.05,12701.0,0.1299,LOW_TOXICITY,-8.1e-05,1.2214,HOLD,0,0,0.5,0.038,-1,APPROVED
2026-09-02 15:07:05.828533+05:30,23857.15,23858.75,23856.3,23857.15,201116.0,0.1336,LOW_TOXICITY,-8.9e-05,0.0756,SELL,-1,1,0.6013,0.119,-1,VETO
2026-09-02 15:08:00.125676+05:30,23856.35,23856.35,23755.9,23856.35,12701.0,0.1299,LOW_TOXICITY,-8.9e-05,1.2214,HOLD,0,0,0.5,0.037,-1,APPROVED
2026-09-02 15:08:00.631592+05:30,23858.2,23858.2,23757.74,23858.2,12701.0,0.1215,LOW_TOXICITY,-8.3e-05,2.1483,HOLD,0,0,0.5,0.038,-1,APPROVED
2026-09-02 15:08:00.631592+05:30,23856.9,23856.9,23756.45,23856.9,12701.0,0.1403,LOW_TOXICITY,-9e-05,1.1156,HOLD,0,0,0.5,0.038,-1,APPROVED
2026-09-02 15:08:02.143658+05:30,23856.25,23856.65,23855.2,23856.25,174524.0,0.1336,LOW_TOXICITY,-9.1e-05,0.0738,SELL,-1,1,0.6013,0.117,-1,VETO
2026-09-02 15:08:02.744956+05:30,24000.0,24000.0,23755.3,24000.0,12701.0,0.0742,LOW_TOXICITY,0.0,1.3586,HOLD,0,0,0.5,0.077,-1,APPROVED
2026-09-02 15:08:06.531028+05:30,23855.5,23855.5,23755.05,23855.5,12701.0,0.1482,LOW_TOXICITY,-8.9e-05,1.1891,HOLD,0,0,0.5,0.037,-1,APPROVED
2026-09-02 15:09:00.844668+05:30,23856.0,23856.0,23755.55,23856.0,12701.0,0.1299,LOW_TOXICITY,-7.6e-05,1.2215,HOLD,0,0,0.5,0.037,-1,APPROVED
2026-09-02 15:09:03.179913+05:30,23853.95,23853.95,23753.51,23853.95,12701.0,0.1522,LOW_TOXICITY,-9.4e-05,1.1891,HOLD,0,0,0.5,0.037,-1,APPROVED
2026-09-02 15:09:04.044544+05:30,23852.4,23922.06,23852.4,23852.4,12701.0,0.0742,LOW_TOXICITY,-8.7e-05,1.3589,HOLD,0,0,0.5,0.031,-1,APPROVED
2026-09-02 15:09:05.273886+05:30,23856.9,23856.9,23756.45,23856.9,12701.0,0.1403,LOW_TOXICITY,-9e-05,1.1151,HOLD,0,0,0.5,0.038,-1,APPROVED
2026-09-02 15:09:05.273883+05:30,23858.2,23858.2,23752.46,23858.2,12701.0,0.1215,LOW_TOXICITY,-7.1e-05,2.1493,HOLD,0,0,0.5,0.038,-1,APPROVED
2026-09-02 15:09:06.504561+05:30,23856.25,23856.85,23851.9,23856.25,535937.0,0.1336,LOW_TOXICITY,-7.6e-05,0.0722,HOLD,0,0,0.5,0.117,-1,APPROVED
2026-09-02 15:10:00.351255+05:30,23861.7,23922.06,23861.7,23861.7,12701.0,0.0742,LOW_TOXICITY,-6.4e-05,1.2943,HOLD,0,0,0.5,0.034,-1,APPROVED
2026-09-02 15:10:01.543297+05:30,23856.0,23856.0,23761.43,23856.0,12701.0,0.1318,LOW_TOXICITY,-7.6e-05,1.2216,HOLD,0,0,0.5,0.037,-1,APPROVED
2026-09-02 15:10:02.022651+05:30,23856.9,23856.9,23756.45,23856.9,12701.0,0.1403,LOW_TOXICITY,-9e-05,1.1146,HOLD,0,0,0.5,0.038,-1,APPROVED
2026-09-02 15:10:02.089092+05:30,23852.9,23852.9,23752.46,23852.9,12701.0,0.1215,LOW_TOXICITY,-8.6e-05,2.1504,HOLD,0,0,0.5,0.036,-1,APPROVED
2026-09-02 15:10:02.807091+05:30,23856.25,23862.45,23856.25,23856.25,282400.0,0.1336,LOW_TOXICITY,-7.9e-05,0.0711,HOLD,0,0,0.5,0.117,-1,APPROVED
2026-09-02 15:10:07.843746+05:30,23863.15,23863.15,23762.67,23863.15,12701.0,0.1522,LOW_TOXICITY,-6.1e-05,1.1891,HOLD,0,0,0.5,0.04,-1,APPROVED
2026-09-02 15:11:02.235224+05:30,23861.9,23861.9,23761.43,23861.9,12701.0,0.1318,LOW_TOXICITY,-2.7e-05,1.2216,HOLD,0,0,0.5,0.039,-1,APPROVED
2026-09-02 15:11:01.651397+05:30,23874.0,23922.06,23874.0,23874.0,12701.0,0.0742,LOW_TOXICITY,-0.000351,1.2946,SELL,1,1,0.6611,0.037,-1,VETO
2026-09-02 15:11:04.464172+05:30,23874.2,23874.2,23773.67,23874.2,12701.0,0.1522,LOW_TOXICITY,8e-06,1.1891,HOLD,0,0,0.5,0.043,-1,APPROVED
2026-09-02 15:11:06.666571+05:30,23852.9,23852.9,23752.46,23852.9,12701.0,0.1176,LOW_TOXICITY,-8.6e-05,2.1514,HOLD,0,0,0.5,0.036,-1,APPROVED
2026-09-02 15:11:06.634636+05:30,23875.4,23875.4,23774.87,23875.4,12701.0,0.1403,LOW_TOXICITY,1e-05,1.2775,HOLD,0,0,0.5,0.044,-1,APPROVED
2026-09-02 15:11:07.137088+05:30,23856.25,23875.75,23856.25,23856.25,292860.0,0.1268,LOW_TOXICITY,-4.5e-05,0.0704,HOLD,0,0,0.5,0.117,-1,APPROVED
2026-09-02 15:12:01.039333+05:30,23874.95,23874.95,23774.42,23874.95,12701.0,0.1522,LOW_TOXICITY,1e-05,1.2252,HOLD,0,0,0.5,0.043,-1,APPROVED
2026-09-02 15:12:02.939127+05:30,23874.35,23874.35,23773.82,23874.35,12701.0,0.1318,LOW_TOXICITY,8e-06,1.2217,HOLD,0,0,0.5,0.043,-1,APPROVED
2026-09-02 15:12:03.441145+05:30,23856.25,23875.9,23856.25,23856.25,196814.0,0.1268,LOW_TOXICITY,-4.5e-05,0.0698,HOLD,0,0,0.5,0.117,-1,APPROVED
2026-09-02 15:12:03.272221+05:30,23852.9,23852.9,23752.46,23852.9,12701.0,0.1176,LOW_TOXICITY,-8.6e-05,2.1524,HOLD,0,0,0.5,0.036,-1,APPROVED
2026-09-02 15:12:03.303113+05:30,23875.4,23875.4,23774.87,23875.4,12701.0,0.1403,LOW_TOXICITY,1.7e-05,1.2776,HOLD,0,0,0.5,0.044,-1,APPROVED
2026-09-02 15:12:02.939127+05:30,24000.0,24000.0,23773.57,24000.0,12701.0,0.0739,LOW_TOXICITY,0.000359,1.3445,BUY,1,-1,0.5718,0.077,-1,VETO
2026-09-02 15:13:00.000170+05:30,23874.45,23874.45,23773.92,23874.45,12701.0,0.1176,LOW_TOXICITY,-2.6e-05,2.1535,HOLD,0,0,0.5,0.043,-1,APPROVED
2026-09-02 15:13:00.000171+05:30,23875.4,23875.4,23774.87,23875.4,12701.0,0.1403,LOW_TOXICITY,1.6e-05,1.2778,HOLD,0,0,0.5,0.044,-1,APPROVED
2026-09-02 15:13:03.638494+05:30,23876.45,23876.45,23775.91,23876.45,12701.0,0.1318,LOW_TOXICITY,2.1e-05,1.2218,HOLD,0,0,0.5,0.044,-1,APPROVED
2026-09-02 15:13:04.331963+05:30,24000.0,24000.0,23776.76,24000.0,12701.0,0.0739,LOW_TOXICITY,0.000365,1.2939,BUY,1,1,0.561,0.077,-1,APPROVED
2026-09-02 15:13:05.745369+05:30,23874.95,23874.95,23774.42,23874.95,12701.0,0.1522,LOW_TOXICITY,1.6e-05,1.2252,HOLD,0,0,0.5,0.043,-1,APPROVED
2026-09-02 15:13:07.769264+05:30,23877.0,23878.25,23874.45,23877.0,302525.0,0.1268,LOW_TOXICITY,2.2e-05,0.1375,HOLD,0,0,0.5,0.152,-1,APPROVED
2026-09-02 15:14:01.248470+05:30,23878.3,23922.06,23878.3,23878.3,12701.0,0.0739,LOW_TOXICITY,1.2e-05,1.3381,HOLD,0,0,0.5,0.039,-1,APPROVED
2026-09-02 15:14:02.418135+05:30,23874.95,23874.95,23776.21,23874.95,12701.0,0.1522,LOW_TOXICITY,1.6e-05,1.2252,HOLD,0,0,0.5,0.043,-1,APPROVED
2026-09-02 15:14:04.185115+05:30,23876.45,23880.5,23875.65,23876.45,247394.0,0.1268,LOW_TOXICITY,8e-06,0.1225,HOLD,0,0,0.5,0.151,-1,APPROVED
2026-09-02 15:14:04.424960+05:30,23876.45,23876.45,23775.91,23876.45,12701.0,0.1318,LOW_TOXICITY,1e-05,1.3635,HOLD,0,0,0.5,0.044,-1,APPROVED
2026-09-02 15:14:04.702571+05:30,23875.4,23875.4,23774.87,23875.4,12701.0,0.1403,LOW_TOXICITY,1.6e-05,1.2779,HOLD,0,0,0.5,0.044,-1,APPROVED
2026-09-02 15:15:00.106683+05:30,23882.85,23882.85,23782.29,23882.85,12701.0,0.1318,LOW_TOXICITY,3.2e-05,1.3638,HOLD,0,0,0.5,0.046,-1,APPROVED
2026-09-02 15:15:00.587292+05:30,23876.45,23882.85,23876.45,23876.45,111.0,0.1268,LOW_TOXICITY,9e-06,0.1096,HOLD,0,0,0.5,0.151,-1,APPROVED
2026-09-02 15:15:01.324352+05:30,23874.45,23874.45,23773.92,23874.45,12701.0,0.1176,LOW_TOXICITY,-0.0,1.2876,HOLD,0,0,0.5,0.043,-1,APPROVED
2026-09-02 15:15:01.324327+05:30,23882.85,23882.85,23782.29,23882.85,12701.0,0.1403,LOW_TOXICITY,3.7e-05,1.2781,HOLD,0,0,0.5,0.046,-1,APPROVED
2026-09-02 15:15:02.530993+05:30,23882.85,23922.06,23882.85,23882.85,12701.0,0.0739,LOW_TOXICITY,3.2e-05,1.2941,HOLD,0,0,0.5,0.04,-1,APPROVED
2026-09-02 15:15:07.061771+05:30,23882.85,23882.85,23782.29,23882.85,12701.0,0.1522,LOW_TOXICITY,3.6e-05,1.2252,HOLD,0,0,0.5,0.046,-1,APPROVED
2026-09-02 15:16:00.861354+05:30,23882.85,23882.85,23782.29,23882.85,12701.0,0.1318,LOW_TOXICITY,3.2e-05,1.3641,HOLD,0,0,0.5,0.046,-1,APPROVED
2026-09-02 15:16:03.692342+05:30,23882.85,23882.85,23782.29,23882.85,12701.0,0.1522,LOW_TOXICITY,4.1e-05,1.2252,HOLD,0,0,0.5,0.046,-1,APPROVED
2026-09-02 15:16:03.837264+05:30,24000.0,24000.0,23782.29,24000.0,12701.0,0.0739,LOW_TOXICITY,0.000369,1.3378,BUY,1,-1,0.5718,0.077,-1,VETO
2026-09-02 15:16:04.919393+05:30,23876.45,23882.85,23876.45,23876.45,0.0,0.1268,LOW_TOXICITY,2.3e-05,0.0995,HOLD,0,0,0.5,0.151,-1,APPROVED
2026-09-02 15:16:06.010298+05:30,23882.85,23882.85,23782.29,23882.85,12701.0,0.1176,LOW_TOXICITY,4e-05,1.2877,HOLD,0,0,0.5,0.046,-1,APPROVED
2026-09-02 15:16:06.074504+05:30,23882.85,23882.85,23782.29,23882.85,12701.0,0.1403,LOW_TOXICITY,3.9e-05,1.2782,HOLD,0,0,0.5,0.046,-1,APPROVED
2026-09-02 15:17:00.471459+05:30,23882.85,23882.85,23782.29,23882.85,12701.0,0.1522,LOW_TOXICITY,4.1e-05,1.2252,HOLD,0,0,0.5,0.046,-1,APPROVED
2026-09-02 15:17:00.184650+05:30,24000.0,24000.0,23898.94,24000.0,12701.0,0.0739,LOW_TOXICITY,-0.0,1.2994,HOLD,0,0,0.5,0.077,-1,APPROVED
2026-09-02 15:17:01.222813+05:30,23876.45,23882.85,23876.45,23876.45,0.0,0.1268,LOW_TOXICITY,3.8e-05,0.0918,HOLD,0,0,0.5,0.151,-1,APPROVED
2026-09-02 15:17:01.567316+05:30,23882.85,23882.85,23782.29,23882.85,12701.0,0.1318,LOW_TOXICITY,3.2e-05,1.3644,HOLD,0,0,0.5,0.046,-1,APPROVED
2026-09-02 15:17:02.627791+05:30,23882.85,23882.85,23782.29,23882.85,12701.0,0.1176,LOW_TOXICITY,5.6e-05,1.2878,HOLD,0,0,0.5,0.046,-1,APPROVED
2026-09-02 15:17:02.660390+05:30,23882.85,23882.85,23782.29,23882.85,12701.0,0.1354,LOW_TOXICITY,3.9e-05,1.2783,HOLD,0,0,0.5,0.046,-1,APPROVED
2026-09-02 15:18:01.522648+05:30,23882.85,23922.06,23882.85,23882.85,12701.0,0.0739,LOW_TOXICITY,-0.000326,1.3374,SELL,1,1,0.7711,0.04,-1,VETO
2026-09-02 15:18:02.360264+05:30,23882.85,23882.85,23782.29,23882.85,12701.0,0.1318,LOW_TOXICITY,5.5e-05,1.3647,HOLD,0,0,0.5,0.046,-1,APPROVED
2026-09-02 15:18:05.162233+05:30,23882.85,23882.85,23782.29,23882.85,12701.0,0.149,LOW_TOXICITY,5.2e-05,1.2252,HOLD,0,0,0.5,0.046,-1,APPROVED
2026-09-02 15:18:05.528793+05:30,23876.45,23882.85,23876.45,23876.45,0.0,0.1268,LOW_TOXICITY,3.2e-05,0.0861,HOLD,0,0,0.5,0.151,-1,APPROVED
2026-09-02 15:18:07.281564+05:30,23882.85,23882.85,23782.29,23882.85,12701.0,0.1176,LOW_TOXICITY,5.1e-05,1.288,HOLD,0,0,0.5,0.046,-1,APPROVED
2026-09-02 15:18:07.344408+05:30,23882.85,23882.85,23782.29,23882.85,12701.0,0.1354,LOW_TOXICITY,3.9e-05,1.2785,HOLD,0,0,0.5,0.046,-1,APPROVED
2026-09-02 15:19:01.831090+05:30,23876.45,23882.85,23876.45,23876.45,0.0,0.1268,LOW_TOXICITY,3.7e-05,0.0818,HOLD,0,0,0.5,0.151,-1,APPROVED
2026-09-02 15:19:01.800561+05:30,23882.85,23882.85,23782.29,23882.85,12701.0,0.149,LOW_TOXICITY,5.2e-05,1.2252,HOLD,0,0,0.5,0.046,-1,APPROVED
2026-09-02 15:19:03.018344+05:30,23882.85,23882.85,23782.29,23882.85,12701.0,0.1365,LOW_TOXICITY,5.4e-05,1.365,HOLD,0,0,0.5,0.046,-1,APPROVED
2026-09-02 15:19:02.812995+05:30,24000.0,24000.0,23898.94,24000.0,12701.0,0.0739,LOW_TOXICITY,-0.0,1.34,HOLD,0,0,0.5,0.077,-1,APPROVED
2026-09-02 15:19:03.926942+05:30,23882.85,23882.85,23782.29,23882.85,12701.0,0.1354,LOW_TOXICITY,3.9e-05,1.2786,HOLD,0,0,0.5,0.046,-1,APPROVED
2026-09-02 15:19:03.887798+05:30,23882.85,23882.85,23782.29,23882.85,12701.0,0.1176,LOW_TOXICITY,5.5e-05,1.2881,HOLD,0,0,0.5,0.046,-1,APPROVED
2026-09-02 15:20:00.569972+05:30,23882.85,23882.85,23782.29,23882.85,12701.0,0.1176,LOW_TOXICITY,6.3e-05,1.2882,HOLD,0,0,0.5,0.046,-1,APPROVED
2026-09-02 15:20:00.471892+05:30,23882.85,23882.85,23782.29,23882.85,12701.0,0.1354,LOW_TOXICITY,3.9e-05,1.2788,HOLD,0,0,0.5,0.046,-1,APPROVED
2026-09-02 15:20:03.695648+05:30,23882.85,23882.85,23782.29,23882.85,12701.0,0.1365,LOW_TOXICITY,5.4e-05,1.3653,HOLD,0,0,0.5,0.046,-1,APPROVED
2026-09-02 15:20:04.110268+05:30,24000.0,24000.0,23782.29,24000.0,12701.0,0.0739,LOW_TOXICITY,0.000394,1.2994,BUY,1,1,0.51,0.077,-1,APPROVED
2026-09-02 15:20:06.169044+05:30,23882.85,23882.85,23882.85,23882.85,0.0,0.1268,LOW_TOXICITY,6.9e-05,0.0866,HOLD,0,0,0.5,0.162,-1,APPROVED
2026-09-02 15:20:06.475014+05:30,23882.85,23882.85,23782.29,23882.85,12701.0,0.149,LOW_TOXICITY,6.4e-05,1.2252,HOLD,0,0,0.5,0.046,-1,APPROVED
2026-09-02 15:21:00.964719+05:30,23882.85,23922.06,23882.85,23882.85,12701.0,0.0739,LOW_TOXICITY,6.6e-05,1.3374,HOLD,0,0,0.5,0.04,-1,APPROVED
2026-09-02 15:21:02.480756+05:30,23882.85,23882.85,23882.85,23882.85,0.0,0.1268,LOW_TOXICITY,7e-05,0.0822,HOLD,0,0,0.5,0.162,-1,APPROVED
2026-09-02 15:21:03.048717+05:30,23882.85,23882.85,23782.29,23882.85,12701.0,0.149,LOW_TOXICITY,6.8e-05,1.2252,HOLD,0,0,0.5,0.046,-1,APPROVED
2026-09-02 15:21:04.353205+05:30,23882.85,23882.85,23782.29,23882.85,12701.0,0.1365,LOW_TOXICITY,6.6e-05,1.3656,HOLD,0,0,0.5,0.046,-1,APPROVED
2026-09-02 15:21:05.270746+05:30,23882.85,23882.85,23782.29,23882.85,12701.0,0.1198,LOW_TOXICITY,6.9e-05,1.2883,HOLD,0,0,0.5,0.046,-1,APPROVED
2026-09-02 15:21:05.286749+05:30,23882.85,23882.85,23782.29,23882.85,12701.0,0.1354,LOW_TOXICITY,3.9e-05,1.3788,HOLD,0,0,0.5,0.046,-1,APPROVED
2026-09-02 15:22:01.997691+05:30,23882.85,23882.85,23782.29,23882.85,12701.0,0.1354,LOW_TOXICITY,7.2e-05,1.3792,HOLD,0,0,0.5,0.046,-1,APPROVED
2026-09-02 15:22:02.351444+05:30,24000.0,24000.0,23782.29,24000.0,12701.0,0.0733,LOW_TOXICITY,0.000399,1.34,BUY,1,-1,0.5299,0.077,-1,APPROVED
2026-09-02 15:22:04.994603+05:30,23882.85,23882.85,23782.29,23882.85,12701.0,0.1365,LOW_TOXICITY,6.6e-05,1.3659,HOLD,0,0,0.5,0.046,-1,APPROVED
2026-09-02 15:22:06.857576+05:30,23882.85,23882.85,23882.85,23882.85,0.0,0.1268,LOW_TOXICITY,7.2e-05,0.079,HOLD,0,0,0.5,0.162,-1,APPROVED
2026-09-02 15:22:07.739483+05:30,23882.85,23882.85,23782.29,23882.85,12701.0,0.149,LOW_TOXICITY,6.8e-05,1.3385,HOLD,0,0,0.5,0.046,-1,APPROVED
2026-09-02 15:23:00.751162+05:30,23882.85,23882.85,23782.29,23882.85,12701.0,0.1365,LOW_TOXICITY,7.4e-05,1.3662,HOLD,0,0,0.5,0.046,-1,APPROVED
2026-09-02 15:23:03.209532+05:30,23882.85,23882.85,23882.85,23882.85,0.0,0.1268,LOW_TOXICITY,7.4e-05,0.0766,HOLD,0,0,0.5,0.162,-1,APPROVED
2026-09-02 15:23:04.432274+05:30,23882.85,23882.85,23782.29,23882.85,12701.0,0.149,LOW_TOXICITY,7.6e-05,1.3386,HOLD,0,0,0.5,0.046,-1,APPROVED
2026-09-02 15:23:04.274294+05:30,24000.0,24000.0,23898.94,24000.0,12701.0,0.0733,LOW_TOXICITY,-0.0,1.2994,HOLD,0,0,0.5,0.077,-1,APPROVED
2026-09-02 15:23:06.649323+05:30,23882.85,23882.85,23782.29,23882.85,12701.0,0.1198,LOW_TOXICITY,6.9e-05,1.2886,HOLD,0,0,0.5,0.046,-1,APPROVED
2026-09-02 15:23:06.649399+05:30,23882.85,23882.85,23782.29,23882.85,12701.0,0.1354,LOW_TOXICITY,7.2e-05,1.3795,HOLD,0,0,0.5,0.046,-1,APPROVED
2026-09-02 15:24:01.039408+05:30,23882.85,23882.85,23782.29,23882.85,12701.0,0.149,LOW_TOXICITY,8.1e-05,1.3387,HOLD,0,0,0.5,0.046,-1,APPROVED
2026-09-02 15:24:00.688121+05:30,23882.85,23922.06,23882.85,23882.85,12701.0,0.0733,LOW_TOXICITY,8.5e-05,1.3374,HOLD,0,0,0.5,0.04,-1,APPROVED
2026-09-02 15:24:01.403999+05:30,23882.85,23882.85,23782.29,23882.85,12701.0,0.1365,LOW_TOXICITY,7.5e-05,1.1362,HOLD,0,0,0.5,0.046,-1,APPROVED
2026-09-02 15:24:03.308344+05:30,23882.85,23882.85,23782.29,23882.85,12701.0,0.1198,LOW_TOXICITY,6.9e-05,1.2887,HOLD,0,0,0.5,0.046,-1,APPROVED
2026-09-02 15:24:03.409586+05:30,23882.85,23882.85,23782.29,23882.85,12701.0,0.1354,LOW_TOXICITY,7.2e-05,1.3799,HOLD,0,0,0.5,0.046,-1,APPROVED
2026-09-02 15:24:07.536616+05:30,23882.85,23882.85,23882.85,23882.85,0.0,0.1268,LOW_TOXICITY,7.4e-05,0.0744,HOLD,0,0,0.5,0.162,-1,APPROVED
2026-09-02 15:25:00.323201+05:30,23882.85,23882.85,23782.29,23882.85,12701.0,0.1354,LOW_TOXICITY,7.2e-05,1.3802,HOLD,0,0,0.5,0.046,-1,APPROVED
2026-09-02 15:25:02.066051+05:30,23882.85,23882.85,23782.29,23882.85,12701.0,0.1365,LOW_TOXICITY,7.5e-05,1.1362,HOLD,0,0,0.5,0.046,-1,APPROVED
2026-09-02 15:25:02.017932+05:30,24000.0,24000.0,23898.94,24000.0,12701.0,0.0733,LOW_TOXICITY,0.000385,1.34,BUY,1,-1,0.5299,0.077,-1,APPROVED
2026-09-02 15:25:03.882496+05:30,23882.85,23882.85,23882.85,23882.85,0.0,0.1268,LOW_TOXICITY,7.4e-05,0.0731,HOLD,0,0,0.5,0.162,-1,APPROVED
2026-09-02 15:25:05.616704+05:30,23882.85,23882.85,23782.29,23882.85,12701.0,0.149,LOW_TOXICITY,5.5e-05,1.3389,HOLD,0,0,0.5,0.046,-1,APPROVED
2026-09-02 15:25:07.984752+05:30,23882.85,23882.85,23782.29,23882.85,12701.0,0.1198,LOW_TOXICITY,8.4e-05,1.1689,HOLD,0,0,0.5,0.046,-1,APPROVED
2026-09-02 15:26:00.205262+05:30,23882.85,23882.85,23882.85,23882.85,0.0,0.1268,LOW_TOXICITY,7.4e-05,0.0723,HOLD,0,0,0.5,0.162,-1,APPROVED
2026-09-02 15:26:02.240165+05:30,23882.85,23882.85,23782.29,23882.85,12701.0,0.149,LOW_TOXICITY,2.4e-05,1.339,HOLD,0,0,0.5,0.046,-1,APPROVED
2026-09-02 15:26:02.769495+05:30,23882.85,23882.85,23782.29,23882.85,12701.0,0.1365,LOW_TOXICITY,5.9e-05,1.1362,HOLD,0,0,0.5,0.046,-1,APPROVED
2026-09-02 15:26:03.909441+05:30,23882.85,23922.06,23882.85,23882.85,12701.0,0.0733,LOW_TOXICITY,2.5e-05,1.3374,HOLD,0,0,0.5,0.04,-1,APPROVED
2026-09-02 15:26:04.661377+05:30,23882.85,23882.85,23782.29,23882.85,12701.0,0.1198,LOW_TOXICITY,8.4e-05,1.1689,HOLD,0,0,0.5,0.046,-1,APPROVED
2026-09-02 15:26:04.998222+05:30,23882.85,23882.85,23782.29,23882.85,12701.0,0.1354,LOW_TOXICITY,2.1e-05,1.3806,HOLD,0,0,0.5,0.046,-1,APPROVED
2026-09-02 15:27:00.176082+05:30,23882.85,23922.06,23882.85,23882.85,12701.0,0.0733,LOW_TOXICITY,-0.000326,1.303,SELL,1,1,0.816,0.04,-1,VETO
2026-09-02 15:27:01.270662+05:30,23882.85,23882.85,23782.29,23882.85,12701.0,0.1198,LOW_TOXICITY,8.4e-05,1.1689,HOLD,0,0,0.5,0.046,-1,APPROVED
2026-09-02 15:27:01.618457+05:30,23882.85,23882.85,23782.29,23882.85,12701.0,0.1338,LOW_TOXICITY,2.1e-05,1.3809,HOLD,0,0,0.5,0.046,-1,APPROVED
2026-09-02 15:27:03.375079+05:30,23882.85,23882.85,23782.29,23882.85,12701.0,0.1365,LOW_TOXICITY,2.4e-05,1.1362,HOLD,0,0,0.5,0.046,-1,APPROVED
2026-09-02 15:27:04.539714+05:30,23882.85,23882.85,23882.85,23882.85,0.0,0.1268,LOW_TOXICITY,7.4e-05,0.0717,HOLD,0,0,0.5,0.162,-1,APPROVED
2026-09-02 15:27:06.957605+05:30,23882.85,23882.85,23782.29,23882.85,12701.0,0.149,LOW_TOXICITY,2.2e-05,1.3391,HOLD,0,0,0.5,0.046,-1,APPROVED
2026-09-02 15:28:01.125180+05:30,23882.85,23882.85,23882.85,23882.85,0.0,0.1268,LOW_TOXICITY,1.6e-05,0.0712,HOLD,0,0,0.5,0.162,-1,APPROVED
2026-09-02 15:28:01.525841+05:30,24000.0,24000.0,23782.29,24000.0,12701.0,0.0733,LOW_TOXICITY,-0.0,1.3427,HOLD,0,0,0.5,0.077,-1,APPROVED
2026-09-02 15:28:03.545827+05:30,23882.85,23882.85,23782.29,23882.85,12701.0,0.1473,LOW_TOXICITY,2.2e-05,1.3393,HOLD,0,0,0.5,0.046,-1,APPROVED
2026-09-02 15:28:04.045817+05:30,23882.85,23882.85,23782.29,23882.85,12701.0,0.1365,LOW_TOXICITY,1.8e-05,1.1362,HOLD,0,0,0.5,0.046,-1,APPROVED
2026-09-02 15:28:05.927423+05:30,23882.85,23882.85,23782.29,23882.85,12701.0,0.1198,LOW_TOXICITY,2.3e-05,1.1689,HOLD,0,0,0.5,0.046,-1,APPROVED
2026-09-02 15:28:06.445213+05:30,23882.85,23882.85,23782.29,23882.85,12701.0,0.1338,LOW_TOXICITY,2.1e-05,1.3813,HOLD,0,0,0.5,0.046,-1,APPROVED
2026-09-02 15:29:00.149240+05:30,23882.85,23882.85,23782.29,23882.85,12701.0,0.1473,LOW_TOXICITY,2.2e-05,1.3394,HOLD,0,0,0.5,0.046,-1,APPROVED
2026-09-02 15:29:02.562666+05:30,23882.85,23882.85,23782.29,23882.85,12701.0,0.1198,LOW_TOXICITY,2.3e-05,1.1689,HOLD,0,0,0.5,0.046,-1,APPROVED
2026-09-02 15:29:03.076572+05:30,23882.85,23882.85,23782.29,23882.85,12701.0,0.1338,LOW_TOXICITY,2.1e-05,1.3816,HOLD,0,0,0.5,0.046,-1,APPROVED
2026-09-02 15:29:02.852202+05:30,24000.0,24000.0,23782.29,24000.0,12701.0,0.0733,LOW_TOXICITY,0.000339,1.303,BUY,1,1,0.5235,0.077,-1,APPROVED
2026-09-02 15:29:04.773809+05:30,23882.85,23882.85,23782.29,23882.85,12701.0,0.135,LOW_TOXICITY,1.8e-05,1.1362,HOLD,0,0,0.5,0.046,-1,APPROVED
2026-09-02 15:29:05.639057+05:30,23882.85,23882.85,23882.85,23882.85,0.0,0.1268,LOW_TOXICITY,1.8e-05,0.0709,HOLD,0,0,0.5,0.162,-1,APPROVED
